VisitID,SubjectID,VisitName,PlannedDate,ActualDate,VisitStatus,WindowStatus
V00001,SUB-0001,Screening,2025-06-25,2025-06-26,Completed,In Window
V00002,SUB-0001,Baseline,2025-07-09,2025-07-09,Completed,In Window
V00003,SUB-0001,Week 2,2025-07-23,2025-07-26,Completed,In Window
V00004,SUB-0001,Week 4,2025-08-06,,Overdue,
V00005,SUB-0001,Week 8,2025-09-03,2025-09-06,Completed,In Window
V00006,SUB-0001,Week 12,2025-10-01,2025-09-29,Completed,In Window
V00007,SUB-0001,Week 24,2025-12-24,,Missed,
V00008,SUB-0002,Screening,2025-04-18,,Missed,
V00009,SUB-0002,Baseline,2025-05-02,2025-05-03,Completed,In Window
V00010,SUB-0002,Week 2,2025-05-16,2025-05-17,Completed,In Window
V00011,SUB-0002,Week 4,2025-05-30,2025-05-28,Completed,In Window
V00012,SUB-0002,Week 8,2025-06-27,2025-06-27,Completed,In Window
V00013,SUB-0002,Week 12,2025-07-25,2025-07-27,Completed,In Window
V00014,SUB-0002,Week 24,2025-10-17,,Overdue,
V00015,SUB-0003,Screening,2025-05-22,2025-05-20,Completed,In Window
V00016,SUB-0003,Baseline,2025-06-05,,Overdue,
V00017,SUB-0003,Week 2,2025-06-19,,Overdue,
V00018,SUB-0003,Week 4,2025-07-03,2025-07-02,Completed,In Window
V00019,SUB-0003,Week 8,2025-07-31,2025-08-03,Completed,In Window
V00020,SUB-0003,Week 12,2025-08-28,2025-08-28,Completed,In Window
V00021,SUB-0003,Week 24,2025-11-20,2025-11-21,Completed,In Window
V00022,SUB-0004,Screening,2025-03-12,2025-03-11,Completed,In Window
V00023,SUB-0005,Screening,2025-03-28,2025-03-31,Completed,In Window
V00024,SUB-0005,Baseline,2025-04-11,2025-04-13,Completed,In Window
V00025,SUB-0005,Week 2,2025-04-25,2025-04-27,Completed,In Window
V00026,SUB-0005,Week 4,2025-05-09,,Missed,
V00027,SUB-0005,Week 8,2025-06-06,2025-06-07,Completed,In Window
V00028,SUB-0005,Week 12,2025-07-04,2025-07-07,Completed,In Window
V00029,SUB-0005,Week 24,2025-09-26,2025-09-28,Completed,In Window
V00030,SUB-0006,Screening,2026-01-25,,Missed,
V00031,SUB-0006,Baseline,2026-02-08,2026-02-09,Completed,In Window
V00032,SUB-0006,Week 2,2026-02-22,2026-02-20,Completed,In Window
V00033,SUB-0006,Week 4,2026-03-08,2026-03-10,Completed,In Window
V00034,SUB-0006,Week 8,2026-04-05,,Overdue,
V00035,SUB-0006,Week 12,2026-05-03,2026-05-01,Completed,In Window
V00036,SUB-0006,Week 24,2026-07-26,2026-07-28,Completed,In Window
V00037,SUB-0007,Screening,2025-06-27,2025-06-25,Completed,In Window
V00038,SUB-0007,Baseline,2025-07-11,2025-07-10,Completed,In Window
V00039,SUB-0007,Week 2,2025-07-25,2025-07-27,Completed,In Window
V00040,SUB-0007,Week 4,2025-08-08,2025-08-09,Completed,In Window
V00041,SUB-0007,Week 8,2025-09-05,2025-09-07,Completed,In Window
V00042,SUB-0007,Week 12,2025-10-03,2025-10-01,Completed,In Window
V00043,SUB-0007,Week 24,2025-12-26,2025-12-26,Completed,In Window
V00044,SUB-0008,Screening,2025-02-16,2025-02-17,Completed,In Window
V00045,SUB-0008,Baseline,2025-03-02,2025-03-01,Completed,In Window
V00046,SUB-0008,Week 2,2025-03-16,2025-03-14,Completed,In Window
V00047,SUB-0008,Week 4,2025-03-30,2025-04-01,Completed,In Window
V00048,SUB-0008,Week 8,2025-04-27,2025-04-26,Completed,In Window
V00049,SUB-0008,Week 12,2025-05-25,,Overdue,
V00050,SUB-0008,Week 24,2025-08-17,,Missed,
V00051,SUB-0009,Screening,2026-06-12,2026-06-15,Completed,In Window
V00052,SUB-0009,Baseline,2026-06-26,,Missed,
V00053,SUB-0009,Week 2,2026-07-10,2026-07-09,Completed,In Window
V00054,SUB-0009,Week 4,2026-07-24,2026-07-27,Completed,In Window
V00055,SUB-0009,Week 8,2026-08-21,2026-08-23,Completed,In Window
V00056,SUB-0009,Week 12,2026-09-18,2026-09-18,Completed,In Window
V00057,SUB-0009,Week 24,2026-12-11,,Scheduled,
V00058,SUB-0010,Screening,2026-03-29,2026-03-28,Completed,In Window
V00059,SUB-0010,Baseline,2026-04-12,2026-04-11,Completed,In Window
V00060,SUB-0010,Week 2,2026-04-26,2026-04-24,Completed,In Window
V00061,SUB-0010,Week 4,2026-05-10,2026-05-13,Completed,In Window
V00062,SUB-0010,Week 8,2026-06-07,2026-06-10,Completed,In Window
V00063,SUB-0010,Week 12,2026-07-05,2026-07-05,Completed,In Window
V00064,SUB-0010,Week 24,2026-09-27,2026-09-28,Completed,In Window
V00065,SUB-0011,Screening,2025-04-09,,Missed,
V00066,SUB-0011,Baseline,2025-04-23,2025-04-25,Completed,In Window
V00067,SUB-0011,Week 2,2025-05-07,2025-05-07,Completed,In Window
V00068,SUB-0011,Week 4,2025-05-21,2025-05-22,Completed,In Window
V00069,SUB-0011,Week 8,2025-06-18,2025-06-18,Completed,In Window
V00070,SUB-0011,Week 12,2025-07-16,2025-07-19,Completed,In Window
V00071,SUB-0011,Week 24,2025-10-08,2025-10-08,Completed,In Window
V00072,SUB-0012,Screening,2026-02-15,2026-02-16,Completed,In Window
V00073,SUB-0012,Baseline,2026-03-01,2026-03-02,Completed,In Window
V00074,SUB-0012,Week 2,2026-03-15,,Missed,
V00075,SUB-0012,Week 4,2026-03-29,2026-03-28,Completed,In Window
V00076,SUB-0012,Week 8,2026-04-26,,Overdue,
V00077,SUB-0012,Week 12,2026-05-24,,Overdue,
V00078,SUB-0012,Week 24,2026-08-16,2026-08-18,Completed,In Window
V00079,SUB-0013,Screening,2025-10-13,2025-10-13,Completed,In Window
V00080,SUB-0013,Baseline,2025-10-27,,Missed,
V00081,SUB-0013,Week 2,2025-11-10,2025-11-12,Completed,In Window
V00082,SUB-0013,Week 4,2025-11-24,2025-11-25,Completed,In Window
V00083,SUB-0013,Week 8,2025-12-22,2025-12-20,Completed,In Window
V00084,SUB-0013,Week 12,2026-01-19,2026-01-22,Completed,In Window
V00085,SUB-0013,Week 24,2026-04-13,2026-04-14,Completed,In Window
V00086,SUB-0014,Screening,2025-01-14,2025-01-17,Completed,In Window
V00087,SUB-0014,Baseline,2025-01-28,2025-01-27,Completed,In Window
V00088,SUB-0014,Week 2,2025-02-11,2025-02-14,Completed,In Window
V00089,SUB-0014,Week 4,2025-02-25,2025-02-24,Completed,In Window
V00090,SUB-0014,Week 8,2025-03-25,2025-03-23,Completed,In Window
V00091,SUB-0014,Week 12,2025-04-22,2025-04-22,Completed,In Window
V00092,SUB-0014,Week 24,2025-07-15,2025-07-15,Completed,In Window
V00093,SUB-0015,Screening,2025-07-22,2025-07-25,Completed,In Window
V00094,SUB-0016,Screening,2025-12-03,2025-12-04,Completed,In Window
V00095,SUB-0016,Baseline,2025-12-17,2025-12-19,Completed,In Window
V00096,SUB-0016,Week 2,2025-12-31,2025-12-29,Completed,In Window
V00097,SUB-0016,Week 4,2026-01-14,2026-01-13,Completed,In Window
V00098,SUB-0016,Week 8,2026-02-11,2026-02-12,Completed,In Window
V00099,SUB-0016,Week 12,2026-03-11,2026-03-14,Completed,In Window
V00100,SUB-0016,Week 24,2026-06-03,2026-06-02,Completed,In Window
V00101,SUB-0017,Screening,2025-02-28,2025-02-26,Completed,In Window
V00102,SUB-0018,Screening,2026-06-01,2026-05-31,Completed,In Window
V00103,SUB-0018,Baseline,2026-06-15,,Missed,
V00104,SUB-0018,Week 2,2026-06-29,2026-06-27,Completed,In Window
V00105,SUB-0018,Week 4,2026-07-13,2026-07-11,Completed,In Window
V00106,SUB-0018,Week 8,2026-08-10,2026-08-10,Completed,In Window
V00107,SUB-0018,Week 12,2026-09-07,2026-09-05,Completed,In Window
V00108,SUB-0018,Week 24,2026-11-30,,Scheduled,
V00109,SUB-0019,Screening,2025-10-14,2025-10-15,Completed,In Window
V00110,SUB-0019,Baseline,2025-10-28,2025-10-31,Completed,In Window
V00111,SUB-0019,Week 2,2025-11-11,2025-11-10,Completed,In Window
V00112,SUB-0019,Week 4,2025-11-25,2025-11-24,Completed,In Window
V00113,SUB-0019,Week 8,2025-12-23,2025-12-23,Completed,In Window
V00114,SUB-0019,Week 12,2026-01-20,2026-01-23,Completed,In Window
V00115,SUB-0019,Week 24,2026-04-14,2026-04-15,Completed,In Window
V00116,SUB-0020,Screening,2026-02-26,2026-02-27,Completed,In Window
V00117,SUB-0020,Baseline,2026-03-12,2026-03-14,Completed,In Window
V00118,SUB-0020,Week 2,2026-03-26,2026-03-26,Completed,In Window
V00119,SUB-0020,Week 4,2026-04-09,2026-04-10,Completed,In Window
V00120,SUB-0020,Week 8,2026-05-07,2026-05-07,Completed,In Window
V00121,SUB-0020,Week 12,2026-06-04,2026-06-06,Completed,In Window
V00122,SUB-0020,Week 24,2026-08-27,2026-08-30,Completed,In Window
V00123,SUB-0021,Screening,2025-09-10,2025-09-08,Completed,In Window
V00124,SUB-0022,Screening,2025-08-26,,Overdue,
V00125,SUB-0022,Baseline,2025-09-09,2025-09-11,Completed,In Window
V00126,SUB-0022,Week 2,2025-09-23,2025-09-25,Completed,In Window
V00127,SUB-0022,Week 4,2025-10-07,2025-10-08,Completed,In Window
V00128,SUB-0022,Week 8,2025-11-04,2025-11-03,Completed,In Window
V00129,SUB-0022,Week 12,2025-12-02,2025-12-02,Completed,In Window
V00130,SUB-0022,Week 24,2026-02-24,2026-02-22,Completed,In Window
V00131,SUB-0023,Screening,2025-03-23,2025-03-26,Completed,In Window
V00132,SUB-0023,Baseline,2025-04-06,2025-04-08,Completed,In Window
V00133,SUB-0023,Week 2,2025-04-20,2025-04-22,Completed,In Window
V00134,SUB-0023,Week 4,2025-05-04,2025-05-05,Completed,In Window
V00135,SUB-0023,Week 8,2025-06-01,2025-05-31,Completed,In Window
V00136,SUB-0023,Week 12,2025-06-29,2025-06-27,Completed,In Window
V00137,SUB-0023,Week 24,2025-09-21,2025-09-24,Completed,In Window
V00138,SUB-0024,Screening,2025-08-28,2025-08-27,Completed,In Window
V00139,SUB-0024,Baseline,2025-09-11,2025-09-10,Completed,In Window
V00140,SUB-0024,Week 2,2025-09-25,,Missed,
V00141,SUB-0024,Week 4,2025-10-09,2025-10-12,Completed,In Window
V00142,SUB-0024,Week 8,2025-11-06,2025-11-05,Completed,In Window
V00143,SUB-0024,Week 12,2025-12-04,2025-12-03,Completed,In Window
V00144,SUB-0024,Week 24,2026-02-26,2026-02-27,Completed,In Window
V00145,SUB-0025,Screening,2025-07-13,2025-07-16,Completed,In Window
V00146,SUB-0026,Screening,2026-03-13,2026-03-15,Completed,In Window
V00147,SUB-0026,Baseline,2026-03-27,,Overdue,
V00148,SUB-0026,Week 2,2026-04-10,2026-04-10,Completed,In Window
V00149,SUB-0026,Week 4,2026-04-24,2026-04-27,Completed,In Window
V00150,SUB-0026,Week 8,2026-05-22,,Overdue,
V00151,SUB-0026,Week 12,2026-06-19,2026-06-22,Completed,In Window
V00152,SUB-0026,Week 24,2026-09-11,,Overdue,
V00153,SUB-0027,Screening,2025-09-11,2025-09-12,Completed,In Window
V00154,SUB-0028,Screening,2026-03-08,,Missed,
V00155,SUB-0029,Screening,2025-04-07,2025-04-08,Completed,In Window
V00156,SUB-0029,Baseline,2025-04-21,2025-04-23,Completed,In Window
V00157,SUB-0029,Week 2,2025-05-05,2025-05-04,Completed,In Window
V00158,SUB-0029,Week 4,2025-05-19,2025-05-19,Completed,In Window
V00159,SUB-0029,Week 8,2025-06-16,2025-06-16,Completed,In Window
V00160,SUB-0029,Week 12,2025-07-14,2025-07-17,Completed,In Window
V00161,SUB-0029,Week 24,2025-10-06,2025-10-08,Completed,In Window
V00162,SUB-0030,Screening,2025-08-30,,Overdue,
V00163,SUB-0031,Screening,2025-08-10,2025-08-08,Completed,In Window
V00164,SUB-0031,Baseline,2025-08-24,2025-08-26,Completed,In Window
V00165,SUB-0031,Week 2,2025-09-07,2025-09-09,Completed,In Window
V00166,SUB-0031,Week 4,2025-09-21,,Overdue,
V00167,SUB-0031,Week 8,2025-10-19,,Overdue,
V00168,SUB-0031,Week 12,2025-11-16,2025-11-14,Completed,In Window
V00169,SUB-0031,Week 24,2026-02-08,2026-02-09,Completed,In Window
V00170,SUB-0032,Screening,2026-04-30,2026-04-30,Completed,In Window
V00171,SUB-0032,Baseline,2026-05-14,2026-05-13,Completed,In Window
V00172,SUB-0032,Week 2,2026-05-28,2026-05-26,Completed,In Window
V00173,SUB-0032,Week 4,2026-06-11,2026-06-13,Completed,In Window
V00174,SUB-0032,Week 8,2026-07-09,2026-07-08,Completed,In Window
V00175,SUB-0032,Week 12,2026-08-06,2026-08-06,Completed,In Window
V00176,SUB-0032,Week 24,2026-10-29,2026-10-30,Completed,In Window
V00177,SUB-0033,Screening,2025-03-20,2025-03-20,Completed,In Window
V00178,SUB-0033,Baseline,2025-04-03,2025-04-01,Completed,In Window
V00179,SUB-0033,Week 2,2025-04-17,2025-04-18,Completed,In Window
V00180,SUB-0033,Week 4,2025-05-01,2025-04-29,Completed,In Window
V00181,SUB-0033,Week 8,2025-05-29,2025-05-29,Completed,In Window
V00182,SUB-0033,Week 12,2025-06-26,2025-06-26,Completed,In Window
V00183,SUB-0033,Week 24,2025-09-18,2025-09-19,Completed,In Window
V00184,SUB-0034,Screening,2026-05-22,2026-05-23,Completed,In Window
V00185,SUB-0034,Baseline,2026-06-05,2026-06-04,Completed,In Window
V00186,SUB-0034,Week 2,2026-06-19,,Overdue,
V00187,SUB-0034,Week 4,2026-07-03,2026-07-05,Completed,In Window
V00188,SUB-0034,Week 8,2026-07-31,2026-07-31,Completed,In Window
V00189,SUB-0034,Week 12,2026-08-28,2026-08-27,Completed,In Window
V00190,SUB-0034,Week 24,2026-11-20,,Scheduled,
V00191,SUB-0035,Screening,2025-03-21,2025-03-23,Completed,In Window
V00192,SUB-0035,Baseline,2025-04-04,2025-04-02,Completed,In Window
V00193,SUB-0035,Week 2,2025-04-18,2025-04-20,Completed,In Window
V00194,SUB-0035,Week 4,2025-05-02,2025-05-05,Completed,In Window
V00195,SUB-0035,Week 8,2025-05-30,2025-05-31,Completed,In Window
V00196,SUB-0035,Week 12,2025-06-27,2025-06-28,Completed,In Window
V00197,SUB-0035,Week 24,2025-09-19,2025-09-21,Completed,In Window
V00198,SUB-0036,Screening,2025-04-14,2025-04-13,Completed,In Window
V00199,SUB-0036,Baseline,2025-04-28,,Missed,
V00200,SUB-0036,Week 2,2025-05-12,2025-05-15,Completed,In Window
V00201,SUB-0036,Week 4,2025-05-26,2025-05-27,Completed,In Window
V00202,SUB-0036,Week 8,2025-06-23,2025-06-25,Completed,In Window
V00203,SUB-0036,Week 12,2025-07-21,2025-07-24,Completed,In Window
V00204,SUB-0036,Week 24,2025-10-13,2025-10-16,Completed,In Window
V00205,SUB-0037,Screening,2025-09-08,,Missed,
V00206,SUB-0037,Baseline,2025-09-22,2025-09-24,Completed,In Window
V00207,SUB-0037,Week 2,2025-10-06,2025-10-06,Completed,In Window
V00208,SUB-0037,Week 4,2025-10-20,2025-10-20,Completed,In Window
V00209,SUB-0037,Week 8,2025-11-17,2025-11-18,Completed,In Window
V00210,SUB-0037,Week 12,2025-12-15,,Missed,
V00211,SUB-0037,Week 24,2026-03-09,2026-03-10,Completed,In Window
V00212,SUB-0038,Screening,2026-05-05,2026-05-08,Completed,In Window
V00213,SUB-0038,Baseline,2026-05-19,2026-05-21,Completed,In Window
V00214,SUB-0038,Week 2,2026-06-02,2026-05-31,Completed,In Window
V00215,SUB-0038,Week 4,2026-06-16,2026-06-18,Completed,In Window
V00216,SUB-0038,Week 8,2026-07-14,2026-07-17,Completed,In Window
V00217,SUB-0038,Week 12,2026-08-11,2026-08-09,Completed,In Window
V00218,SUB-0038,Week 24,2026-11-03,,Scheduled,
V00219,SUB-0039,Screening,2025-05-20,2025-05-23,Completed,In Window
V00220,SUB-0039,Baseline,2025-06-03,2025-06-02,Completed,In Window
V00221,SUB-0039,Week 2,2025-06-17,2025-06-16,Completed,In Window
V00222,SUB-0039,Week 4,2025-07-01,2025-07-03,Completed,In Window
V00223,SUB-0039,Week 8,2025-07-29,2025-07-27,Completed,In Window
V00224,SUB-0039,Week 12,2025-08-26,,Missed,
V00225,SUB-0039,Week 24,2025-11-18,2025-11-16,Completed,In Window
V00226,SUB-0040,Screening,2025-11-24,2025-11-26,Completed,In Window
V00227,SUB-0040,Baseline,2025-12-08,2025-12-10,Completed,In Window
V00228,SUB-0040,Week 2,2025-12-22,,Overdue,
V00229,SUB-0040,Week 4,2026-01-05,,Overdue,
V00230,SUB-0040,Week 8,2026-02-02,2026-02-02,Completed,In Window
V00231,SUB-0040,Week 12,2026-03-02,2026-03-03,Completed,In Window
V00232,SUB-0040,Week 24,2026-05-25,,Missed,
V00233,SUB-0041,Screening,2025-05-23,2025-05-24,Completed,In Window
V00234,SUB-0041,Baseline,2025-06-06,2025-06-08,Completed,In Window
V00235,SUB-0041,Week 2,2025-06-20,2025-06-23,Completed,In Window
V00236,SUB-0041,Week 4,2025-07-04,2025-07-02,Completed,In Window
V00237,SUB-0041,Week 8,2025-08-01,,Overdue,
V00238,SUB-0041,Week 12,2025-08-29,2025-08-31,Completed,In Window
V00239,SUB-0041,Week 24,2025-11-21,2025-11-19,Completed,In Window
V00240,SUB-0042,Screening,2025-08-07,2025-08-10,Completed,In Window
V00241,SUB-0042,Baseline,2025-08-21,2025-08-19,Completed,In Window
V00242,SUB-0042,Week 2,2025-09-04,2025-09-05,Completed,In Window
V00243,SUB-0042,Week 4,2025-09-18,2025-09-18,Completed,In Window
V00244,SUB-0042,Week 8,2025-10-16,2025-10-15,Completed,In Window
V00245,SUB-0042,Week 12,2025-11-13,2025-11-12,Completed,In Window
V00246,SUB-0042,Week 24,2026-02-05,2026-02-08,Completed,In Window
V00247,SUB-0043,Screening,2026-03-13,2026-03-13,Completed,In Window
V00248,SUB-0043,Baseline,2026-03-27,2026-03-27,Completed,In Window
V00249,SUB-0043,Week 2,2026-04-10,2026-04-08,Completed,In Window
V00250,SUB-0043,Week 4,2026-04-24,2026-04-25,Completed,In Window
V00251,SUB-0043,Week 8,2026-05-22,2026-05-25,Completed,In Window
V00252,SUB-0043,Week 12,2026-06-19,2026-06-20,Completed,In Window
V00253,SUB-0043,Week 24,2026-09-11,2026-09-13,Completed,In Window
V00254,SUB-0044,Screening,2026-05-11,2026-05-12,Completed,In Window
V00255,SUB-0044,Baseline,2026-05-25,,Overdue,
V00256,SUB-0044,Week 2,2026-06-08,2026-06-09,Completed,In Window
V00257,SUB-0044,Week 4,2026-06-22,2026-06-23,Completed,In Window
V00258,SUB-0044,Week 8,2026-07-20,2026-07-18,Completed,In Window
V00259,SUB-0044,Week 12,2026-08-17,2026-08-17,Completed,In Window
V00260,SUB-0044,Week 24,2026-11-09,,Scheduled,
V00261,SUB-0045,Screening,2026-02-17,2026-02-18,Completed,In Window
V00262,SUB-0045,Baseline,2026-03-03,2026-03-04,Completed,In Window
V00263,SUB-0045,Week 2,2026-03-17,2026-03-15,Completed,In Window
V00264,SUB-0045,Week 4,2026-03-31,2026-03-29,Completed,In Window
V00265,SUB-0045,Week 8,2026-04-28,2026-05-01,Completed,In Window
V00266,SUB-0045,Week 12,2026-05-26,2026-05-25,Completed,In Window
V00267,SUB-0045,Week 24,2026-08-18,,Overdue,
V00268,SUB-0046,Screening,2025-03-18,2025-03-16,Completed,In Window
V00269,SUB-0046,Baseline,2025-04-01,2025-03-31,Completed,In Window
V00270,SUB-0046,Week 2,2025-04-15,2025-04-17,Completed,In Window
V00271,SUB-0046,Week 4,2025-04-29,2025-04-29,Completed,In Window
V00272,SUB-0046,Week 8,2025-05-27,2025-05-25,Completed,In Window
V00273,SUB-0046,Week 12,2025-06-24,,Overdue,
V00274,SUB-0046,Week 24,2025-09-16,2025-09-18,Completed,In Window
V00275,SUB-0047,Screening,2025-07-15,2025-07-15,Completed,In Window
V00276,SUB-0047,Baseline,2025-07-29,2025-08-01,Completed,In Window
V00277,SUB-0047,Week 2,2025-08-12,2025-08-10,Completed,In Window
V00278,SUB-0047,Week 4,2025-08-26,,Missed,
V00279,SUB-0047,Week 8,2025-09-23,2025-09-26,Completed,In Window
V00280,SUB-0047,Week 12,2025-10-21,,Missed,
V00281,SUB-0047,Week 24,2026-01-13,,Missed,
V00282,SUB-0048,Screening,2025-02-22,2025-02-22,Completed,In Window
V00283,SUB-0049,Screening,2025-10-15,2025-10-16,Completed,In Window
V00284,SUB-0049,Baseline,2025-10-29,2025-10-29,Completed,In Window
V00285,SUB-0049,Week 2,2025-11-12,2025-11-10,Completed,In Window
V00286,SUB-0049,Week 4,2025-11-26,2025-11-27,Completed,In Window
V00287,SUB-0049,Week 8,2025-12-24,2025-12-24,Completed,In Window
V00288,SUB-0049,Week 12,2026-01-21,2026-01-19,Completed,In Window
V00289,SUB-0049,Week 24,2026-04-15,2026-04-14,Completed,In Window
V00290,SUB-0050,Screening,2025-09-06,,Missed,
V00291,SUB-0050,Baseline,2025-09-20,2025-09-21,Completed,In Window
V00292,SUB-0050,Week 2,2025-10-04,2025-10-02,Completed,In Window
V00293,SUB-0050,Week 4,2025-10-18,2025-10-18,Completed,In Window
V00294,SUB-0050,Week 8,2025-11-15,2025-11-15,Completed,In Window
V00295,SUB-0050,Week 12,2025-12-13,2025-12-16,Completed,In Window
V00296,SUB-0050,Week 24,2026-03-07,2026-03-05,Completed,In Window
V00297,SUB-0051,Screening,2025-03-08,2025-03-08,Completed,In Window
V00298,SUB-0051,Baseline,2025-03-22,2025-03-20,Completed,In Window
V00299,SUB-0051,Week 2,2025-04-05,2025-04-05,Completed,In Window
V00300,SUB-0051,Week 4,2025-04-19,2025-04-19,Completed,In Window
V00301,SUB-0051,Week 8,2025-05-17,2025-05-15,Completed,In Window
V00302,SUB-0051,Week 12,2025-06-14,2025-06-16,Completed,In Window
V00303,SUB-0051,Week 24,2025-09-06,2025-09-06,Completed,In Window
V00304,SUB-0052,Screening,2026-02-06,2026-02-06,Completed,In Window
V00305,SUB-0052,Baseline,2026-02-20,2026-02-18,Completed,In Window
V00306,SUB-0052,Week 2,2026-03-06,2026-03-07,Completed,In Window
V00307,SUB-0052,Week 4,2026-03-20,2026-03-18,Completed,In Window
V00308,SUB-0052,Week 8,2026-04-17,2026-04-15,Completed,In Window
V00309,SUB-0052,Week 12,2026-05-15,2026-05-16,Completed,In Window
V00310,SUB-0052,Week 24,2026-08-07,2026-08-10,Completed,In Window
V00311,SUB-0053,Screening,2025-08-09,,Overdue,
V00312,SUB-0053,Baseline,2025-08-23,2025-08-26,Completed,In Window
V00313,SUB-0053,Week 2,2025-09-06,2025-09-06,Completed,In Window
V00314,SUB-0053,Week 4,2025-09-20,2025-09-21,Completed,In Window
V00315,SUB-0053,Week 8,2025-10-18,2025-10-18,Completed,In Window
V00316,SUB-0053,Week 12,2025-11-15,2025-11-14,Completed,In Window
V00317,SUB-0053,Week 24,2026-02-07,,Missed,
V00318,SUB-0054,Screening,2026-01-03,2026-01-05,Completed,In Window
V00319,SUB-0054,Baseline,2026-01-17,2026-01-17,Completed,In Window
V00320,SUB-0054,Week 2,2026-01-31,2026-02-01,Completed,In Window
V00321,SUB-0054,Week 4,2026-02-14,2026-02-17,Completed,In Window
V00322,SUB-0054,Week 8,2026-03-14,2026-03-14,Completed,In Window
V00323,SUB-0054,Week 12,2026-04-11,2026-04-14,Completed,In Window
V00324,SUB-0054,Week 24,2026-07-04,2026-07-05,Completed,In Window
V00325,SUB-0055,Screening,2025-03-17,2025-03-18,Completed,In Window
V00326,SUB-0055,Baseline,2025-03-31,,Missed,
V00327,SUB-0055,Week 2,2025-04-14,,Overdue,
V00328,SUB-0055,Week 4,2025-04-28,2025-04-30,Completed,In Window
V00329,SUB-0055,Week 8,2025-05-26,2025-05-29,Completed,In Window
V00330,SUB-0055,Week 12,2025-06-23,2025-06-24,Completed,In Window
V00331,SUB-0055,Week 24,2025-09-15,2025-09-15,Completed,In Window
V00332,SUB-0056,Screening,2025-12-21,2025-12-19,Completed,In Window
V00333,SUB-0056,Baseline,2026-01-04,2026-01-04,Completed,In Window
V00334,SUB-0056,Week 2,2026-01-18,2026-01-20,Completed,In Window
V00335,SUB-0056,Week 4,2026-02-01,2026-02-04,Completed,In Window
V00336,SUB-0056,Week 8,2026-03-01,2026-03-04,Completed,In Window
V00337,SUB-0056,Week 12,2026-03-29,2026-03-30,Completed,In Window
V00338,SUB-0056,Week 24,2026-06-21,2026-06-24,Completed,In Window
V00339,SUB-0057,Screening,2026-04-05,2026-04-04,Completed,In Window
V00340,SUB-0057,Baseline,2026-04-19,2026-04-20,Completed,In Window
V00341,SUB-0057,Week 2,2026-05-03,2026-05-04,Completed,In Window
V00342,SUB-0057,Week 4,2026-05-17,,Overdue,
V00343,SUB-0057,Week 8,2026-06-14,2026-06-15,Completed,In Window
V00344,SUB-0057,Week 12,2026-07-12,2026-07-11,Completed,In Window
V00345,SUB-0057,Week 24,2026-10-04,2026-10-07,Completed,In Window
V00346,SUB-0058,Screening,2025-12-05,2025-12-03,Completed,In Window
V00347,SUB-0058,Baseline,2025-12-19,2025-12-17,Completed,In Window
V00348,SUB-0058,Week 2,2026-01-02,2026-01-03,Completed,In Window
V00349,SUB-0058,Week 4,2026-01-16,2026-01-17,Completed,In Window
V00350,SUB-0058,Week 8,2026-02-13,2026-02-12,Completed,In Window
V00351,SUB-0058,Week 12,2026-03-13,2026-03-12,Completed,In Window
V00352,SUB-0058,Week 24,2026-06-05,2026-06-08,Completed,In Window
V00353,SUB-0059,Screening,2026-05-28,,Missed,
V00354,SUB-0059,Baseline,2026-06-11,2026-06-09,Completed,In Window
V00355,SUB-0059,Week 2,2026-06-25,,Missed,
V00356,SUB-0059,Week 4,2026-07-09,2026-07-09,Completed,In Window
V00357,SUB-0059,Week 8,2026-08-06,2026-08-09,Completed,In Window
V00358,SUB-0059,Week 12,2026-09-03,2026-09-05,Completed,In Window
V00359,SUB-0059,Week 24,2026-11-26,,Scheduled,
V00360,SUB-0060,Screening,2025-11-27,2025-11-30,Completed,In Window
V00361,SUB-0060,Baseline,2025-12-11,2025-12-12,Completed,In Window
V00362,SUB-0060,Week 2,2025-12-25,2025-12-24,Completed,In Window
V00363,SUB-0060,Week 4,2026-01-08,2026-01-06,Completed,In Window
V00364,SUB-0060,Week 8,2026-02-05,2026-02-06,Completed,In Window
V00365,SUB-0060,Week 12,2026-03-05,,Missed,
V00366,SUB-0060,Week 24,2026-05-28,2026-05-26,Completed,In Window
V00367,SUB-0061,Screening,2025-09-22,2025-09-21,Completed,In Window
V00368,SUB-0061,Baseline,2025-10-06,,Overdue,
V00369,SUB-0061,Week 2,2025-10-20,2025-10-20,Completed,In Window
V00370,SUB-0061,Week 4,2025-11-03,2025-11-06,Completed,In Window
V00371,SUB-0061,Week 8,2025-12-01,2025-11-29,Completed,In Window
V00372,SUB-0061,Week 12,2025-12-29,2025-12-27,Completed,In Window
V00373,SUB-0061,Week 24,2026-03-23,2026-03-26,Completed,In Window
V00374,SUB-0062,Screening,2026-05-30,2026-06-01,Completed,In Window
V00375,SUB-0062,Baseline,2026-06-13,2026-06-13,Completed,In Window
V00376,SUB-0062,Week 2,2026-06-27,2026-06-28,Completed,In Window
V00377,SUB-0062,Week 4,2026-07-11,2026-07-12,Completed,In Window
V00378,SUB-0062,Week 8,2026-08-08,2026-08-10,Completed,In Window
V00379,SUB-0062,Week 12,2026-09-05,2026-09-04,Completed,In Window
V00380,SUB-0062,Week 24,2026-11-28,,Scheduled,
V00381,SUB-0063,Screening,2026-03-13,2026-03-16,Completed,In Window
V00382,SUB-0064,Screening,2026-04-08,2026-04-10,Completed,In Window
V00383,SUB-0065,Screening,2025-10-16,2025-10-19,Completed,In Window
V00384,SUB-0065,Baseline,2025-10-30,2025-10-30,Completed,In Window
V00385,SUB-0065,Week 2,2025-11-13,2025-11-16,Completed,In Window
V00386,SUB-0065,Week 4,2025-11-27,2025-11-30,Completed,In Window
V00387,SUB-0065,Week 8,2025-12-25,,Missed,
V00388,SUB-0065,Week 12,2026-01-22,2026-01-21,Completed,In Window
V00389,SUB-0065,Week 24,2026-04-16,2026-04-14,Completed,In Window
V00390,SUB-0066,Screening,2026-05-15,2026-05-13,Completed,In Window
V00391,SUB-0066,Baseline,2026-05-29,,Missed,
V00392,SUB-0066,Week 2,2026-06-12,2026-06-15,Completed,In Window
V00393,SUB-0066,Week 4,2026-06-26,2026-06-27,Completed,In Window
V00394,SUB-0066,Week 8,2026-07-24,2026-07-27,Completed,In Window
V00395,SUB-0066,Week 12,2026-08-21,2026-08-19,Completed,In Window
V00396,SUB-0066,Week 24,2026-11-13,,Scheduled,
V00397,SUB-0067,Screening,2026-06-08,2026-06-11,Completed,In Window
V00398,SUB-0067,Baseline,2026-06-22,2026-06-24,Completed,In Window
V00399,SUB-0067,Week 2,2026-07-06,2026-07-08,Completed,In Window
V00400,SUB-0067,Week 4,2026-07-20,2026-07-22,Completed,In Window
V00401,SUB-0067,Week 8,2026-08-17,2026-08-18,Completed,In Window
V00402,SUB-0067,Week 12,2026-09-14,2026-09-13,Completed,In Window
V00403,SUB-0067,Week 24,2026-12-07,,Scheduled,
V00404,SUB-0068,Screening,2025-11-17,2025-11-18,Completed,In Window
V00405,SUB-0068,Baseline,2025-12-01,,Missed,
V00406,SUB-0068,Week 2,2025-12-15,,Overdue,
V00407,SUB-0068,Week 4,2025-12-29,2025-12-30,Completed,In Window
V00408,SUB-0068,Week 8,2026-01-26,2026-01-26,Completed,In Window
V00409,SUB-0068,Week 12,2026-02-23,2026-02-23,Completed,In Window
V00410,SUB-0068,Week 24,2026-05-18,2026-05-20,Completed,In Window
V00411,SUB-0069,Screening,2025-06-18,2025-06-21,Completed,In Window
V00412,SUB-0070,Screening,2025-09-04,2025-09-02,Completed,In Window
V00413,SUB-0071,Screening,2026-05-29,2026-05-28,Completed,In Window
V00414,SUB-0071,Baseline,2026-06-12,,Overdue,
V00415,SUB-0071,Week 2,2026-06-26,2026-06-29,Completed,In Window
V00416,SUB-0071,Week 4,2026-07-10,2026-07-12,Completed,In Window
V00417,SUB-0071,Week 8,2026-08-07,2026-08-05,Completed,In Window
V00418,SUB-0071,Week 12,2026-09-04,2026-09-05,Completed,In Window
V00419,SUB-0071,Week 24,2026-11-27,,Scheduled,
V00420,SUB-0072,Screening,2026-05-31,2026-05-31,Completed,In Window
V00421,SUB-0073,Screening,2026-03-19,2026-03-18,Completed,In Window
V00422,SUB-0073,Baseline,2026-04-02,2026-04-05,Completed,In Window
V00423,SUB-0073,Week 2,2026-04-16,2026-04-19,Completed,In Window
V00424,SUB-0073,Week 4,2026-04-30,2026-04-30,Completed,In Window
V00425,SUB-0073,Week 8,2026-05-28,2026-05-27,Completed,In Window
V00426,SUB-0073,Week 12,2026-06-25,2026-06-25,Completed,In Window
V00427,SUB-0073,Week 24,2026-09-17,2026-09-18,Completed,In Window
V00428,SUB-0074,Screening,2026-06-09,2026-06-12,Completed,In Window
V00429,SUB-0075,Screening,2025-07-23,,Overdue,
V00430,SUB-0075,Baseline,2025-08-06,2025-08-08,Completed,In Window
V00431,SUB-0075,Week 2,2025-08-20,2025-08-19,Completed,In Window
V00432,SUB-0075,Week 4,2025-09-03,2025-09-01,Completed,In Window
V00433,SUB-0075,Week 8,2025-10-01,2025-10-01,Completed,In Window
V00434,SUB-0075,Week 12,2025-10-29,2025-10-30,Completed,In Window
V00435,SUB-0075,Week 24,2026-01-21,,Overdue,
V00436,SUB-0076,Screening,2026-04-11,2026-04-13,Completed,In Window
V00437,SUB-0077,Screening,2025-04-02,2025-04-04,Completed,In Window
V00438,SUB-0077,Baseline,2025-04-16,2025-04-17,Completed,In Window
V00439,SUB-0077,Week 2,2025-04-30,2025-04-28,Completed,In Window
V00440,SUB-0077,Week 4,2025-05-14,2025-05-17,Completed,In Window
V00441,SUB-0077,Week 8,2025-06-11,2025-06-14,Completed,In Window
V00442,SUB-0077,Week 12,2025-07-09,2025-07-10,Completed,In Window
V00443,SUB-0077,Week 24,2025-10-01,2025-09-29,Completed,In Window
V00444,SUB-0078,Screening,2025-11-24,,Missed,
V00445,SUB-0078,Baseline,2025-12-08,2025-12-06,Completed,In Window
V00446,SUB-0078,Week 2,2025-12-22,2025-12-21,Completed,In Window
V00447,SUB-0078,Week 4,2026-01-05,,Overdue,
V00448,SUB-0078,Week 8,2026-02-02,2026-02-04,Completed,In Window
V00449,SUB-0078,Week 12,2026-03-02,2026-03-05,Completed,In Window
V00450,SUB-0078,Week 24,2026-05-25,2026-05-26,Completed,In Window
V00451,SUB-0079,Screening,2025-04-05,2025-04-05,Completed,In Window
V00452,SUB-0079,Baseline,2025-04-19,,Missed,
V00453,SUB-0079,Week 2,2025-05-03,,Overdue,
V00454,SUB-0079,Week 4,2025-05-17,2025-05-16,Completed,In Window
V00455,SUB-0079,Week 8,2025-06-14,2025-06-17,Completed,In Window
V00456,SUB-0079,Week 12,2025-07-12,2025-07-13,Completed,In Window
V00457,SUB-0079,Week 24,2025-10-04,2025-10-04,Completed,In Window
V00458,SUB-0080,Screening,2025-10-08,2025-10-09,Completed,In Window
V00459,SUB-0081,Screening,2025-09-29,2025-09-30,Completed,In Window
V00460,SUB-0082,Screening,2026-06-02,,Missed,
V00461,SUB-0082,Baseline,2026-06-16,2026-06-17,Completed,In Window
V00462,SUB-0082,Week 2,2026-06-30,2026-06-29,Completed,In Window
V00463,SUB-0082,Week 4,2026-07-14,2026-07-17,Completed,In Window
V00464,SUB-0082,Week 8,2026-08-11,,Overdue,
V00465,SUB-0082,Week 12,2026-09-08,2026-09-09,Completed,In Window
V00466,SUB-0082,Week 24,2026-12-01,,Scheduled,
V00467,SUB-0083,Screening,2025-12-12,2025-12-13,Completed,In Window
V00468,SUB-0084,Screening,2026-02-25,2026-02-24,Completed,In Window
V00469,SUB-0084,Baseline,2026-03-11,2026-03-09,Completed,In Window
V00470,SUB-0084,Week 2,2026-03-25,2026-03-25,Completed,In Window
V00471,SUB-0084,Week 4,2026-04-08,2026-04-09,Completed,In Window
V00472,SUB-0084,Week 8,2026-05-06,2026-05-06,Completed,In Window
V00473,SUB-0084,Week 12,2026-06-03,,Overdue,
V00474,SUB-0084,Week 24,2026-08-26,2026-08-25,Completed,In Window
V00475,SUB-0085,Screening,2025-12-08,2025-12-10,Completed,In Window
V00476,SUB-0085,Baseline,2025-12-22,2025-12-23,Completed,In Window
V00477,SUB-0085,Week 2,2026-01-05,2026-01-04,Completed,In Window
V00478,SUB-0085,Week 4,2026-01-19,2026-01-21,Completed,In Window
V00479,SUB-0085,Week 8,2026-02-16,2026-02-16,Completed,In Window
V00480,SUB-0085,Week 12,2026-03-16,2026-03-18,Completed,In Window
V00481,SUB-0085,Week 24,2026-06-08,2026-06-08,Completed,In Window
V00482,SUB-0086,Screening,2025-04-21,2025-04-19,Completed,In Window
V00483,SUB-0086,Baseline,2025-05-05,,Missed,
V00484,SUB-0086,Week 2,2025-05-19,2025-05-17,Completed,In Window
V00485,SUB-0086,Week 4,2025-06-02,2025-06-02,Completed,In Window
V00486,SUB-0086,Week 8,2025-06-30,2025-07-03,Completed,In Window
V00487,SUB-0086,Week 12,2025-07-28,,Overdue,
V00488,SUB-0086,Week 24,2025-10-20,2025-10-18,Completed,In Window
V00489,SUB-0087,Screening,2026-05-03,2026-05-06,Completed,In Window
V00490,SUB-0087,Baseline,2026-05-17,2026-05-18,Completed,In Window
V00491,SUB-0087,Week 2,2026-05-31,2026-06-01,Completed,In Window
V00492,SUB-0087,Week 4,2026-06-14,2026-06-13,Completed,In Window
V00493,SUB-0087,Week 8,2026-07-12,2026-07-15,Completed,In Window
V00494,SUB-0087,Week 12,2026-08-09,2026-08-11,Completed,In Window
V00495,SUB-0087,Week 24,2026-11-01,,Scheduled,
V00496,SUB-0088,Screening,2026-06-09,2026-06-11,Completed,In Window
V00497,SUB-0088,Baseline,2026-06-23,2026-06-25,Completed,In Window
V00498,SUB-0088,Week 2,2026-07-07,2026-07-07,Completed,In Window
V00499,SUB-0088,Week 4,2026-07-21,,Missed,
V00500,SUB-0088,Week 8,2026-08-18,2026-08-19,Completed,In Window
V00501,SUB-0088,Week 12,2026-09-15,2026-09-14,Completed,In Window
V00502,SUB-0088,Week 24,2026-12-08,,Scheduled,
V00503,SUB-0089,Screening,2026-07-06,2026-07-08,Completed,In Window
V00504,SUB-0090,Screening,2026-03-11,2026-03-10,Completed,In Window
V00505,SUB-0091,Screening,2026-08-13,2026-08-14,Completed,In Window
V00506,SUB-0092,Screening,2026-01-23,2026-01-21,Completed,In Window
V00507,SUB-0092,Baseline,2026-02-06,2026-02-04,Completed,In Window
V00508,SUB-0092,Week 2,2026-02-20,2026-02-19,Completed,In Window
V00509,SUB-0092,Week 4,2026-03-06,2026-03-06,Completed,In Window
V00510,SUB-0092,Week 8,2026-04-03,2026-04-02,Completed,In Window
V00511,SUB-0092,Week 12,2026-05-01,2026-04-30,Completed,In Window
V00512,SUB-0092,Week 24,2026-07-24,,Overdue,
V00513,SUB-0093,Screening,2025-12-22,2025-12-21,Completed,In Window
V00514,SUB-0093,Baseline,2026-01-05,2026-01-05,Completed,In Window
V00515,SUB-0093,Week 2,2026-01-19,2026-01-22,Completed,In Window
V00516,SUB-0093,Week 4,2026-02-02,2026-02-04,Completed,In Window
V00517,SUB-0093,Week 8,2026-03-02,2026-03-03,Completed,In Window
V00518,SUB-0093,Week 12,2026-03-30,2026-04-02,Completed,In Window
V00519,SUB-0093,Week 24,2026-06-22,2026-06-22,Completed,In Window
V00520,SUB-0094,Screening,2025-04-18,2025-04-19,Completed,In Window
V00521,SUB-0095,Screening,2025-12-27,2025-12-27,Completed,In Window
V00522,SUB-0095,Baseline,2026-01-10,2026-01-11,Completed,In Window
V00523,SUB-0095,Week 2,2026-01-24,2026-01-27,Completed,In Window
V00524,SUB-0095,Week 4,2026-02-07,2026-02-10,Completed,In Window
V00525,SUB-0095,Week 8,2026-03-07,2026-03-09,Completed,In Window
V00526,SUB-0095,Week 12,2026-04-04,2026-04-05,Completed,In Window
V00527,SUB-0095,Week 24,2026-06-27,2026-06-25,Completed,In Window
V00528,SUB-0096,Screening,2026-03-22,2026-03-21,Completed,In Window
V00529,SUB-0096,Baseline,2026-04-05,2026-04-03,Completed,In Window
V00530,SUB-0096,Week 2,2026-04-19,2026-04-19,Completed,In Window
V00531,SUB-0096,Week 4,2026-05-03,2026-05-05,Completed,In Window
V00532,SUB-0096,Week 8,2026-05-31,2026-06-03,Completed,In Window
V00533,SUB-0096,Week 12,2026-06-28,2026-06-30,Completed,In Window
V00534,SUB-0096,Week 24,2026-09-20,2026-09-20,Completed,In Window
V00535,SUB-0097,Screening,2025-11-04,,Overdue,
V00536,SUB-0097,Baseline,2025-11-18,2025-11-19,Completed,In Window
V00537,SUB-0097,Week 2,2025-12-02,2025-12-03,Completed,In Window
V00538,SUB-0097,Week 4,2025-12-16,2025-12-15,Completed,In Window
V00539,SUB-0097,Week 8,2026-01-13,2026-01-12,Completed,In Window
V00540,SUB-0097,Week 12,2026-02-10,,Missed,
V00541,SUB-0097,Week 24,2026-05-05,2026-05-07,Completed,In Window
V00542,SUB-0098,Screening,2026-01-24,2026-01-22,Completed,In Window
V00543,SUB-0098,Baseline,2026-02-07,2026-02-10,Completed,In Window
V00544,SUB-0098,Week 2,2026-02-21,2026-02-20,Completed,In Window
V00545,SUB-0098,Week 4,2026-03-07,2026-03-07,Completed,In Window
V00546,SUB-0098,Week 8,2026-04-04,2026-04-06,Completed,In Window
V00547,SUB-0098,Week 12,2026-05-02,2026-05-05,Completed,In Window
V00548,SUB-0098,Week 24,2026-07-25,,Overdue,
V00549,SUB-0099,Screening,2025-04-22,2025-04-20,Completed,In Window
V00550,SUB-0099,Baseline,2025-05-06,2025-05-05,Completed,In Window
V00551,SUB-0099,Week 2,2025-05-20,2025-05-18,Completed,In Window
V00552,SUB-0099,Week 4,2025-06-03,2025-06-05,Completed,In Window
V00553,SUB-0099,Week 8,2025-07-01,2025-07-01,Completed,In Window
V00554,SUB-0099,Week 12,2025-07-29,2025-07-27,Completed,In Window
V00555,SUB-0099,Week 24,2025-10-21,,Missed,
V00556,SUB-0100,Screening,2025-08-26,2025-08-27,Completed,In Window
V00557,SUB-0100,Baseline,2025-09-09,2025-09-11,Completed,In Window
V00558,SUB-0100,Week 2,2025-09-23,2025-09-22,Completed,In Window
V00559,SUB-0100,Week 4,2025-10-07,,Overdue,
V00560,SUB-0100,Week 8,2025-11-04,,Missed,
V00561,SUB-0100,Week 12,2025-12-02,2025-12-01,Completed,In Window
V00562,SUB-0100,Week 24,2026-02-24,2026-02-27,Completed,In Window
V00563,SUB-0101,Screening,2026-08-12,2026-08-13,Completed,In Window
V00564,SUB-0101,Baseline,2026-08-26,,Overdue,
V00565,SUB-0101,Week 2,2026-09-09,2026-09-11,Completed,In Window
V00566,SUB-0101,Week 4,2026-09-23,2026-09-24,Completed,In Window
V00567,SUB-0101,Week 8,2026-10-21,2026-10-19,Completed,In Window
V00568,SUB-0101,Week 12,2026-11-18,,Scheduled,
V00569,SUB-0101,Week 24,2027-02-10,,Scheduled,
V00570,SUB-0102,Screening,2025-06-11,2025-06-14,Completed,In Window
V00571,SUB-0102,Baseline,2025-06-25,2025-06-26,Completed,In Window
V00572,SUB-0102,Week 2,2025-07-09,2025-07-12,Completed,In Window
V00573,SUB-0102,Week 4,2025-07-23,2025-07-23,Completed,In Window
V00574,SUB-0102,Week 8,2025-08-20,2025-08-18,Completed,In Window
V00575,SUB-0102,Week 12,2025-09-17,2025-09-16,Completed,In Window
V00576,SUB-0102,Week 24,2025-12-10,,Missed,
V00577,SUB-0103,Screening,2025-12-11,2025-12-13,Completed,In Window
V00578,SUB-0104,Screening,2026-05-12,2026-05-13,Completed,In Window
V00579,SUB-0104,Baseline,2026-05-26,2026-05-25,Completed,In Window
V00580,SUB-0104,Week 2,2026-06-09,2026-06-12,Completed,In Window
V00581,SUB-0104,Week 4,2026-06-23,2026-06-26,Completed,In Window
V00582,SUB-0104,Week 8,2026-07-21,2026-07-19,Completed,In Window
V00583,SUB-0104,Week 12,2026-08-18,2026-08-16,Completed,In Window
V00584,SUB-0104,Week 24,2026-11-10,,Scheduled,
V00585,SUB-0105,Screening,2025-06-07,2025-06-10,Completed,In Window
V00586,SUB-0105,Baseline,2025-06-21,2025-06-19,Completed,In Window
V00587,SUB-0105,Week 2,2025-07-05,2025-07-08,Completed,In Window
V00588,SUB-0105,Week 4,2025-07-19,2025-07-20,Completed,In Window
V00589,SUB-0105,Week 8,2025-08-16,2025-08-18,Completed,In Window
V00590,SUB-0105,Week 12,2025-09-13,2025-09-11,Completed,In Window
V00591,SUB-0105,Week 24,2025-12-06,2025-12-06,Completed,In Window
V00592,SUB-0106,Screening,2025-09-08,,Missed,
V00593,SUB-0107,Screening,2025-04-21,2025-04-22,Completed,In Window
V00594,SUB-0107,Baseline,2025-05-05,2025-05-06,Completed,In Window
V00595,SUB-0107,Week 2,2025-05-19,2025-05-20,Completed,In Window
V00596,SUB-0107,Week 4,2025-06-02,2025-05-31,Completed,In Window
V00597,SUB-0107,Week 8,2025-06-30,,Missed,
V00598,SUB-0107,Week 12,2025-07-28,,Missed,
V00599,SUB-0107,Week 24,2025-10-20,2025-10-23,Completed,In Window
V00600,SUB-0108,Screening,2026-07-09,2026-07-07,Completed,In Window
V00601,SUB-0109,Screening,2025-11-09,2025-11-07,Completed,In Window
V00602,SUB-0109,Baseline,2025-11-23,,Missed,
V00603,SUB-0109,Week 2,2025-12-07,2025-12-08,Completed,In Window
V00604,SUB-0109,Week 4,2025-12-21,2025-12-23,Completed,In Window
V00605,SUB-0109,Week 8,2026-01-18,2026-01-21,Completed,In Window
V00606,SUB-0109,Week 12,2026-02-15,2026-02-13,Completed,In Window
V00607,SUB-0109,Week 24,2026-05-10,2026-05-08,Completed,In Window
V00608,SUB-0110,Screening,2025-06-13,2025-06-12,Completed,In Window
V00609,SUB-0111,Screening,2026-06-24,2026-06-26,Completed,In Window
V00610,SUB-0112,Screening,2026-01-22,2026-01-23,Completed,In Window
V00611,SUB-0112,Baseline,2026-02-05,2026-02-08,Completed,In Window
V00612,SUB-0112,Week 2,2026-02-19,2026-02-19,Completed,In Window
V00613,SUB-0112,Week 4,2026-03-05,2026-03-06,Completed,In Window
V00614,SUB-0112,Week 8,2026-04-02,2026-04-01,Completed,In Window
V00615,SUB-0112,Week 12,2026-04-30,,Overdue,
V00616,SUB-0112,Week 24,2026-07-23,2026-07-26,Completed,In Window
V00617,SUB-0113,Screening,2026-02-28,2026-02-26,Completed,In Window
V00618,SUB-0113,Baseline,2026-03-14,2026-03-12,Completed,In Window
V00619,SUB-0113,Week 2,2026-03-28,,Overdue,
V00620,SUB-0113,Week 4,2026-04-11,2026-04-11,Completed,In Window
V00621,SUB-0113,Week 8,2026-05-09,2026-05-09,Completed,In Window
V00622,SUB-0113,Week 12,2026-06-06,2026-06-09,Completed,In Window
V00623,SUB-0113,Week 24,2026-08-29,2026-08-29,Completed,In Window
V00624,SUB-0114,Screening,2025-05-20,2025-05-21,Completed,In Window
V00625,SUB-0114,Baseline,2025-06-03,2025-06-04,Completed,In Window
V00626,SUB-0114,Week 2,2025-06-17,2025-06-20,Completed,In Window
V00627,SUB-0114,Week 4,2025-07-01,2025-07-03,Completed,In Window
V00628,SUB-0114,Week 8,2025-07-29,2025-07-30,Completed,In Window
V00629,SUB-0114,Week 12,2025-08-26,2025-08-24,Completed,In Window
V00630,SUB-0114,Week 24,2025-11-18,2025-11-19,Completed,In Window
V00631,SUB-0115,Screening,2025-10-19,2025-10-18,Completed,In Window
V00632,SUB-0115,Baseline,2025-11-02,2025-11-03,Completed,In Window
V00633,SUB-0115,Week 2,2025-11-16,2025-11-18,Completed,In Window
V00634,SUB-0115,Week 4,2025-11-30,2025-11-30,Completed,In Window
V00635,SUB-0115,Week 8,2025-12-28,2025-12-29,Completed,In Window
V00636,SUB-0115,Week 12,2026-01-25,2026-01-26,Completed,In Window
V00637,SUB-0115,Week 24,2026-04-19,2026-04-17,Completed,In Window
V00638,SUB-0116,Screening,2026-05-30,2026-05-30,Completed,In Window
V00639,SUB-0116,Baseline,2026-06-13,2026-06-13,Completed,In Window
V00640,SUB-0116,Week 2,2026-06-27,2026-06-30,Completed,In Window
V00641,SUB-0116,Week 4,2026-07-11,,Missed,
V00642,SUB-0116,Week 8,2026-08-08,2026-08-06,Completed,In Window
V00643,SUB-0116,Week 12,2026-09-05,2026-09-08,Completed,In Window
V00644,SUB-0116,Week 24,2026-11-28,,Scheduled,
V00645,SUB-0117,Screening,2026-06-05,2026-06-05,Completed,In Window
V00646,SUB-0117,Baseline,2026-06-19,2026-06-17,Completed,In Window
V00647,SUB-0117,Week 2,2026-07-03,2026-07-06,Completed,In Window
V00648,SUB-0117,Week 4,2026-07-17,2026-07-16,Completed,In Window
V00649,SUB-0117,Week 8,2026-08-14,2026-08-16,Completed,In Window
V00650,SUB-0117,Week 12,2026-09-11,2026-09-12,Completed,In Window
V00651,SUB-0117,Week 24,2026-12-04,,Scheduled,
V00652,SUB-0118,Screening,2026-02-26,2026-03-01,Completed,In Window
V00653,SUB-0119,Screening,2026-07-27,2026-07-30,Completed,In Window
V00654,SUB-0119,Baseline,2026-08-10,2026-08-13,Completed,In Window
V00655,SUB-0119,Week 2,2026-08-24,2026-08-22,Completed,In Window
V00656,SUB-0119,Week 4,2026-09-07,2026-09-09,Completed,In Window
V00657,SUB-0119,Week 8,2026-10-05,2026-10-06,Completed,In Window
V00658,SUB-0119,Week 12,2026-11-02,,Scheduled,
V00659,SUB-0119,Week 24,2027-01-25,,Scheduled,
V00660,SUB-0120,Screening,2025-05-23,2025-05-21,Completed,In Window
V00661,SUB-0121,Screening,2026-07-11,2026-07-14,Completed,In Window
V00662,SUB-0121,Baseline,2026-07-25,2026-07-27,Completed,In Window
V00663,SUB-0121,Week 2,2026-08-08,2026-08-11,Completed,In Window
V00664,SUB-0121,Week 4,2026-08-22,2026-08-25,Completed,In Window
V00665,SUB-0121,Week 8,2026-09-19,,Missed,
V00666,SUB-0121,Week 12,2026-10-17,,Scheduled,
V00667,SUB-0121,Week 24,2027-01-09,,Scheduled,
V00668,SUB-0122,Screening,2026-03-05,2026-03-06,Completed,In Window
V00669,SUB-0122,Baseline,2026-03-19,2026-03-21,Completed,In Window
V00670,SUB-0122,Week 2,2026-04-02,2026-03-31,Completed,In Window
V00671,SUB-0122,Week 4,2026-04-16,2026-04-18,Completed,In Window
V00672,SUB-0122,Week 8,2026-05-14,2026-05-16,Completed,In Window
V00673,SUB-0122,Week 12,2026-06-11,2026-06-13,Completed,In Window
V00674,SUB-0122,Week 24,2026-09-03,2026-09-01,Completed,In Window
V00675,SUB-0123,Screening,2025-08-06,2025-08-04,Completed,In Window
V00676,SUB-0123,Baseline,2025-08-20,2025-08-18,Completed,In Window
V00677,SUB-0123,Week 2,2025-09-03,2025-09-04,Completed,In Window
V00678,SUB-0123,Week 4,2025-09-17,2025-09-20,Completed,In Window
V00679,SUB-0123,Week 8,2025-10-15,,Missed,
V00680,SUB-0123,Week 12,2025-11-12,2025-11-15,Completed,In Window
V00681,SUB-0123,Week 24,2026-02-04,2026-02-06,Completed,In Window
V00682,SUB-0124,Screening,2026-06-18,2026-06-21,Completed,In Window
V00683,SUB-0124,Baseline,2026-07-02,2026-07-02,Completed,In Window
V00684,SUB-0124,Week 2,2026-07-16,2026-07-17,Completed,In Window
V00685,SUB-0124,Week 4,2026-07-30,2026-07-29,Completed,In Window
V00686,SUB-0124,Week 8,2026-08-27,2026-08-29,Completed,In Window
V00687,SUB-0124,Week 12,2026-09-24,2026-09-24,Completed,In Window
V00688,SUB-0124,Week 24,2026-12-17,,Scheduled,
V00689,SUB-0125,Screening,2025-11-01,2025-11-03,Completed,In Window
V00690,SUB-0125,Baseline,2025-11-15,2025-11-16,Completed,In Window
V00691,SUB-0125,Week 2,2025-11-29,2025-11-30,Completed,In Window
V00692,SUB-0125,Week 4,2025-12-13,2025-12-12,Completed,In Window
V00693,SUB-0125,Week 8,2026-01-10,2026-01-12,Completed,In Window
V00694,SUB-0125,Week 12,2026-02-07,2026-02-06,Completed,In Window
V00695,SUB-0125,Week 24,2026-05-02,,Missed,
V00696,SUB-0126,Screening,2026-04-03,2026-04-05,Completed,In Window
V00697,SUB-0126,Baseline,2026-04-17,2026-04-17,Completed,In Window
V00698,SUB-0126,Week 2,2026-05-01,,Overdue,
V00699,SUB-0126,Week 4,2026-05-15,2026-05-17,Completed,In Window
V00700,SUB-0126,Week 8,2026-06-12,2026-06-15,Completed,In Window
V00701,SUB-0126,Week 12,2026-07-10,2026-07-12,Completed,In Window
V00702,SUB-0126,Week 24,2026-10-02,2026-10-02,Completed,In Window
V00703,SUB-0127,Screening,2026-09-01,2026-08-31,Completed,In Window
V00704,SUB-0127,Baseline,2026-09-15,,Overdue,
V00705,SUB-0127,Week 2,2026-09-29,2026-09-27,Completed,In Window
V00706,SUB-0127,Week 4,2026-10-13,2026-10-15,Completed,In Window
V00707,SUB-0127,Week 8,2026-11-10,,Scheduled,
V00708,SUB-0127,Week 12,2026-12-08,,Scheduled,
V00709,SUB-0127,Week 24,2027-03-02,,Scheduled,
V00710,SUB-0128,Screening,2026-03-06,2026-03-04,Completed,In Window
V00711,SUB-0128,Baseline,2026-03-20,2026-03-21,Completed,In Window
V00712,SUB-0128,Week 2,2026-04-03,2026-04-04,Completed,In Window
V00713,SUB-0128,Week 4,2026-04-17,2026-04-17,Completed,In Window
V00714,SUB-0128,Week 8,2026-05-15,2026-05-14,Completed,In Window
V00715,SUB-0128,Week 12,2026-06-12,2026-06-12,Completed,In Window
V00716,SUB-0128,Week 24,2026-09-04,2026-09-05,Completed,In Window
V00717,SUB-0129,Screening,2026-03-07,2026-03-06,Completed,In Window
V00718,SUB-0129,Baseline,2026-03-21,2026-03-19,Completed,In Window
V00719,SUB-0129,Week 2,2026-04-04,2026-04-07,Completed,In Window
V00720,SUB-0129,Week 4,2026-04-18,2026-04-17,Completed,In Window
V00721,SUB-0129,Week 8,2026-05-16,2026-05-17,Completed,In Window
V00722,SUB-0129,Week 12,2026-06-13,,Overdue,
V00723,SUB-0129,Week 24,2026-09-05,2026-09-05,Completed,In Window
V00724,SUB-0130,Screening,2025-05-08,2025-05-09,Completed,In Window
V00725,SUB-0131,Screening,2026-06-25,2026-06-25,Completed,In Window
V00726,SUB-0132,Screening,2025-09-02,2025-09-02,Completed,In Window
V00727,SUB-0132,Baseline,2025-09-16,2025-09-16,Completed,In Window
V00728,SUB-0132,Week 2,2025-09-30,2025-10-02,Completed,In Window
V00729,SUB-0132,Week 4,2025-10-14,2025-10-16,Completed,In Window
V00730,SUB-0132,Week 8,2025-11-11,,Overdue,
V00731,SUB-0132,Week 12,2025-12-09,2025-12-10,Completed,In Window
V00732,SUB-0132,Week 24,2026-03-03,2026-03-03,Completed,In Window
V00733,SUB-0133,Screening,2026-05-26,2026-05-28,Completed,In Window
V00734,SUB-0133,Baseline,2026-06-09,2026-06-10,Completed,In Window
V00735,SUB-0133,Week 2,2026-06-23,2026-06-24,Completed,In Window
V00736,SUB-0133,Week 4,2026-07-07,2026-07-06,Completed,In Window
V00737,SUB-0133,Week 8,2026-08-04,2026-08-03,Completed,In Window
V00738,SUB-0133,Week 12,2026-09-01,2026-09-01,Completed,In Window
V00739,SUB-0133,Week 24,2026-11-24,,Scheduled,
V00740,SUB-0134,Screening,2025-06-10,,Missed,
V00741,SUB-0135,Screening,2025-07-08,2025-07-09,Completed,In Window
V00742,SUB-0135,Baseline,2025-07-22,2025-07-21,Completed,In Window
V00743,SUB-0135,Week 2,2025-08-05,2025-08-06,Completed,In Window
V00744,SUB-0135,Week 4,2025-08-19,2025-08-21,Completed,In Window
V00745,SUB-0135,Week 8,2025-09-16,,Overdue,
V00746,SUB-0135,Week 12,2025-10-14,,Missed,
V00747,SUB-0135,Week 24,2026-01-06,2026-01-05,Completed,In Window
V00748,SUB-0136,Screening,2026-03-11,2026-03-12,Completed,In Window
V00749,SUB-0136,Baseline,2026-03-25,2026-03-23,Completed,In Window
V00750,SUB-0136,Week 2,2026-04-08,2026-04-11,Completed,In Window
V00751,SUB-0136,Week 4,2026-04-22,2026-04-20,Completed,In Window
V00752,SUB-0136,Week 8,2026-05-20,2026-05-23,Completed,In Window
V00753,SUB-0136,Week 12,2026-06-17,2026-06-18,Completed,In Window
V00754,SUB-0136,Week 24,2026-09-09,2026-09-09,Completed,In Window
V00755,SUB-0137,Screening,2026-06-04,2026-06-02,Completed,In Window
V00756,SUB-0137,Baseline,2026-06-18,,Overdue,
V00757,SUB-0137,Week 2,2026-07-02,,Missed,
V00758,SUB-0137,Week 4,2026-07-16,2026-07-19,Completed,In Window
V00759,SUB-0137,Week 8,2026-08-13,2026-08-11,Completed,In Window
V00760,SUB-0137,Week 12,2026-09-10,2026-09-10,Completed,In Window
V00761,SUB-0137,Week 24,2026-12-03,,Scheduled,
V00762,SUB-0138,Screening,2026-08-30,2026-08-29,Completed,In Window
V00763,SUB-0138,Baseline,2026-09-13,2026-09-13,Completed,In Window
V00764,SUB-0138,Week 2,2026-09-27,2026-09-25,Completed,In Window
V00765,SUB-0138,Week 4,2026-10-11,2026-10-09,Completed,In Window
V00766,SUB-0138,Week 8,2026-11-08,,Scheduled,
V00767,SUB-0138,Week 12,2026-12-06,,Scheduled,
V00768,SUB-0138,Week 24,2027-02-28,,Scheduled,
V00769,SUB-0139,Screening,2026-01-04,2026-01-03,Completed,In Window
V00770,SUB-0139,Baseline,2026-01-18,2026-01-21,Completed,In Window
V00771,SUB-0139,Week 2,2026-02-01,2026-02-02,Completed,In Window
V00772,SUB-0139,Week 4,2026-02-15,2026-02-17,Completed,In Window
V00773,SUB-0139,Week 8,2026-03-15,2026-03-17,Completed,In Window
V00774,SUB-0139,Week 12,2026-04-12,,Missed,
V00775,SUB-0139,Week 24,2026-07-05,2026-07-05,Completed,In Window
V00776,SUB-0140,Screening,2026-07-18,2026-07-21,Completed,In Window
V00777,SUB-0140,Baseline,2026-08-01,2026-08-02,Completed,In Window
V00778,SUB-0140,Week 2,2026-08-15,2026-08-15,Completed,In Window
V00779,SUB-0140,Week 4,2026-08-29,2026-08-28,Completed,In Window
V00780,SUB-0140,Week 8,2026-09-26,2026-09-24,Completed,In Window
V00781,SUB-0140,Week 12,2026-10-24,2026-10-22,Completed,In Window
V00782,SUB-0140,Week 24,2027-01-16,,Scheduled,
V00783,SUB-0141,Screening,2026-07-21,2026-07-19,Completed,In Window
V00784,SUB-0141,Baseline,2026-08-04,2026-08-06,Completed,In Window
V00785,SUB-0141,Week 2,2026-08-18,,Missed,
V00786,SUB-0141,Week 4,2026-09-01,2026-09-02,Completed,In Window
V00787,SUB-0141,Week 8,2026-09-29,2026-09-30,Completed,In Window
V00788,SUB-0141,Week 12,2026-10-27,2026-10-30,Completed,In Window
V00789,SUB-0141,Week 24,2027-01-19,,Scheduled,
V00790,SUB-0142,Screening,2026-05-17,2026-05-20,Completed,In Window
V00791,SUB-0142,Baseline,2026-05-31,2026-05-30,Completed,In Window
V00792,SUB-0142,Week 2,2026-06-14,2026-06-14,Completed,In Window
V00793,SUB-0142,Week 4,2026-06-28,2026-06-28,Completed,In Window
V00794,SUB-0142,Week 8,2026-07-26,2026-07-28,Completed,In Window
V00795,SUB-0142,Week 12,2026-08-23,2026-08-26,Completed,In Window
V00796,SUB-0142,Week 24,2026-11-15,,Scheduled,
V00797,SUB-0143,Screening,2026-06-01,,Missed,
V00798,SUB-0143,Baseline,2026-06-15,2026-06-15,Completed,In Window
V00799,SUB-0143,Week 2,2026-06-29,2026-06-29,Completed,In Window
V00800,SUB-0143,Week 4,2026-07-13,2026-07-11,Completed,In Window
V00801,SUB-0143,Week 8,2026-08-10,2026-08-10,Completed,In Window
V00802,SUB-0143,Week 12,2026-09-07,2026-09-08,Completed,In Window
V00803,SUB-0143,Week 24,2026-11-30,,Scheduled,
V00804,SUB-0144,Screening,2025-12-06,,Missed,
V00805,SUB-0144,Baseline,2025-12-20,2025-12-19,Completed,In Window
V00806,SUB-0144,Week 2,2026-01-03,,Overdue,
V00807,SUB-0144,Week 4,2026-01-17,2026-01-15,Completed,In Window
V00808,SUB-0144,Week 8,2026-02-14,,Overdue,
V00809,SUB-0144,Week 12,2026-03-14,,Overdue,
V00810,SUB-0144,Week 24,2026-06-06,2026-06-04,Completed,In Window
V00811,SUB-0145,Screening,2025-07-13,2025-07-11,Completed,In Window
V00812,SUB-0145,Baseline,2025-07-27,2025-07-25,Completed,In Window
V00813,SUB-0145,Week 2,2025-08-10,2025-08-13,Completed,In Window
V00814,SUB-0145,Week 4,2025-08-24,2025-08-23,Completed,In Window
V00815,SUB-0145,Week 8,2025-09-21,2025-09-21,Completed,In Window
V00816,SUB-0145,Week 12,2025-10-19,2025-10-19,Completed,In Window
V00817,SUB-0145,Week 24,2026-01-11,2026-01-12,Completed,In Window
V00818,SUB-0146,Screening,2025-08-13,2025-08-12,Completed,In Window
V00819,SUB-0147,Screening,2026-05-31,2026-06-01,Completed,In Window
V00820,SUB-0148,Screening,2026-09-04,2026-09-06,Completed,In Window
V00821,SUB-0148,Baseline,2026-09-18,2026-09-21,Completed,In Window
V00822,SUB-0148,Week 2,2026-10-02,2026-10-02,Completed,In Window
V00823,SUB-0148,Week 4,2026-10-16,2026-10-15,Completed,In Window
V00824,SUB-0148,Week 8,2026-11-13,,Scheduled,
V00825,SUB-0148,Week 12,2026-12-11,,Scheduled,
V00826,SUB-0148,Week 24,2027-03-05,,Scheduled,
V00827,SUB-0149,Screening,2026-03-30,2026-04-02,Completed,In Window
V00828,SUB-0149,Baseline,2026-04-13,,Missed,
V00829,SUB-0149,Week 2,2026-04-27,2026-04-26,Completed,In Window
V00830,SUB-0149,Week 4,2026-05-11,2026-05-14,Completed,In Window
V00831,SUB-0149,Week 8,2026-06-08,2026-06-10,Completed,In Window
V00832,SUB-0149,Week 12,2026-07-06,,Missed,
V00833,SUB-0149,Week 24,2026-09-28,2026-10-01,Completed,In Window
V00834,SUB-0150,Screening,2026-04-10,2026-04-09,Completed,In Window
V00835,SUB-0151,Screening,2026-01-13,2026-01-12,Completed,In Window
V00836,SUB-0151,Baseline,2026-01-27,2026-01-28,Completed,In Window
V00837,SUB-0151,Week 2,2026-02-10,2026-02-11,Completed,In Window
V00838,SUB-0151,Week 4,2026-02-24,2026-02-22,Completed,In Window
V00839,SUB-0151,Week 8,2026-03-24,2026-03-23,Completed,In Window
V00840,SUB-0151,Week 12,2026-04-21,2026-04-24,Completed,In Window
V00841,SUB-0151,Week 24,2026-07-14,2026-07-15,Completed,In Window
V00842,SUB-0152,Screening,2026-04-16,2026-04-17,Completed,In Window
V00843,SUB-0153,Screening,2025-05-16,,Overdue,
V00844,SUB-0153,Baseline,2025-05-30,2025-05-28,Completed,In Window
V00845,SUB-0153,Week 2,2025-06-13,,Missed,
V00846,SUB-0153,Week 4,2025-06-27,2025-06-25,Completed,In Window
V00847,SUB-0153,Week 8,2025-07-25,2025-07-28,Completed,In Window
V00848,SUB-0153,Week 12,2025-08-22,2025-08-21,Completed,In Window
V00849,SUB-0153,Week 24,2025-11-14,2025-11-13,Completed,In Window
V00850,SUB-0154,Screening,2026-08-01,2026-08-01,Completed,In Window
V00851,SUB-0154,Baseline,2026-08-15,2026-08-13,Completed,In Window
V00852,SUB-0154,Week 2,2026-08-29,2026-08-30,Completed,In Window
V00853,SUB-0154,Week 4,2026-09-12,2026-09-12,Completed,In Window
V00854,SUB-0154,Week 8,2026-10-10,2026-10-11,Completed,In Window
V00855,SUB-0154,Week 12,2026-11-07,,Scheduled,
V00856,SUB-0154,Week 24,2027-01-30,,Scheduled,
V00857,SUB-0155,Screening,2026-02-12,2026-02-15,Completed,In Window
V00858,SUB-0155,Baseline,2026-02-26,2026-02-25,Completed,In Window
V00859,SUB-0155,Week 2,2026-03-12,2026-03-12,Completed,In Window
V00860,SUB-0155,Week 4,2026-03-26,2026-03-28,Completed,In Window
V00861,SUB-0155,Week 8,2026-04-23,2026-04-25,Completed,In Window
V00862,SUB-0155,Week 12,2026-05-21,2026-05-19,Completed,In Window
V00863,SUB-0155,Week 24,2026-08-13,2026-08-15,Completed,In Window
V00864,SUB-0156,Screening,2026-07-29,2026-07-28,Completed,In Window
V00865,SUB-0156,Baseline,2026-08-12,2026-08-10,Completed,In Window
V00866,SUB-0156,Week 2,2026-08-26,2026-08-27,Completed,In Window
V00867,SUB-0156,Week 4,2026-09-09,2026-09-09,Completed,In Window
V00868,SUB-0156,Week 8,2026-10-07,2026-10-05,Completed,In Window
V00869,SUB-0156,Week 12,2026-11-04,,Scheduled,
V00870,SUB-0156,Week 24,2027-01-27,,Scheduled,
V00871,SUB-0157,Screening,2025-07-27,2025-07-29,Completed,In Window
V00872,SUB-0157,Baseline,2025-08-10,2025-08-09,Completed,In Window
V00873,SUB-0157,Week 2,2025-08-24,2025-08-26,Completed,In Window
V00874,SUB-0157,Week 4,2025-09-07,2025-09-10,Completed,In Window
V00875,SUB-0157,Week 8,2025-10-05,2025-10-04,Completed,In Window
V00876,SUB-0157,Week 12,2025-11-02,2025-11-02,Completed,In Window
V00877,SUB-0157,Week 24,2026-01-25,2026-01-27,Completed,In Window
V00878,SUB-0158,Screening,2026-07-09,2026-07-08,Completed,In Window
V00879,SUB-0158,Baseline,2026-07-23,2026-07-22,Completed,In Window
V00880,SUB-0158,Week 2,2026-08-06,,Missed,
V00881,SUB-0158,Week 4,2026-08-20,2026-08-21,Completed,In Window
V00882,SUB-0158,Week 8,2026-09-17,2026-09-15,Completed,In Window
V00883,SUB-0158,Week 12,2026-10-15,2026-10-18,Completed,In Window
V00884,SUB-0158,Week 24,2027-01-07,,Scheduled,
V00885,SUB-0159,Screening,2025-06-11,2025-06-14,Completed,In Window
V00886,SUB-0159,Baseline,2025-06-25,2025-06-23,Completed,In Window
V00887,SUB-0159,Week 2,2025-07-09,2025-07-07,Completed,In Window
V00888,SUB-0159,Week 4,2025-07-23,2025-07-22,Completed,In Window
V00889,SUB-0159,Week 8,2025-08-20,2025-08-21,Completed,In Window
V00890,SUB-0159,Week 12,2025-09-17,2025-09-17,Completed,In Window
V00891,SUB-0159,Week 24,2025-12-10,2025-12-13,Completed,In Window
V00892,SUB-0160,Screening,2025-11-07,2025-11-05,Completed,In Window
V00893,SUB-0160,Baseline,2025-11-21,2025-11-20,Completed,In Window
V00894,SUB-0160,Week 2,2025-12-05,2025-12-03,Completed,In Window
V00895,SUB-0160,Week 4,2025-12-19,,Overdue,
V00896,SUB-0160,Week 8,2026-01-16,,Overdue,
V00897,SUB-0160,Week 12,2026-02-13,2026-02-15,Completed,In Window
V00898,SUB-0160,Week 24,2026-05-08,2026-05-11,Completed,In Window
V00899,SUB-0161,Screening,2025-10-28,,Missed,
V00900,SUB-0162,Screening,2025-12-02,2025-11-30,Completed,In Window
V00901,SUB-0162,Baseline,2025-12-16,2025-12-16,Completed,In Window
V00902,SUB-0162,Week 2,2025-12-30,,Missed,
V00903,SUB-0162,Week 4,2026-01-13,,Overdue,
V00904,SUB-0162,Week 8,2026-02-10,2026-02-08,Completed,In Window
V00905,SUB-0162,Week 12,2026-03-10,2026-03-11,Completed,In Window
V00906,SUB-0162,Week 24,2026-06-02,2026-06-02,Completed,In Window
V00907,SUB-0163,Screening,2025-12-19,2025-12-17,Completed,In Window
V00908,SUB-0163,Baseline,2026-01-02,,Missed,
V00909,SUB-0163,Week 2,2026-01-16,2026-01-18,Completed,In Window
V00910,SUB-0163,Week 4,2026-01-30,,Overdue,
V00911,SUB-0163,Week 8,2026-02-27,2026-02-25,Completed,In Window
V00912,SUB-0163,Week 12,2026-03-27,2026-03-25,Completed,In Window
V00913,SUB-0163,Week 24,2026-06-19,2026-06-17,Completed,In Window
V00914,SUB-0164,Screening,2026-02-26,2026-02-28,Completed,In Window
V00915,SUB-0165,Screening,2025-08-27,2025-08-29,Completed,In Window
V00916,SUB-0165,Baseline,2025-09-10,2025-09-13,Completed,In Window
V00917,SUB-0165,Week 2,2025-09-24,2025-09-25,Completed,In Window
V00918,SUB-0165,Week 4,2025-10-08,2025-10-10,Completed,In Window
V00919,SUB-0165,Week 8,2025-11-05,2025-11-08,Completed,In Window
V00920,SUB-0165,Week 12,2025-12-03,2025-12-06,Completed,In Window
V00921,SUB-0165,Week 24,2026-02-25,2026-02-25,Completed,In Window
V00922,SUB-0166,Screening,2026-04-12,2026-04-13,Completed,In Window
V00923,SUB-0166,Baseline,2026-04-26,2026-04-29,Completed,In Window
V00924,SUB-0166,Week 2,2026-05-10,2026-05-11,Completed,In Window
V00925,SUB-0166,Week 4,2026-05-24,2026-05-27,Completed,In Window
V00926,SUB-0166,Week 8,2026-06-21,,Missed,
V00927,SUB-0166,Week 12,2026-07-19,2026-07-20,Completed,In Window
V00928,SUB-0166,Week 24,2026-10-11,2026-10-10,Completed,In Window
V00929,SUB-0167,Screening,2026-07-17,2026-07-18,Completed,In Window
V00930,SUB-0167,Baseline,2026-07-31,2026-07-30,Completed,In Window
V00931,SUB-0167,Week 2,2026-08-14,2026-08-17,Completed,In Window
V00932,SUB-0167,Week 4,2026-08-28,2026-08-29,Completed,In Window
V00933,SUB-0167,Week 8,2026-09-25,,Missed,
V00934,SUB-0167,Week 12,2026-10-23,2026-10-26,Completed,In Window
V00935,SUB-0167,Week 24,2027-01-15,,Scheduled,
V00936,SUB-0168,Screening,2025-08-06,,Missed,
V00937,SUB-0168,Baseline,2025-08-20,2025-08-21,Completed,In Window
V00938,SUB-0168,Week 2,2025-09-03,2025-09-02,Completed,In Window
V00939,SUB-0168,Week 4,2025-09-17,2025-09-16,Completed,In Window
V00940,SUB-0168,Week 8,2025-10-15,2025-10-17,Completed,In Window
V00941,SUB-0168,Week 12,2025-11-12,2025-11-11,Completed,In Window
V00942,SUB-0168,Week 24,2026-02-04,2026-02-02,Completed,In Window
V00943,SUB-0169,Screening,2025-06-07,2025-06-05,Completed,In Window
V00944,SUB-0170,Screening,2026-02-12,2026-02-15,Completed,In Window
V00945,SUB-0170,Baseline,2026-02-26,2026-02-25,Completed,In Window
V00946,SUB-0170,Week 2,2026-03-12,,Missed,
V00947,SUB-0170,Week 4,2026-03-26,2026-03-24,Completed,In Window
V00948,SUB-0170,Week 8,2026-04-23,2026-04-23,Completed,In Window
V00949,SUB-0170,Week 12,2026-05-21,2026-05-24,Completed,In Window
V00950,SUB-0170,Week 24,2026-08-13,2026-08-13,Completed,In Window
V00951,SUB-0171,Screening,2026-06-25,2026-06-26,Completed,In Window
V00952,SUB-0171,Baseline,2026-07-09,2026-07-07,Completed,In Window
V00953,SUB-0171,Week 2,2026-07-23,2026-07-23,Completed,In Window
V00954,SUB-0171,Week 4,2026-08-06,2026-08-06,Completed,In Window
V00955,SUB-0171,Week 8,2026-09-03,2026-09-02,Completed,In Window
V00956,SUB-0171,Week 12,2026-10-01,2026-10-03,Completed,In Window
V00957,SUB-0171,Week 24,2026-12-24,,Scheduled,
V00958,SUB-0172,Screening,2026-06-13,2026-06-15,Completed,In Window
V00959,SUB-0172,Baseline,2026-06-27,2026-06-26,Completed,In Window
V00960,SUB-0172,Week 2,2026-07-11,2026-07-10,Completed,In Window
V00961,SUB-0172,Week 4,2026-07-25,2026-07-27,Completed,In Window
V00962,SUB-0172,Week 8,2026-08-22,2026-08-25,Completed,In Window
V00963,SUB-0172,Week 12,2026-09-19,2026-09-17,Completed,In Window
V00964,SUB-0172,Week 24,2026-12-12,,Scheduled,
V00965,SUB-0173,Screening,2025-09-22,2025-09-23,Completed,In Window
V00966,SUB-0173,Baseline,2025-10-06,2025-10-04,Completed,In Window
V00967,SUB-0173,Week 2,2025-10-20,2025-10-18,Completed,In Window
V00968,SUB-0173,Week 4,2025-11-03,2025-11-04,Completed,In Window
V00969,SUB-0173,Week 8,2025-12-01,2025-12-02,Completed,In Window
V00970,SUB-0173,Week 12,2025-12-29,2025-12-29,Completed,In Window
V00971,SUB-0173,Week 24,2026-03-23,2026-03-23,Completed,In Window
V00972,SUB-0174,Screening,2026-06-17,,Missed,
V00973,SUB-0175,Screening,2025-06-21,2025-06-20,Completed,In Window
V00974,SUB-0175,Baseline,2025-07-05,2025-07-03,Completed,In Window
V00975,SUB-0175,Week 2,2025-07-19,2025-07-19,Completed,In Window
V00976,SUB-0175,Week 4,2025-08-02,2025-08-02,Completed,In Window
V00977,SUB-0175,Week 8,2025-08-30,,Overdue,
V00978,SUB-0175,Week 12,2025-09-27,2025-09-27,Completed,In Window
V00979,SUB-0175,Week 24,2025-12-20,2025-12-20,Completed,In Window
V00980,SUB-0176,Screening,2026-06-12,2026-06-12,Completed,In Window
V00981,SUB-0176,Baseline,2026-06-26,2026-06-29,Completed,In Window
V00982,SUB-0176,Week 2,2026-07-10,2026-07-11,Completed,In Window
V00983,SUB-0176,Week 4,2026-07-24,2026-07-22,Completed,In Window
V00984,SUB-0176,Week 8,2026-08-21,2026-08-21,Completed,In Window
V00985,SUB-0176,Week 12,2026-09-18,,Missed,
V00986,SUB-0176,Week 24,2026-12-11,,Scheduled,
V00987,SUB-0177,Screening,2025-11-04,2025-11-05,Completed,In Window
V00988,SUB-0178,Screening,2025-08-09,2025-08-08,Completed,In Window
V00989,SUB-0178,Baseline,2025-08-23,2025-08-23,Completed,In Window
V00990,SUB-0178,Week 2,2025-09-06,2025-09-04,Completed,In Window
V00991,SUB-0178,Week 4,2025-09-20,2025-09-20,Completed,In Window
V00992,SUB-0178,Week 8,2025-10-18,2025-10-16,Completed,In Window
V00993,SUB-0178,Week 12,2025-11-15,,Overdue,
V00994,SUB-0178,Week 24,2026-02-07,2026-02-05,Completed,In Window
V00995,SUB-0179,Screening,2025-02-14,2025-02-13,Completed,In Window
V00996,SUB-0179,Baseline,2025-02-28,2025-03-01,Completed,In Window
V00997,SUB-0179,Week 2,2025-03-14,2025-03-15,Completed,In Window
V00998,SUB-0179,Week 4,2025-03-28,2025-03-27,Completed,In Window
V00999,SUB-0179,Week 8,2025-04-25,2025-04-25,Completed,In Window
V01000,SUB-0179,Week 12,2025-05-23,,Missed,
V01001,SUB-0179,Week 24,2025-08-15,2025-08-13,Completed,In Window
V01002,SUB-0180,Screening,2026-01-02,2026-01-01,Completed,In Window
V01003,SUB-0181,Screening,2025-03-20,2025-03-19,Completed,In Window
V01004,SUB-0182,Screening,2025-09-02,2025-09-03,Completed,In Window
V01005,SUB-0182,Baseline,2025-09-16,,Overdue,
V01006,SUB-0182,Week 2,2025-09-30,2025-10-03,Completed,In Window
V01007,SUB-0182,Week 4,2025-10-14,,Overdue,
V01008,SUB-0182,Week 8,2025-11-11,2025-11-14,Completed,In Window
V01009,SUB-0182,Week 12,2025-12-09,2025-12-12,Completed,In Window
V01010,SUB-0182,Week 24,2026-03-03,2026-03-01,Completed,In Window
V01011,SUB-0183,Screening,2025-04-11,2025-04-09,Completed,In Window
V01012,SUB-0183,Baseline,2025-04-25,2025-04-23,Completed,In Window
V01013,SUB-0183,Week 2,2025-05-09,2025-05-11,Completed,In Window
V01014,SUB-0183,Week 4,2025-05-23,2025-05-25,Completed,In Window
V01015,SUB-0183,Week 8,2025-06-20,2025-06-19,Completed,In Window
V01016,SUB-0183,Week 12,2025-07-18,2025-07-21,Completed,In Window
V01017,SUB-0183,Week 24,2025-10-10,2025-10-10,Completed,In Window
V01018,SUB-0184,Screening,2025-10-29,2025-10-28,Completed,In Window
V01019,SUB-0184,Baseline,2025-11-12,2025-11-10,Completed,In Window
V01020,SUB-0184,Week 2,2025-11-26,2025-11-27,Completed,In Window
V01021,SUB-0184,Week 4,2025-12-10,2025-12-13,Completed,In Window
V01022,SUB-0184,Week 8,2026-01-07,2026-01-10,Completed,In Window
V01023,SUB-0184,Week 12,2026-02-04,2026-02-06,Completed,In Window
V01024,SUB-0184,Week 24,2026-04-29,2026-04-27,Completed,In Window
V01025,SUB-0185,Screening,2025-08-22,,Overdue,
V01026,SUB-0185,Baseline,2025-09-05,2025-09-04,Completed,In Window
V01027,SUB-0185,Week 2,2025-09-19,2025-09-17,Completed,In Window
V01028,SUB-0185,Week 4,2025-10-03,2025-10-03,Completed,In Window
V01029,SUB-0185,Week 8,2025-10-31,2025-11-02,Completed,In Window
V01030,SUB-0185,Week 12,2025-11-28,2025-11-26,Completed,In Window
V01031,SUB-0185,Week 24,2026-02-20,2026-02-20,Completed,In Window
V01032,SUB-0186,Screening,2025-11-19,2025-11-19,Completed,In Window
V01033,SUB-0187,Screening,2025-01-15,2025-01-17,Completed,In Window
V01034,SUB-0188,Screening,2025-10-02,,Overdue,
V01035,SUB-0188,Baseline,2025-10-16,,Overdue,
V01036,SUB-0188,Week 2,2025-10-30,2025-11-01,Completed,In Window
V01037,SUB-0188,Week 4,2025-11-13,2025-11-13,Completed,In Window
V01038,SUB-0188,Week 8,2025-12-11,2025-12-14,Completed,In Window
V01039,SUB-0188,Week 12,2026-01-08,,Missed,
V01040,SUB-0188,Week 24,2026-04-02,2026-04-04,Completed,In Window
V01041,SUB-0189,Screening,2025-05-30,2025-05-28,Completed,In Window
V01042,SUB-0189,Baseline,2025-06-13,2025-06-12,Completed,In Window
V01043,SUB-0189,Week 2,2025-06-27,2025-06-26,Completed,In Window
V01044,SUB-0189,Week 4,2025-07-11,2025-07-12,Completed,In Window
V01045,SUB-0189,Week 8,2025-08-08,2025-08-09,Completed,In Window
V01046,SUB-0189,Week 12,2025-09-05,2025-09-03,Completed,In Window
V01047,SUB-0189,Week 24,2025-11-28,2025-11-30,Completed,In Window
V01048,SUB-0190,Screening,2025-02-01,2025-01-31,Completed,In Window
V01049,SUB-0190,Baseline,2025-02-15,2025-02-14,Completed,In Window
V01050,SUB-0190,Week 2,2025-03-01,2025-03-02,Completed,In Window
V01051,SUB-0190,Week 4,2025-03-15,,Overdue,
V01052,SUB-0190,Week 8,2025-04-12,2025-04-10,Completed,In Window
V01053,SUB-0190,Week 12,2025-05-10,2025-05-10,Completed,In Window
V01054,SUB-0190,Week 24,2025-08-02,2025-08-05,Completed,In Window
V01055,SUB-0191,Screening,2025-10-31,2025-10-30,Completed,In Window
V01056,SUB-0192,Screening,2025-07-19,2025-07-18,Completed,In Window
V01057,SUB-0192,Baseline,2025-08-02,2025-08-01,Completed,In Window
V01058,SUB-0192,Week 2,2025-08-16,,Overdue,
V01059,SUB-0192,Week 4,2025-08-30,2025-08-28,Completed,In Window
V01060,SUB-0192,Week 8,2025-09-27,2025-09-30,Completed,In Window
V01061,SUB-0192,Week 12,2025-10-25,2025-10-23,Completed,In Window
V01062,SUB-0192,Week 24,2026-01-17,2026-01-15,Completed,In Window
V01063,SUB-0193,Screening,2026-04-18,,Overdue,
V01064,SUB-0193,Baseline,2026-05-02,2026-05-02,Completed,In Window
V01065,SUB-0193,Week 2,2026-05-16,,Overdue,
V01066,SUB-0193,Week 4,2026-05-30,2026-05-30,Completed,In Window
V01067,SUB-0193,Week 8,2026-06-27,2026-06-28,Completed,In Window
V01068,SUB-0193,Week 12,2026-07-25,2026-07-23,Completed,In Window
V01069,SUB-0193,Week 24,2026-10-17,2026-10-17,Completed,In Window
V01070,SUB-0194,Screening,2025-08-30,2025-08-29,Completed,In Window
V01071,SUB-0194,Baseline,2025-09-13,2025-09-11,Completed,In Window
V01072,SUB-0194,Week 2,2025-09-27,2025-09-27,Completed,In Window
V01073,SUB-0194,Week 4,2025-10-11,2025-10-14,Completed,In Window
V01074,SUB-0194,Week 8,2025-11-08,2025-11-11,Completed,In Window
V01075,SUB-0194,Week 12,2025-12-06,2025-12-05,Completed,In Window
V01076,SUB-0194,Week 24,2026-02-28,,Missed,
V01077,SUB-0195,Screening,2026-01-07,,Missed,
V01078,SUB-0195,Baseline,2026-01-21,,Overdue,
V01079,SUB-0195,Week 2,2026-02-04,2026-02-04,Completed,In Window
V01080,SUB-0195,Week 4,2026-02-18,,Missed,
V01081,SUB-0195,Week 8,2026-03-18,2026-03-21,Completed,In Window
V01082,SUB-0195,Week 12,2026-04-15,2026-04-14,Completed,In Window
V01083,SUB-0195,Week 24,2026-07-08,2026-07-08,Completed,In Window
V01084,SUB-0196,Screening,2025-07-09,2025-07-09,Completed,In Window
V01085,SUB-0196,Baseline,2025-07-23,2025-07-24,Completed,In Window
V01086,SUB-0196,Week 2,2025-08-06,,Overdue,
V01087,SUB-0196,Week 4,2025-08-20,2025-08-21,Completed,In Window
V01088,SUB-0196,Week 8,2025-09-17,2025-09-17,Completed,In Window
V01089,SUB-0196,Week 12,2025-10-15,2025-10-15,Completed,In Window
V01090,SUB-0196,Week 24,2026-01-07,2026-01-08,Completed,In Window
V01091,SUB-0197,Screening,2026-05-03,2026-05-06,Completed,In Window
V01092,SUB-0197,Baseline,2026-05-17,2026-05-15,Completed,In Window
V01093,SUB-0197,Week 2,2026-05-31,,Missed,
V01094,SUB-0197,Week 4,2026-06-14,2026-06-15,Completed,In Window
V01095,SUB-0197,Week 8,2026-07-12,2026-07-11,Completed,In Window
V01096,SUB-0197,Week 12,2026-08-09,2026-08-10,Completed,In Window
V01097,SUB-0197,Week 24,2026-11-01,,Scheduled,
V01098,SUB-0198,Screening,2026-04-03,2026-04-02,Completed,In Window
V01099,SUB-0199,Screening,2025-10-30,2025-11-02,Completed,In Window
V01100,SUB-0199,Baseline,2025-11-13,2025-11-14,Completed,In Window
V01101,SUB-0199,Week 2,2025-11-27,2025-11-27,Completed,In Window
V01102,SUB-0199,Week 4,2025-12-11,2025-12-11,Completed,In Window
V01103,SUB-0199,Week 8,2026-01-08,2026-01-06,Completed,In Window
V01104,SUB-0199,Week 12,2026-02-05,,Missed,
V01105,SUB-0199,Week 24,2026-04-30,2026-04-30,Completed,In Window
V01106,SUB-0200,Screening,2025-03-19,2025-03-22,Completed,In Window
V01107,SUB-0200,Baseline,2025-04-02,2025-04-04,Completed,In Window
V01108,SUB-0200,Week 2,2025-04-16,,Missed,
V01109,SUB-0200,Week 4,2025-04-30,2025-04-28,Completed,In Window
V01110,SUB-0200,Week 8,2025-05-28,2025-05-29,Completed,In Window
V01111,SUB-0200,Week 12,2025-06-25,,Missed,
V01112,SUB-0200,Week 24,2025-09-17,2025-09-15,Completed,In Window
V01113,SUB-0201,Screening,2026-04-30,2026-05-02,Completed,In Window
V01114,SUB-0201,Baseline,2026-05-14,2026-05-16,Completed,In Window
V01115,SUB-0201,Week 2,2026-05-28,,Overdue,
V01116,SUB-0201,Week 4,2026-06-11,2026-06-13,Completed,In Window
V01117,SUB-0201,Week 8,2026-07-09,2026-07-08,Completed,In Window
V01118,SUB-0201,Week 12,2026-08-06,2026-08-07,Completed,In Window
V01119,SUB-0201,Week 24,2026-10-29,2026-10-31,Completed,In Window
V01120,SUB-0202,Screening,2026-05-14,2026-05-15,Completed,In Window
V01121,SUB-0202,Baseline,2026-05-28,2026-05-31,Completed,In Window
V01122,SUB-0202,Week 2,2026-06-11,2026-06-12,Completed,In Window
V01123,SUB-0202,Week 4,2026-06-25,2026-06-24,Completed,In Window
V01124,SUB-0202,Week 8,2026-07-23,2026-07-24,Completed,In Window
V01125,SUB-0202,Week 12,2026-08-20,2026-08-18,Completed,In Window
V01126,SUB-0202,Week 24,2026-11-12,,Scheduled,
V01127,SUB-0203,Screening,2025-07-03,,Missed,
V01128,SUB-0204,Screening,2025-07-01,2025-06-30,Completed,In Window
V01129,SUB-0204,Baseline,2025-07-15,2025-07-17,Completed,In Window
V01130,SUB-0204,Week 2,2025-07-29,2025-07-27,Completed,In Window
V01131,SUB-0204,Week 4,2025-08-12,2025-08-14,Completed,In Window
V01132,SUB-0204,Week 8,2025-09-09,2025-09-08,Completed,In Window
V01133,SUB-0204,Week 12,2025-10-07,2025-10-08,Completed,In Window
V01134,SUB-0204,Week 24,2025-12-30,2025-12-29,Completed,In Window
V01135,SUB-0205,Screening,2025-12-16,2025-12-19,Completed,In Window
V01136,SUB-0206,Screening,2025-10-25,2025-10-27,Completed,In Window
V01137,SUB-0207,Screening,2025-04-08,,Overdue,
V01138,SUB-0207,Baseline,2025-04-22,2025-04-22,Completed,In Window
V01139,SUB-0207,Week 2,2025-05-06,2025-05-05,Completed,In Window
V01140,SUB-0207,Week 4,2025-05-20,2025-05-18,Completed,In Window
V01141,SUB-0207,Week 8,2025-06-17,2025-06-17,Completed,In Window
V01142,SUB-0207,Week 12,2025-07-15,2025-07-16,Completed,In Window
V01143,SUB-0207,Week 24,2025-10-07,2025-10-06,Completed,In Window
V01144,SUB-0208,Screening,2025-04-19,,Overdue,
V01145,SUB-0208,Baseline,2025-05-03,2025-05-05,Completed,In Window
V01146,SUB-0208,Week 2,2025-05-17,2025-05-15,Completed,In Window
V01147,SUB-0208,Week 4,2025-05-31,2025-06-02,Completed,In Window
V01148,SUB-0208,Week 8,2025-06-28,,Overdue,
V01149,SUB-0208,Week 12,2025-07-26,2025-07-24,Completed,In Window
V01150,SUB-0208,Week 24,2025-10-18,2025-10-20,Completed,In Window
V01151,SUB-0209,Screening,2026-01-13,2026-01-16,Completed,In Window
V01152,SUB-0210,Screening,2025-09-02,2025-09-05,Completed,In Window
V01153,SUB-0210,Baseline,2025-09-16,2025-09-14,Completed,In Window
V01154,SUB-0210,Week 2,2025-09-30,2025-10-03,Completed,In Window
V01155,SUB-0210,Week 4,2025-10-14,2025-10-12,Completed,In Window
V01156,SUB-0210,Week 8,2025-11-11,2025-11-10,Completed,In Window
V01157,SUB-0210,Week 12,2025-12-09,2025-12-11,Completed,In Window
V01158,SUB-0210,Week 24,2026-03-03,2026-03-04,Completed,In Window
V01159,SUB-0211,Screening,2025-04-03,2025-04-05,Completed,In Window
V01160,SUB-0211,Baseline,2025-04-17,,Overdue,
V01161,SUB-0211,Week 2,2025-05-01,2025-04-30,Completed,In Window
V01162,SUB-0211,Week 4,2025-05-15,2025-05-13,Completed,In Window
V01163,SUB-0211,Week 8,2025-06-12,2025-06-13,Completed,In Window
V01164,SUB-0211,Week 12,2025-07-10,,Overdue,
V01165,SUB-0211,Week 24,2025-10-02,2025-10-01,Completed,In Window
V01166,SUB-0212,Screening,2025-06-14,2025-06-15,Completed,In Window
V01167,SUB-0213,Screening,2025-03-03,2025-03-01,Completed,In Window
V01168,SUB-0213,Baseline,2025-03-17,2025-03-19,Completed,In Window
V01169,SUB-0213,Week 2,2025-03-31,,Missed,
V01170,SUB-0213,Week 4,2025-04-14,2025-04-17,Completed,In Window
V01171,SUB-0213,Week 8,2025-05-12,2025-05-14,Completed,In Window
V01172,SUB-0213,Week 12,2025-06-09,2025-06-10,Completed,In Window
V01173,SUB-0213,Week 24,2025-09-01,2025-09-03,Completed,In Window
V01174,SUB-0214,Screening,2025-09-27,2025-09-25,Completed,In Window
V01175,SUB-0214,Baseline,2025-10-11,2025-10-12,Completed,In Window
V01176,SUB-0214,Week 2,2025-10-25,2025-10-25,Completed,In Window
V01177,SUB-0214,Week 4,2025-11-08,2025-11-08,Completed,In Window
V01178,SUB-0214,Week 8,2025-12-06,2025-12-08,Completed,In Window
V01179,SUB-0214,Week 12,2026-01-03,2026-01-06,Completed,In Window
V01180,SUB-0214,Week 24,2026-03-28,2026-03-26,Completed,In Window
V01181,SUB-0215,Screening,2025-11-11,2025-11-09,Completed,In Window
V01182,SUB-0215,Baseline,2025-11-25,,Missed,
V01183,SUB-0215,Week 2,2025-12-09,2025-12-10,Completed,In Window
V01184,SUB-0215,Week 4,2025-12-23,2025-12-21,Completed,In Window
V01185,SUB-0215,Week 8,2026-01-20,2026-01-22,Completed,In Window
V01186,SUB-0215,Week 12,2026-02-17,2026-02-15,Completed,In Window
V01187,SUB-0215,Week 24,2026-05-12,2026-05-11,Completed,In Window
V01188,SUB-0216,Screening,2025-09-21,2025-09-23,Completed,In Window
V01189,SUB-0217,Screening,2025-05-12,2025-05-13,Completed,In Window
V01190,SUB-0217,Baseline,2025-05-26,2025-05-28,Completed,In Window
V01191,SUB-0217,Week 2,2025-06-09,,Missed,
V01192,SUB-0217,Week 4,2025-06-23,2025-06-21,Completed,In Window
V01193,SUB-0217,Week 8,2025-07-21,2025-07-21,Completed,In Window
V01194,SUB-0217,Week 12,2025-08-18,2025-08-18,Completed,In Window
V01195,SUB-0217,Week 24,2025-11-10,2025-11-09,Completed,In Window
V01196,SUB-0218,Screening,2026-04-20,2026-04-19,Completed,In Window
V01197,SUB-0218,Baseline,2026-05-04,2026-05-07,Completed,In Window
V01198,SUB-0218,Week 2,2026-05-18,2026-05-18,Completed,In Window
V01199,SUB-0218,Week 4,2026-06-01,2026-06-02,Completed,In Window
V01200,SUB-0218,Week 8,2026-06-29,2026-06-27,Completed,In Window
V01201,SUB-0218,Week 12,2026-07-27,,Overdue,
V01202,SUB-0218,Week 24,2026-10-19,2026-10-19,Completed,In Window
V01203,SUB-0219,Screening,2026-01-16,2026-01-18,Completed,In Window
V01204,SUB-0219,Baseline,2026-01-30,2026-01-31,Completed,In Window
V01205,SUB-0219,Week 2,2026-02-13,2026-02-13,Completed,In Window
V01206,SUB-0219,Week 4,2026-02-27,2026-02-28,Completed,In Window
V01207,SUB-0219,Week 8,2026-03-27,2026-03-26,Completed,In Window
V01208,SUB-0219,Week 12,2026-04-24,,Overdue,
V01209,SUB-0219,Week 24,2026-07-17,,Overdue,
V01210,SUB-0220,Screening,2026-02-21,2026-02-19,Completed,In Window
V01211,SUB-0220,Baseline,2026-03-07,,Overdue,
V01212,SUB-0220,Week 2,2026-03-21,2026-03-22,Completed,In Window
V01213,SUB-0220,Week 4,2026-04-04,2026-04-07,Completed,In Window
V01214,SUB-0220,Week 8,2026-05-02,2026-05-02,Completed,In Window
V01215,SUB-0220,Week 12,2026-05-30,2026-06-02,Completed,In Window
V01216,SUB-0220,Week 24,2026-08-22,2026-08-21,Completed,In Window
V01217,SUB-0221,Screening,2025-06-06,,Missed,
V01218,SUB-0222,Screening,2025-06-17,2025-06-15,Completed,In Window
V01219,SUB-0222,Baseline,2025-07-01,2025-07-03,Completed,In Window
V01220,SUB-0222,Week 2,2025-07-15,2025-07-13,Completed,In Window
V01221,SUB-0222,Week 4,2025-07-29,2025-08-01,Completed,In Window
V01222,SUB-0222,Week 8,2025-08-26,2025-08-24,Completed,In Window
V01223,SUB-0222,Week 12,2025-09-23,2025-09-24,Completed,In Window
V01224,SUB-0222,Week 24,2025-12-16,2025-12-17,Completed,In Window
V01225,SUB-0223,Screening,2025-09-27,2025-09-29,Completed,In Window
V01226,SUB-0224,Screening,2025-05-11,2025-05-14,Completed,In Window
V01227,SUB-0224,Baseline,2025-05-25,2025-05-24,Completed,In Window
V01228,SUB-0224,Week 2,2025-06-08,2025-06-06,Completed,In Window
V01229,SUB-0224,Week 4,2025-06-22,2025-06-24,Completed,In Window
V01230,SUB-0224,Week 8,2025-07-20,2025-07-19,Completed,In Window
V01231,SUB-0224,Week 12,2025-08-17,2025-08-17,Completed,In Window
V01232,SUB-0224,Week 24,2025-11-09,2025-11-12,Completed,In Window
V01233,SUB-0225,Screening,2026-04-21,,Missed,
V01234,SUB-0226,Screening,2025-09-24,2025-09-25,Completed,In Window
V01235,SUB-0226,Baseline,2025-10-08,2025-10-08,Completed,In Window
V01236,SUB-0226,Week 2,2025-10-22,2025-10-25,Completed,In Window
V01237,SUB-0226,Week 4,2025-11-05,2025-11-04,Completed,In Window
V01238,SUB-0226,Week 8,2025-12-03,2025-12-05,Completed,In Window
V01239,SUB-0226,Week 12,2025-12-31,2026-01-02,Completed,In Window
V01240,SUB-0226,Week 24,2026-03-25,2026-03-27,Completed,In Window
V01241,SUB-0227,Screening,2026-03-10,2026-03-11,Completed,In Window
V01242,SUB-0228,Screening,2025-02-08,2025-02-11,Completed,In Window
V01243,SUB-0228,Baseline,2025-02-22,,Overdue,
V01244,SUB-0228,Week 2,2025-03-08,2025-03-08,Completed,In Window
V01245,SUB-0228,Week 4,2025-03-22,2025-03-22,Completed,In Window
V01246,SUB-0228,Week 8,2025-04-19,2025-04-20,Completed,In Window
V01247,SUB-0228,Week 12,2025-05-17,2025-05-19,Completed,In Window
V01248,SUB-0228,Week 24,2025-08-09,,Missed,
V01249,SUB-0229,Screening,2025-01-22,,Overdue,
V01250,SUB-0229,Baseline,2025-02-05,2025-02-04,Completed,In Window
V01251,SUB-0229,Week 2,2025-02-19,2025-02-17,Completed,In Window
V01252,SUB-0229,Week 4,2025-03-05,2025-03-06,Completed,In Window
V01253,SUB-0229,Week 8,2025-04-02,2025-04-02,Completed,In Window
V01254,SUB-0229,Week 12,2025-04-30,,Overdue,
V01255,SUB-0229,Week 24,2025-07-23,2025-07-21,Completed,In Window
V01256,SUB-0230,Screening,2025-05-17,2025-05-16,Completed,In Window
V01257,SUB-0231,Screening,2026-05-09,2026-05-08,Completed,In Window
V01258,SUB-0231,Baseline,2026-05-23,2026-05-25,Completed,In Window
V01259,SUB-0231,Week 2,2026-06-06,2026-06-08,Completed,In Window
V01260,SUB-0231,Week 4,2026-06-20,2026-06-18,Completed,In Window
V01261,SUB-0231,Week 8,2026-07-18,2026-07-17,Completed,In Window
V01262,SUB-0231,Week 12,2026-08-15,2026-08-15,Completed,In Window
V01263,SUB-0231,Week 24,2026-11-07,,Scheduled,
V01264,SUB-0232,Screening,2025-02-11,2025-02-14,Completed,In Window
V01265,SUB-0232,Baseline,2025-02-25,2025-02-28,Completed,In Window
V01266,SUB-0232,Week 2,2025-03-11,2025-03-11,Completed,In Window
V01267,SUB-0232,Week 4,2025-03-25,,Missed,
V01268,SUB-0232,Week 8,2025-04-22,,Missed,
V01269,SUB-0232,Week 12,2025-05-20,2025-05-19,Completed,In Window
V01270,SUB-0232,Week 24,2025-08-12,2025-08-15,Completed,In Window
V01271,SUB-0233,Screening,2026-03-04,2026-03-02,Completed,In Window
V01272,SUB-0233,Baseline,2026-03-18,2026-03-20,Completed,In Window
V01273,SUB-0233,Week 2,2026-04-01,2026-04-03,Completed,In Window
V01274,SUB-0233,Week 4,2026-04-15,2026-04-13,Completed,In Window
V01275,SUB-0233,Week 8,2026-05-13,2026-05-11,Completed,In Window
V01276,SUB-0233,Week 12,2026-06-10,2026-06-09,Completed,In Window
V01277,SUB-0233,Week 24,2026-09-02,2026-09-02,Completed,In Window
V01278,SUB-0234,Screening,2026-01-05,,Overdue,
V01279,SUB-0234,Baseline,2026-01-19,2026-01-17,Completed,In Window
V01280,SUB-0234,Week 2,2026-02-02,,Missed,
V01281,SUB-0234,Week 4,2026-02-16,,Overdue,
V01282,SUB-0234,Week 8,2026-03-16,2026-03-14,Completed,In Window
V01283,SUB-0234,Week 12,2026-04-13,2026-04-13,Completed,In Window
V01284,SUB-0234,Week 24,2026-07-06,2026-07-04,Completed,In Window
V01285,SUB-0235,Screening,2026-03-01,2026-03-02,Completed,In Window
V01286,SUB-0235,Baseline,2026-03-15,2026-03-17,Completed,In Window
V01287,SUB-0235,Week 2,2026-03-29,2026-03-30,Completed,In Window
V01288,SUB-0235,Week 4,2026-04-12,2026-04-14,Completed,In Window
V01289,SUB-0235,Week 8,2026-05-10,2026-05-12,Completed,In Window
V01290,SUB-0235,Week 12,2026-06-07,2026-06-06,Completed,In Window
V01291,SUB-0235,Week 24,2026-08-30,2026-08-29,Completed,In Window
V01292,SUB-0236,Screening,2026-01-31,2026-01-29,Completed,In Window
V01293,SUB-0236,Baseline,2026-02-14,2026-02-14,Completed,In Window
V01294,SUB-0236,Week 2,2026-02-28,2026-03-02,Completed,In Window
V01295,SUB-0236,Week 4,2026-03-14,2026-03-16,Completed,In Window
V01296,SUB-0236,Week 8,2026-04-11,2026-04-12,Completed,In Window
V01297,SUB-0236,Week 12,2026-05-09,2026-05-11,Completed,In Window
V01298,SUB-0236,Week 24,2026-08-01,,Overdue,
V01299,SUB-0237,Screening,2026-03-25,2026-03-24,Completed,In Window
V01300,SUB-0237,Baseline,2026-04-08,2026-04-06,Completed,In Window
V01301,SUB-0237,Week 2,2026-04-22,,Missed,
V01302,SUB-0237,Week 4,2026-05-06,2026-05-05,Completed,In Window
V01303,SUB-0237,Week 8,2026-06-03,,Overdue,
V01304,SUB-0237,Week 12,2026-07-01,2026-07-01,Completed,In Window
V01305,SUB-0237,Week 24,2026-09-23,2026-09-23,Completed,In Window
V01306,SUB-0238,Screening,2025-11-15,2025-11-18,Completed,In Window
V01307,SUB-0238,Baseline,2025-11-29,2025-12-01,Completed,In Window
V01308,SUB-0238,Week 2,2025-12-13,2025-12-14,Completed,In Window
V01309,SUB-0238,Week 4,2025-12-27,2025-12-29,Completed,In Window
V01310,SUB-0238,Week 8,2026-01-24,2026-01-27,Completed,In Window
V01311,SUB-0238,Week 12,2026-02-21,2026-02-21,Completed,In Window
V01312,SUB-0238,Week 24,2026-05-16,2026-05-16,Completed,In Window
V01313,SUB-0239,Screening,2025-02-27,2025-02-27,Completed,In Window
V01314,SUB-0239,Baseline,2025-03-13,2025-03-14,Completed,In Window
V01315,SUB-0239,Week 2,2025-03-27,2025-03-25,Completed,In Window
V01316,SUB-0239,Week 4,2025-04-10,,Missed,
V01317,SUB-0239,Week 8,2025-05-08,2025-05-07,Completed,In Window
V01318,SUB-0239,Week 12,2025-06-05,2025-06-06,Completed,In Window
V01319,SUB-0239,Week 24,2025-08-28,2025-08-26,Completed,In Window
V01320,SUB-0240,Screening,2026-02-28,2026-03-02,Completed,In Window
V01321,SUB-0240,Baseline,2026-03-14,2026-03-16,Completed,In Window
V01322,SUB-0240,Week 2,2026-03-28,2026-03-30,Completed,In Window
V01323,SUB-0240,Week 4,2026-04-11,2026-04-11,Completed,In Window
V01324,SUB-0240,Week 8,2026-05-09,2026-05-07,Completed,In Window
V01325,SUB-0240,Week 12,2026-06-06,2026-06-04,Completed,In Window
V01326,SUB-0240,Week 24,2026-08-29,2026-08-29,Completed,In Window
V01327,SUB-0241,Screening,2025-05-10,2025-05-08,Completed,In Window
V01328,SUB-0242,Screening,2026-02-01,2026-02-01,Completed,In Window
V01329,SUB-0242,Baseline,2026-02-15,2026-02-16,Completed,In Window
V01330,SUB-0242,Week 2,2026-03-01,2026-03-01,Completed,In Window
V01331,SUB-0242,Week 4,2026-03-15,,Overdue,
V01332,SUB-0242,Week 8,2026-04-12,2026-04-12,Completed,In Window
V01333,SUB-0242,Week 12,2026-05-10,2026-05-11,Completed,In Window
V01334,SUB-0242,Week 24,2026-08-02,2026-08-02,Completed,In Window
V01335,SUB-0243,Screening,2026-04-21,,Missed,
V01336,SUB-0243,Baseline,2026-05-05,2026-05-05,Completed,In Window
V01337,SUB-0243,Week 2,2026-05-19,2026-05-17,Completed,In Window
V01338,SUB-0243,Week 4,2026-06-02,2026-06-04,Completed,In Window
V01339,SUB-0243,Week 8,2026-06-30,2026-06-29,Completed,In Window
V01340,SUB-0243,Week 12,2026-07-28,2026-07-31,Completed,In Window
V01341,SUB-0243,Week 24,2026-10-20,2026-10-23,Completed,In Window
V01342,SUB-0244,Screening,2025-10-13,2025-10-16,Completed,In Window
V01343,SUB-0245,Screening,2025-07-25,2025-07-28,Completed,In Window
V01344,SUB-0245,Baseline,2025-08-08,2025-08-11,Completed,In Window
V01345,SUB-0245,Week 2,2025-08-22,2025-08-21,Completed,In Window
V01346,SUB-0245,Week 4,2025-09-05,2025-09-08,Completed,In Window
V01347,SUB-0245,Week 8,2025-10-03,2025-10-03,Completed,In Window
V01348,SUB-0245,Week 12,2025-10-31,2025-11-01,Completed,In Window
V01349,SUB-0245,Week 24,2026-01-23,,Missed,
V01350,SUB-0246,Screening,2025-08-20,,Missed,
V01351,SUB-0246,Baseline,2025-09-03,2025-09-03,Completed,In Window
V01352,SUB-0246,Week 2,2025-09-17,2025-09-20,Completed,In Window
V01353,SUB-0246,Week 4,2025-10-01,2025-09-30,Completed,In Window
V01354,SUB-0246,Week 8,2025-10-29,2025-10-28,Completed,In Window
V01355,SUB-0246,Week 12,2025-11-26,2025-11-24,Completed,In Window
V01356,SUB-0246,Week 24,2026-02-18,,Overdue,
V01357,SUB-0247,Screening,2026-04-08,2026-04-08,Completed,In Window
V01358,SUB-0248,Screening,2025-11-29,2025-11-29,Completed,In Window
V01359,SUB-0248,Baseline,2025-12-13,2025-12-11,Completed,In Window
V01360,SUB-0248,Week 2,2025-12-27,2025-12-25,Completed,In Window
V01361,SUB-0248,Week 4,2026-01-10,,Missed,
V01362,SUB-0248,Week 8,2026-02-07,,Missed,
V01363,SUB-0248,Week 12,2026-03-07,,Overdue,
V01364,SUB-0248,Week 24,2026-05-30,2026-06-01,Completed,In Window
V01365,SUB-0249,Screening,2026-01-12,2026-01-14,Completed,In Window
V01366,SUB-0249,Baseline,2026-01-26,2026-01-27,Completed,In Window
V01367,SUB-0249,Week 2,2026-02-09,2026-02-10,Completed,In Window
V01368,SUB-0249,Week 4,2026-02-23,2026-02-25,Completed,In Window
V01369,SUB-0249,Week 8,2026-03-23,2026-03-22,Completed,In Window
V01370,SUB-0249,Week 12,2026-04-20,2026-04-20,Completed,In Window
V01371,SUB-0249,Week 24,2026-07-13,2026-07-12,Completed,In Window
V01372,SUB-0250,Screening,2025-02-17,2025-02-19,Completed,In Window
V01373,SUB-0250,Baseline,2025-03-03,2025-03-01,Completed,In Window
V01374,SUB-0250,Week 2,2025-03-17,2025-03-19,Completed,In Window
V01375,SUB-0250,Week 4,2025-03-31,2025-04-03,Completed,In Window
V01376,SUB-0250,Week 8,2025-04-28,2025-04-30,Completed,In Window
V01377,SUB-0250,Week 12,2025-05-26,2025-05-26,Completed,In Window
V01378,SUB-0250,Week 24,2025-08-18,,Missed,
V01379,SUB-0251,Screening,2025-03-27,2025-03-25,Completed,In Window
V01380,SUB-0251,Baseline,2025-04-10,2025-04-08,Completed,In Window
V01381,SUB-0251,Week 2,2025-04-24,2025-04-22,Completed,In Window
V01382,SUB-0251,Week 4,2025-05-08,2025-05-08,Completed,In Window
V01383,SUB-0251,Week 8,2025-06-05,,Overdue,
V01384,SUB-0251,Week 12,2025-07-03,2025-07-05,Completed,In Window
V01385,SUB-0251,Week 24,2025-09-25,2025-09-27,Completed,In Window
V01386,SUB-0252,Screening,2025-12-08,2025-12-07,Completed,In Window
V01387,SUB-0252,Baseline,2025-12-22,,Missed,
V01388,SUB-0252,Week 2,2026-01-05,2026-01-07,Completed,In Window
V01389,SUB-0252,Week 4,2026-01-19,2026-01-20,Completed,In Window
V01390,SUB-0252,Week 8,2026-02-16,2026-02-14,Completed,In Window
V01391,SUB-0252,Week 12,2026-03-16,,Missed,
V01392,SUB-0252,Week 24,2026-06-08,2026-06-11,Completed,In Window
V01393,SUB-0253,Screening,2025-07-13,2025-07-15,Completed,In Window
V01394,SUB-0253,Baseline,2025-07-27,2025-07-25,Completed,In Window
V01395,SUB-0253,Week 2,2025-08-10,2025-08-13,Completed,In Window
V01396,SUB-0253,Week 4,2025-08-24,2025-08-27,Completed,In Window
V01397,SUB-0253,Week 8,2025-09-21,2025-09-23,Completed,In Window
V01398,SUB-0253,Week 12,2025-10-19,2025-10-22,Completed,In Window
V01399,SUB-0253,Week 24,2026-01-11,2026-01-13,Completed,In Window
V01400,SUB-0254,Screening,2025-06-14,2025-06-13,Completed,In Window
V01401,SUB-0254,Baseline,2025-06-28,,Overdue,
V01402,SUB-0254,Week 2,2025-07-12,2025-07-14,Completed,In Window
V01403,SUB-0254,Week 4,2025-07-26,2025-07-24,Completed,In Window
V01404,SUB-0254,Week 8,2025-08-23,2025-08-23,Completed,In Window
V01405,SUB-0254,Week 12,2025-09-20,2025-09-18,Completed,In Window
V01406,SUB-0254,Week 24,2025-12-13,2025-12-16,Completed,In Window
V01407,SUB-0255,Screening,2025-10-29,2025-10-30,Completed,In Window
V01408,SUB-0255,Baseline,2025-11-12,2025-11-14,Completed,In Window
V01409,SUB-0255,Week 2,2025-11-26,2025-11-29,Completed,In Window
V01410,SUB-0255,Week 4,2025-12-10,2025-12-11,Completed,In Window
V01411,SUB-0255,Week 8,2026-01-07,2026-01-08,Completed,In Window
V01412,SUB-0255,Week 12,2026-02-04,2026-02-06,Completed,In Window
V01413,SUB-0255,Week 24,2026-04-29,2026-04-30,Completed,In Window
V01414,SUB-0256,Screening,2025-11-12,2025-11-12,Completed,In Window
V01415,SUB-0256,Baseline,2025-11-26,2025-11-29,Completed,In Window
V01416,SUB-0256,Week 2,2025-12-10,2025-12-11,Completed,In Window
V01417,SUB-0256,Week 4,2025-12-24,2025-12-26,Completed,In Window
V01418,SUB-0256,Week 8,2026-01-21,2026-01-20,Completed,In Window
V01419,SUB-0256,Week 12,2026-02-18,2026-02-19,Completed,In Window
V01420,SUB-0256,Week 24,2026-05-13,2026-05-16,Completed,In Window
V01421,SUB-0257,Screening,2026-01-02,2025-12-31,Completed,In Window
V01422,SUB-0257,Baseline,2026-01-16,2026-01-17,Completed,In Window
V01423,SUB-0257,Week 2,2026-01-30,,Missed,
V01424,SUB-0257,Week 4,2026-02-13,2026-02-16,Completed,In Window
V01425,SUB-0257,Week 8,2026-03-13,2026-03-15,Completed,In Window
V01426,SUB-0257,Week 12,2026-04-10,2026-04-09,Completed,In Window
V01427,SUB-0257,Week 24,2026-07-03,2026-07-04,Completed,In Window
V01428,SUB-0258,Screening,2025-03-09,2025-03-09,Completed,In Window
V01429,SUB-0258,Baseline,2025-03-23,2025-03-22,Completed,In Window
V01430,SUB-0258,Week 2,2025-04-06,2025-04-05,Completed,In Window
V01431,SUB-0258,Week 4,2025-04-20,2025-04-20,Completed,In Window
V01432,SUB-0258,Week 8,2025-05-18,2025-05-21,Completed,In Window
V01433,SUB-0258,Week 12,2025-06-15,2025-06-14,Completed,In Window
V01434,SUB-0258,Week 24,2025-09-07,2025-09-07,Completed,In Window
V01435,SUB-0259,Screening,2026-06-14,2026-06-14,Completed,In Window
V01436,SUB-0259,Baseline,2026-06-28,2026-07-01,Completed,In Window
V01437,SUB-0259,Week 2,2026-07-12,,Overdue,
V01438,SUB-0259,Week 4,2026-07-26,2026-07-26,Completed,In Window
V01439,SUB-0259,Week 8,2026-08-23,2026-08-26,Completed,In Window
V01440,SUB-0259,Week 12,2026-09-20,2026-09-20,Completed,In Window
V01441,SUB-0259,Week 24,2026-12-13,,Scheduled,
V01442,SUB-0260,Screening,2025-09-23,2025-09-22,Completed,In Window
V01443,SUB-0260,Baseline,2025-10-07,2025-10-07,Completed,In Window
V01444,SUB-0260,Week 2,2025-10-21,2025-10-22,Completed,In Window
V01445,SUB-0260,Week 4,2025-11-04,2025-11-03,Completed,In Window
V01446,SUB-0260,Week 8,2025-12-02,2025-11-30,Completed,In Window
V01447,SUB-0260,Week 12,2025-12-30,2025-12-31,Completed,In Window
V01448,SUB-0260,Week 24,2026-03-24,2026-03-27,Completed,In Window
V01449,SUB-0261,Screening,2026-04-13,2026-04-16,Completed,In Window
V01450,SUB-0261,Baseline,2026-04-27,2026-04-30,Completed,In Window
V01451,SUB-0261,Week 2,2026-05-11,2026-05-13,Completed,In Window
V01452,SUB-0261,Week 4,2026-05-25,2026-05-24,Completed,In Window
V01453,SUB-0261,Week 8,2026-06-22,2026-06-25,Completed,In Window
V01454,SUB-0261,Week 12,2026-07-20,2026-07-20,Completed,In Window
V01455,SUB-0261,Week 24,2026-10-12,2026-10-10,Completed,In Window
V01456,SUB-0262,Screening,2025-12-07,2025-12-06,Completed,In Window
V01457,SUB-0262,Baseline,2025-12-21,2025-12-19,Completed,In Window
V01458,SUB-0262,Week 2,2026-01-04,2026-01-07,Completed,In Window
V01459,SUB-0262,Week 4,2026-01-18,,Missed,
V01460,SUB-0262,Week 8,2026-02-15,2026-02-14,Completed,In Window
V01461,SUB-0262,Week 12,2026-03-15,2026-03-16,Completed,In Window
V01462,SUB-0262,Week 24,2026-06-07,,Overdue,
V01463,SUB-0263,Screening,2025-11-23,2025-11-22,Completed,In Window
V01464,SUB-0264,Screening,2026-04-06,,Missed,
V01465,SUB-0265,Screening,2025-11-10,2025-11-13,Completed,In Window
V01466,SUB-0265,Baseline,2025-11-24,2025-11-24,Completed,In Window
V01467,SUB-0265,Week 2,2025-12-08,2025-12-06,Completed,In Window
V01468,SUB-0265,Week 4,2025-12-22,2025-12-24,Completed,In Window
V01469,SUB-0265,Week 8,2026-01-19,2026-01-17,Completed,In Window
V01470,SUB-0265,Week 12,2026-02-16,2026-02-14,Completed,In Window
V01471,SUB-0265,Week 24,2026-05-11,2026-05-13,Completed,In Window
V01472,SUB-0266,Screening,2025-11-17,2025-11-18,Completed,In Window
V01473,SUB-0267,Screening,2026-05-06,,Missed,
V01474,SUB-0267,Baseline,2026-05-20,2026-05-23,Completed,In Window
V01475,SUB-0267,Week 2,2026-06-03,2026-06-01,Completed,In Window
V01476,SUB-0267,Week 4,2026-06-17,2026-06-15,Completed,In Window
V01477,SUB-0267,Week 8,2026-07-15,2026-07-18,Completed,In Window
V01478,SUB-0267,Week 12,2026-08-12,2026-08-13,Completed,In Window
V01479,SUB-0267,Week 24,2026-11-04,,Scheduled,
V01480,SUB-0268,Screening,2025-09-04,2025-09-03,Completed,In Window
V01481,SUB-0269,Screening,2025-03-11,,Overdue,
V01482,SUB-0269,Baseline,2025-03-25,2025-03-26,Completed,In Window
V01483,SUB-0269,Week 2,2025-04-08,2025-04-07,Completed,In Window
V01484,SUB-0269,Week 4,2025-04-22,2025-04-22,Completed,In Window
V01485,SUB-0269,Week 8,2025-05-20,2025-05-20,Completed,In Window
V01486,SUB-0269,Week 12,2025-06-17,2025-06-16,Completed,In Window
V01487,SUB-0269,Week 24,2025-09-09,2025-09-10,Completed,In Window
V01488,SUB-0270,Screening,2025-06-01,2025-05-31,Completed,In Window
V01489,SUB-0270,Baseline,2025-06-15,2025-06-16,Completed,In Window
V01490,SUB-0270,Week 2,2025-06-29,2025-06-30,Completed,In Window
V01491,SUB-0270,Week 4,2025-07-13,2025-07-15,Completed,In Window
V01492,SUB-0270,Week 8,2025-08-10,,Overdue,
V01493,SUB-0270,Week 12,2025-09-07,2025-09-08,Completed,In Window
V01494,SUB-0270,Week 24,2025-11-30,2025-11-29,Completed,In Window
V01495,SUB-0271,Screening,2025-07-31,,Missed,
V01496,SUB-0271,Baseline,2025-08-14,2025-08-14,Completed,In Window
V01497,SUB-0271,Week 2,2025-08-28,2025-08-29,Completed,In Window
V01498,SUB-0271,Week 4,2025-09-11,2025-09-09,Completed,In Window
V01499,SUB-0271,Week 8,2025-10-09,2025-10-09,Completed,In Window
V01500,SUB-0271,Week 12,2025-11-06,2025-11-06,Completed,In Window
V01501,SUB-0271,Week 24,2026-01-29,2026-01-27,Completed,In Window
V01502,SUB-0272,Screening,2025-06-19,2025-06-19,Completed,In Window
V01503,SUB-0272,Baseline,2025-07-03,2025-07-04,Completed,In Window
V01504,SUB-0272,Week 2,2025-07-17,,Overdue,
V01505,SUB-0272,Week 4,2025-07-31,2025-08-02,Completed,In Window
V01506,SUB-0272,Week 8,2025-08-28,2025-08-27,Completed,In Window
V01507,SUB-0272,Week 12,2025-09-25,2025-09-28,Completed,In Window
V01508,SUB-0272,Week 24,2025-12-18,2025-12-17,Completed,In Window
V01509,SUB-0273,Screening,2025-06-20,2025-06-20,Completed,In Window
V01510,SUB-0274,Screening,2025-03-11,,Overdue,
V01511,SUB-0275,Screening,2026-05-06,2026-05-05,Completed,In Window
V01512,SUB-0276,Screening,2025-12-16,2025-12-14,Completed,In Window
V01513,SUB-0277,Screening,2026-06-21,,Missed,
V01514,SUB-0277,Baseline,2026-07-05,,Missed,
V01515,SUB-0277,Week 2,2026-07-19,2026-07-20,Completed,In Window
V01516,SUB-0277,Week 4,2026-08-02,2026-07-31,Completed,In Window
V01517,SUB-0277,Week 8,2026-08-30,2026-08-30,Completed,In Window
V01518,SUB-0277,Week 12,2026-09-27,,Overdue,
V01519,SUB-0277,Week 24,2026-12-20,,Scheduled,
V01520,SUB-0278,Screening,2025-06-06,2025-06-06,Completed,In Window
V01521,SUB-0278,Baseline,2025-06-20,2025-06-22,Completed,In Window
V01522,SUB-0278,Week 2,2025-07-04,,Missed,
V01523,SUB-0278,Week 4,2025-07-18,2025-07-18,Completed,In Window
V01524,SUB-0278,Week 8,2025-08-15,,Overdue,
V01525,SUB-0278,Week 12,2025-09-12,2025-09-15,Completed,In Window
V01526,SUB-0278,Week 24,2025-12-05,2025-12-04,Completed,In Window
V01527,SUB-0279,Screening,2025-11-12,2025-11-15,Completed,In Window
V01528,SUB-0279,Baseline,2025-11-26,2025-11-25,Completed,In Window
V01529,SUB-0279,Week 2,2025-12-10,2025-12-08,Completed,In Window
V01530,SUB-0279,Week 4,2025-12-24,2025-12-24,Completed,In Window
V01531,SUB-0279,Week 8,2026-01-21,,Overdue,
V01532,SUB-0279,Week 12,2026-02-18,2026-02-18,Completed,In Window
V01533,SUB-0279,Week 24,2026-05-13,2026-05-16,Completed,In Window
V01534,SUB-0280,Screening,2026-02-17,2026-02-15,Completed,In Window
V01535,SUB-0281,Screening,2025-05-16,,Overdue,
V01536,SUB-0282,Screening,2026-03-28,2026-03-30,Completed,In Window
V01537,SUB-0283,Screening,2026-07-09,,Missed,
V01538,SUB-0283,Baseline,2026-07-23,2026-07-22,Completed,In Window
V01539,SUB-0283,Week 2,2026-08-06,2026-08-04,Completed,In Window
V01540,SUB-0283,Week 4,2026-08-20,2026-08-22,Completed,In Window
V01541,SUB-0283,Week 8,2026-09-17,2026-09-18,Completed,In Window
V01542,SUB-0283,Week 12,2026-10-15,2026-10-16,Completed,In Window
V01543,SUB-0283,Week 24,2027-01-07,,Scheduled,
V01544,SUB-0284,Screening,2026-06-10,2026-06-09,Completed,In Window
V01545,SUB-0284,Baseline,2026-06-24,2026-06-23,Completed,In Window
V01546,SUB-0284,Week 2,2026-07-08,2026-07-08,Completed,In Window
V01547,SUB-0284,Week 4,2026-07-22,2026-07-24,Completed,In Window
V01548,SUB-0284,Week 8,2026-08-19,2026-08-20,Completed,In Window
V01549,SUB-0284,Week 12,2026-09-16,2026-09-15,Completed,In Window
V01550,SUB-0284,Week 24,2026-12-09,,Scheduled,
V01551,SUB-0285,Screening,2025-10-30,,Overdue,
V01552,SUB-0285,Baseline,2025-11-13,2025-11-16,Completed,In Window
V01553,SUB-0285,Week 2,2025-11-27,2025-11-28,Completed,In Window
V01554,SUB-0285,Week 4,2025-12-11,2025-12-11,Completed,In Window
V01555,SUB-0285,Week 8,2026-01-08,2026-01-09,Completed,In Window
V01556,SUB-0285,Week 12,2026-02-05,2026-02-07,Completed,In Window
V01557,SUB-0285,Week 24,2026-04-30,2026-04-28,Completed,In Window
V01558,SUB-0286,Screening,2025-12-03,2025-12-03,Completed,In Window
V01559,SUB-0286,Baseline,2025-12-17,2025-12-19,Completed,In Window
V01560,SUB-0286,Week 2,2025-12-31,2026-01-03,Completed,In Window
V01561,SUB-0286,Week 4,2026-01-14,2026-01-13,Completed,In Window
V01562,SUB-0286,Week 8,2026-02-11,2026-02-09,Completed,In Window
V01563,SUB-0286,Week 12,2026-03-11,,Overdue,
V01564,SUB-0286,Week 24,2026-06-03,2026-06-02,Completed,In Window
V01565,SUB-0287,Screening,2025-11-14,2025-11-14,Completed,In Window
V01566,SUB-0288,Screening,2026-01-19,2026-01-19,Completed,In Window
V01567,SUB-0288,Baseline,2026-02-02,2026-02-02,Completed,In Window
V01568,SUB-0288,Week 2,2026-02-16,2026-02-15,Completed,In Window
V01569,SUB-0288,Week 4,2026-03-02,2026-03-02,Completed,In Window
V01570,SUB-0288,Week 8,2026-03-30,2026-04-02,Completed,In Window
V01571,SUB-0288,Week 12,2026-04-27,2026-04-30,Completed,In Window
V01572,SUB-0288,Week 24,2026-07-20,2026-07-20,Completed,In Window
V01573,SUB-0289,Screening,2026-05-09,2026-05-07,Completed,In Window
V01574,SUB-0289,Baseline,2026-05-23,2026-05-24,Completed,In Window
V01575,SUB-0289,Week 2,2026-06-06,2026-06-06,Completed,In Window
V01576,SUB-0289,Week 4,2026-06-20,2026-06-22,Completed,In Window
V01577,SUB-0289,Week 8,2026-07-18,2026-07-16,Completed,In Window
V01578,SUB-0289,Week 12,2026-08-15,2026-08-14,Completed,In Window
V01579,SUB-0289,Week 24,2026-11-07,,Scheduled,
V01580,SUB-0290,Screening,2025-06-13,2025-06-14,Completed,In Window
V01581,SUB-0291,Screening,2025-04-04,2025-04-02,Completed,In Window
V01582,SUB-0291,Baseline,2025-04-18,2025-04-19,Completed,In Window
V01583,SUB-0291,Week 2,2025-05-02,2025-05-03,Completed,In Window
V01584,SUB-0291,Week 4,2025-05-16,2025-05-14,Completed,In Window
V01585,SUB-0291,Week 8,2025-06-13,2025-06-11,Completed,In Window
V01586,SUB-0291,Week 12,2025-07-11,2025-07-14,Completed,In Window
V01587,SUB-0291,Week 24,2025-10-03,2025-10-05,Completed,In Window
V01588,SUB-0292,Screening,2026-04-10,2026-04-09,Completed,In Window
V01589,SUB-0292,Baseline,2026-04-24,,Overdue,
V01590,SUB-0292,Week 2,2026-05-08,,Missed,
V01591,SUB-0292,Week 4,2026-05-22,2026-05-20,Completed,In Window
V01592,SUB-0292,Week 8,2026-06-19,,Missed,
V01593,SUB-0292,Week 12,2026-07-17,2026-07-20,Completed,In Window
V01594,SUB-0292,Week 24,2026-10-09,,Scheduled,
V01595,SUB-0293,Screening,2025-07-22,2025-07-25,Completed,In Window
V01596,SUB-0293,Baseline,2025-08-05,2025-08-03,Completed,In Window
V01597,SUB-0293,Week 2,2025-08-19,2025-08-22,Completed,In Window
V01598,SUB-0293,Week 4,2025-09-02,2025-08-31,Completed,In Window
V01599,SUB-0293,Week 8,2025-09-30,2025-10-01,Completed,In Window
V01600,SUB-0293,Week 12,2025-10-28,2025-10-26,Completed,In Window
V01601,SUB-0293,Week 24,2026-01-20,,Missed,
V01602,SUB-0294,Screening,2025-11-17,2025-11-17,Completed,In Window
V01603,SUB-0294,Baseline,2025-12-01,2025-12-04,Completed,In Window
V01604,SUB-0294,Week 2,2025-12-15,,Missed,
V01605,SUB-0294,Week 4,2025-12-29,2025-12-29,Completed,In Window
V01606,SUB-0294,Week 8,2026-01-26,2026-01-29,Completed,In Window
V01607,SUB-0294,Week 12,2026-02-23,2026-02-22,Completed,In Window
V01608,SUB-0294,Week 24,2026-05-18,2026-05-20,Completed,In Window
V01609,SUB-0295,Screening,2026-04-04,,Overdue,
V01610,SUB-0295,Baseline,2026-04-18,2026-04-17,Completed,In Window
V01611,SUB-0295,Week 2,2026-05-02,2026-05-02,Completed,In Window
V01612,SUB-0295,Week 4,2026-05-16,,Missed,
V01613,SUB-0295,Week 8,2026-06-13,2026-06-11,Completed,In Window
V01614,SUB-0295,Week 12,2026-07-11,2026-07-12,Completed,In Window
V01615,SUB-0295,Week 24,2026-10-03,2026-10-04,Completed,In Window
V01616,SUB-0296,Screening,2025-08-14,2025-08-13,Completed,In Window
V01617,SUB-0296,Baseline,2025-08-28,2025-08-31,Completed,In Window
V01618,SUB-0296,Week 2,2025-09-11,2025-09-13,Completed,In Window
V01619,SUB-0296,Week 4,2025-09-25,,Overdue,
V01620,SUB-0296,Week 8,2025-10-23,2025-10-23,Completed,In Window
V01621,SUB-0296,Week 12,2025-11-20,2025-11-23,Completed,In Window
V01622,SUB-0296,Week 24,2026-02-12,2026-02-10,Completed,In Window
V01623,SUB-0297,Screening,2025-12-01,2025-12-02,Completed,In Window
V01624,SUB-0297,Baseline,2025-12-15,2025-12-17,Completed,In Window
V01625,SUB-0297,Week 2,2025-12-29,2025-12-27,Completed,In Window
V01626,SUB-0297,Week 4,2026-01-12,2026-01-15,Completed,In Window
V01627,SUB-0297,Week 8,2026-02-09,2026-02-07,Completed,In Window
V01628,SUB-0297,Week 12,2026-03-09,,Missed,
V01629,SUB-0297,Week 24,2026-06-01,2026-05-30,Completed,In Window
V01630,SUB-0298,Screening,2025-10-30,2025-11-02,Completed,In Window
V01631,SUB-0299,Screening,2025-07-20,2025-07-19,Completed,In Window
V01632,SUB-0299,Baseline,2025-08-03,2025-08-02,Completed,In Window
V01633,SUB-0299,Week 2,2025-08-17,,Missed,
V01634,SUB-0299,Week 4,2025-08-31,2025-08-31,Completed,In Window
V01635,SUB-0299,Week 8,2025-09-28,2025-09-30,Completed,In Window
V01636,SUB-0299,Week 12,2025-10-26,,Overdue,
V01637,SUB-0299,Week 24,2026-01-18,,Missed,
V01638,SUB-0300,Screening,2025-08-09,2025-08-07,Completed,In Window
V01639,SUB-0301,Screening,2025-12-25,,Missed,
V01640,SUB-0302,Screening,2025-06-26,,Missed,
V01641,SUB-0302,Baseline,2025-07-10,,Missed,
V01642,SUB-0302,Week 2,2025-07-24,2025-07-26,Completed,In Window
V01643,SUB-0302,Week 4,2025-08-07,2025-08-05,Completed,In Window
V01644,SUB-0302,Week 8,2025-09-04,2025-09-05,Completed,In Window
V01645,SUB-0302,Week 12,2025-10-02,2025-09-30,Completed,In Window
V01646,SUB-0302,Week 24,2025-12-25,2025-12-27,Completed,In Window
V01647,SUB-0303,Screening,2025-11-05,,Overdue,
V01648,SUB-0303,Baseline,2025-11-19,2025-11-18,Completed,In Window
V01649,SUB-0303,Week 2,2025-12-03,,Missed,
V01650,SUB-0303,Week 4,2025-12-17,2025-12-17,Completed,In Window
V01651,SUB-0303,Week 8,2026-01-14,2026-01-13,Completed,In Window
V01652,SUB-0303,Week 12,2026-02-11,2026-02-10,Completed,In Window
V01653,SUB-0303,Week 24,2026-05-06,2026-05-05,Completed,In Window
V01654,SUB-0304,Screening,2025-04-14,2025-04-17,Completed,In Window
V01655,SUB-0304,Baseline,2025-04-28,2025-04-27,Completed,In Window
V01656,SUB-0304,Week 2,2025-05-12,,Missed,
V01657,SUB-0304,Week 4,2025-05-26,2025-05-26,Completed,In Window
V01658,SUB-0304,Week 8,2025-06-23,2025-06-21,Completed,In Window
V01659,SUB-0304,Week 12,2025-07-21,2025-07-24,Completed,In Window
V01660,SUB-0304,Week 24,2025-10-13,2025-10-14,Completed,In Window
V01661,SUB-0305,Screening,2025-12-02,,Missed,
V01662,SUB-0305,Baseline,2025-12-16,2025-12-17,Completed,In Window
V01663,SUB-0305,Week 2,2025-12-30,,Missed,
V01664,SUB-0305,Week 4,2026-01-13,2026-01-12,Completed,In Window
V01665,SUB-0305,Week 8,2026-02-10,2026-02-11,Completed,In Window
V01666,SUB-0305,Week 12,2026-03-10,2026-03-11,Completed,In Window
V01667,SUB-0305,Week 24,2026-06-02,2026-06-01,Completed,In Window
V01668,SUB-0306,Screening,2026-05-18,2026-05-18,Completed,In Window
V01669,SUB-0306,Baseline,2026-06-01,2026-06-04,Completed,In Window
V01670,SUB-0306,Week 2,2026-06-15,2026-06-15,Completed,In Window
V01671,SUB-0306,Week 4,2026-06-29,2026-06-28,Completed,In Window
V01672,SUB-0306,Week 8,2026-07-27,2026-07-29,Completed,In Window
V01673,SUB-0306,Week 12,2026-08-24,2026-08-22,Completed,In Window
V01674,SUB-0306,Week 24,2026-11-16,,Scheduled,
V01675,SUB-0307,Screening,2025-10-09,2025-10-07,Completed,In Window
V01676,SUB-0307,Baseline,2025-10-23,2025-10-21,Completed,In Window
V01677,SUB-0307,Week 2,2025-11-06,2025-11-04,Completed,In Window
V01678,SUB-0307,Week 4,2025-11-20,2025-11-23,Completed,In Window
V01679,SUB-0307,Week 8,2025-12-18,2025-12-18,Completed,In Window
V01680,SUB-0307,Week 12,2026-01-15,,Missed,
V01681,SUB-0307,Week 24,2026-04-09,2026-04-10,Completed,In Window
V01682,SUB-0308,Screening,2025-05-18,2025-05-20,Completed,In Window
V01683,SUB-0309,Screening,2025-07-30,2025-07-29,Completed,In Window
V01684,SUB-0309,Baseline,2025-08-13,2025-08-14,Completed,In Window
V01685,SUB-0309,Week 2,2025-08-27,2025-08-27,Completed,In Window
V01686,SUB-0309,Week 4,2025-09-10,,Overdue,
V01687,SUB-0309,Week 8,2025-10-08,2025-10-09,Completed,In Window
V01688,SUB-0309,Week 12,2025-11-05,2025-11-08,Completed,In Window
V01689,SUB-0309,Week 24,2026-01-28,2026-01-26,Completed,In Window
V01690,SUB-0310,Screening,2025-05-14,2025-05-17,Completed,In Window
V01691,SUB-0310,Baseline,2025-05-28,2025-05-30,Completed,In Window
V01692,SUB-0310,Week 2,2025-06-11,2025-06-09,Completed,In Window
V01693,SUB-0310,Week 4,2025-06-25,2025-06-24,Completed,In Window
V01694,SUB-0310,Week 8,2025-07-23,,Overdue,
V01695,SUB-0310,Week 12,2025-08-20,2025-08-20,Completed,In Window
V01696,SUB-0310,Week 24,2025-11-12,2025-11-10,Completed,In Window
V01697,SUB-0311,Screening,2025-04-05,2025-04-05,Completed,In Window
V01698,SUB-0311,Baseline,2025-04-19,2025-04-20,Completed,In Window
V01699,SUB-0311,Week 2,2025-05-03,2025-05-03,Completed,In Window
V01700,SUB-0311,Week 4,2025-05-17,2025-05-16,Completed,In Window
V01701,SUB-0311,Week 8,2025-06-14,2025-06-15,Completed,In Window
V01702,SUB-0311,Week 12,2025-07-12,2025-07-10,Completed,In Window
V01703,SUB-0311,Week 24,2025-10-04,,Missed,
V01704,SUB-0312,Screening,2025-04-08,2025-04-09,Completed,In Window
V01705,SUB-0313,Screening,2025-03-31,2025-03-31,Completed,In Window
V01706,SUB-0313,Baseline,2025-04-14,2025-04-13,Completed,In Window
V01707,SUB-0313,Week 2,2025-04-28,2025-04-29,Completed,In Window
V01708,SUB-0313,Week 4,2025-05-12,2025-05-15,Completed,In Window
V01709,SUB-0313,Week 8,2025-06-09,2025-06-11,Completed,In Window
V01710,SUB-0313,Week 12,2025-07-07,2025-07-05,Completed,In Window
V01711,SUB-0313,Week 24,2025-09-29,2025-09-29,Completed,In Window
V01712,SUB-0314,Screening,2025-06-27,2025-06-29,Completed,In Window
V01713,SUB-0314,Baseline,2025-07-11,2025-07-10,Completed,In Window
V01714,SUB-0314,Week 2,2025-07-25,2025-07-23,Completed,In Window
V01715,SUB-0314,Week 4,2025-08-08,2025-08-07,Completed,In Window
V01716,SUB-0314,Week 8,2025-09-05,2025-09-06,Completed,In Window
V01717,SUB-0314,Week 12,2025-10-03,,Overdue,
V01718,SUB-0314,Week 24,2025-12-26,2025-12-29,Completed,In Window
V01719,SUB-0315,Screening,2026-03-06,2026-03-04,Completed,In Window
V01720,SUB-0315,Baseline,2026-03-20,2026-03-20,Completed,In Window
V01721,SUB-0315,Week 2,2026-04-03,2026-04-01,Completed,In Window
V01722,SUB-0315,Week 4,2026-04-17,2026-04-19,Completed,In Window
V01723,SUB-0315,Week 8,2026-05-15,2026-05-15,Completed,In Window
V01724,SUB-0315,Week 12,2026-06-12,2026-06-11,Completed,In Window
V01725,SUB-0315,Week 24,2026-09-04,2026-09-04,Completed,In Window
V01726,SUB-0316,Screening,2026-05-01,2026-04-30,Completed,In Window
V01727,SUB-0316,Baseline,2026-05-15,2026-05-14,Completed,In Window
V01728,SUB-0316,Week 2,2026-05-29,2026-05-29,Completed,In Window
V01729,SUB-0316,Week 4,2026-06-12,,Missed,
V01730,SUB-0316,Week 8,2026-07-10,2026-07-09,Completed,In Window
V01731,SUB-0316,Week 12,2026-08-07,2026-08-06,Completed,In Window
V01732,SUB-0316,Week 24,2026-10-30,2026-10-29,Completed,In Window
V01733,SUB-0317,Screening,2026-06-02,2026-06-01,Completed,In Window
V01734,SUB-0317,Baseline,2026-06-16,2026-06-18,Completed,In Window
V01735,SUB-0317,Week 2,2026-06-30,2026-06-28,Completed,In Window
V01736,SUB-0317,Week 4,2026-07-14,,Overdue,
V01737,SUB-0317,Week 8,2026-08-11,2026-08-09,Completed,In Window
V01738,SUB-0317,Week 12,2026-09-08,2026-09-10,Completed,In Window
V01739,SUB-0317,Week 24,2026-12-01,,Scheduled,
V01740,SUB-0318,Screening,2025-09-30,,Missed,
V01741,SUB-0318,Baseline,2025-10-14,2025-10-14,Completed,In Window
V01742,SUB-0318,Week 2,2025-10-28,2025-10-30,Completed,In Window
V01743,SUB-0318,Week 4,2025-11-11,2025-11-13,Completed,In Window
V01744,SUB-0318,Week 8,2025-12-09,2025-12-09,Completed,In Window
V01745,SUB-0318,Week 12,2026-01-06,,Overdue,
V01746,SUB-0318,Week 24,2026-03-31,2026-04-03,Completed,In Window
V01747,SUB-0319,Screening,2025-11-16,2025-11-17,Completed,In Window
V01748,SUB-0320,Screening,2026-06-19,2026-06-17,Completed,In Window
V01749,SUB-0320,Baseline,2026-07-03,2026-07-02,Completed,In Window
V01750,SUB-0320,Week 2,2026-07-17,,Missed,
V01751,SUB-0320,Week 4,2026-07-31,2026-08-01,Completed,In Window
V01752,SUB-0320,Week 8,2026-08-28,2026-08-29,Completed,In Window
V01753,SUB-0320,Week 12,2026-09-25,,Overdue,
V01754,SUB-0320,Week 24,2026-12-18,,Scheduled,
V01755,SUB-0321,Screening,2025-11-13,2025-11-14,Completed,In Window
V01756,SUB-0321,Baseline,2025-11-27,,Missed,
V01757,SUB-0321,Week 2,2025-12-11,2025-12-11,Completed,In Window
V01758,SUB-0321,Week 4,2025-12-25,2025-12-25,Completed,In Window
V01759,SUB-0321,Week 8,2026-01-22,2026-01-22,Completed,In Window
V01760,SUB-0321,Week 12,2026-02-19,2026-02-20,Completed,In Window
V01761,SUB-0321,Week 24,2026-05-14,2026-05-12,Completed,In Window
V01762,SUB-0322,Screening,2026-02-17,2026-02-19,Completed,In Window
V01763,SUB-0322,Baseline,2026-03-03,2026-03-01,Completed,In Window
V01764,SUB-0322,Week 2,2026-03-17,2026-03-16,Completed,In Window
V01765,SUB-0322,Week 4,2026-03-31,2026-04-01,Completed,In Window
V01766,SUB-0322,Week 8,2026-04-28,2026-04-26,Completed,In Window
V01767,SUB-0322,Week 12,2026-05-26,2026-05-28,Completed,In Window
V01768,SUB-0322,Week 24,2026-08-18,2026-08-17,Completed,In Window
V01769,SUB-0323,Screening,2026-05-16,2026-05-15,Completed,In Window
V01770,SUB-0323,Baseline,2026-05-30,2026-05-28,Completed,In Window
V01771,SUB-0323,Week 2,2026-06-13,2026-06-12,Completed,In Window
V01772,SUB-0323,Week 4,2026-06-27,2026-06-25,Completed,In Window
V01773,SUB-0323,Week 8,2026-07-25,2026-07-27,Completed,In Window
V01774,SUB-0323,Week 12,2026-08-22,,Missed,
V01775,SUB-0323,Week 24,2026-11-14,,Scheduled,
V01776,SUB-0324,Screening,2025-05-17,2025-05-16,Completed,In Window
V01777,SUB-0324,Baseline,2025-05-31,2025-05-31,Completed,In Window
V01778,SUB-0324,Week 2,2025-06-14,2025-06-13,Completed,In Window
V01779,SUB-0324,Week 4,2025-06-28,2025-06-29,Completed,In Window
V01780,SUB-0324,Week 8,2025-07-26,2025-07-26,Completed,In Window
V01781,SUB-0324,Week 12,2025-08-23,2025-08-21,Completed,In Window
V01782,SUB-0324,Week 24,2025-11-15,2025-11-18,Completed,In Window
V01783,SUB-0325,Screening,2026-02-05,2026-02-07,Completed,In Window
V01784,SUB-0325,Baseline,2026-02-19,2026-02-17,Completed,In Window
V01785,SUB-0325,Week 2,2026-03-05,2026-03-08,Completed,In Window
V01786,SUB-0325,Week 4,2026-03-19,,Missed,
V01787,SUB-0325,Week 8,2026-04-16,2026-04-18,Completed,In Window
V01788,SUB-0325,Week 12,2026-05-14,2026-05-12,Completed,In Window
V01789,SUB-0325,Week 24,2026-08-06,2026-08-05,Completed,In Window
V01790,SUB-0326,Screening,2025-08-13,2025-08-16,Completed,In Window
V01791,SUB-0326,Baseline,2025-08-27,2025-08-26,Completed,In Window
V01792,SUB-0326,Week 2,2025-09-10,2025-09-12,Completed,In Window
V01793,SUB-0326,Week 4,2025-09-24,2025-09-27,Completed,In Window
V01794,SUB-0326,Week 8,2025-10-22,2025-10-21,Completed,In Window
V01795,SUB-0326,Week 12,2025-11-19,2025-11-22,Completed,In Window
V01796,SUB-0326,Week 24,2026-02-11,,Missed,
V01797,SUB-0327,Screening,2025-11-18,,Overdue,
V01798,SUB-0328,Screening,2026-06-23,2026-06-23,Completed,In Window
V01799,SUB-0328,Baseline,2026-07-07,,Missed,
V01800,SUB-0328,Week 2,2026-07-21,2026-07-21,Completed,In Window
V01801,SUB-0328,Week 4,2026-08-04,2026-08-06,Completed,In Window
V01802,SUB-0328,Week 8,2026-09-01,2026-09-03,Completed,In Window
V01803,SUB-0328,Week 12,2026-09-29,,Missed,
V01804,SUB-0328,Week 24,2026-12-22,,Scheduled,
V01805,SUB-0329,Screening,2025-05-28,2025-05-31,Completed,In Window
V01806,SUB-0330,Screening,2025-10-27,,Missed,
V01807,SUB-0330,Baseline,2025-11-10,2025-11-12,Completed,In Window
V01808,SUB-0330,Week 2,2025-11-24,2025-11-23,Completed,In Window
V01809,SUB-0330,Week 4,2025-12-08,2025-12-07,Completed,In Window
V01810,SUB-0330,Week 8,2026-01-05,,Missed,
V01811,SUB-0330,Week 12,2026-02-02,2026-02-02,Completed,In Window
V01812,SUB-0330,Week 24,2026-04-27,,Overdue,
V01813,SUB-0331,Screening,2025-10-01,2025-09-30,Completed,In Window
V01814,SUB-0331,Baseline,2025-10-15,2025-10-15,Completed,In Window
V01815,SUB-0331,Week 2,2025-10-29,2025-10-31,Completed,In Window
V01816,SUB-0331,Week 4,2025-11-12,2025-11-13,Completed,In Window
V01817,SUB-0331,Week 8,2025-12-10,2025-12-10,Completed,In Window
V01818,SUB-0331,Week 12,2026-01-07,2026-01-08,Completed,In Window
V01819,SUB-0331,Week 24,2026-04-01,2026-04-04,Completed,In Window
V01820,SUB-0332,Screening,2025-11-27,2025-11-27,Completed,In Window
V01821,SUB-0332,Baseline,2025-12-11,2025-12-11,Completed,In Window
V01822,SUB-0332,Week 2,2025-12-25,2025-12-26,Completed,In Window
V01823,SUB-0332,Week 4,2026-01-08,,Missed,
V01824,SUB-0332,Week 8,2026-02-05,2026-02-06,Completed,In Window
V01825,SUB-0332,Week 12,2026-03-05,2026-03-08,Completed,In Window
V01826,SUB-0332,Week 24,2026-05-28,2026-05-30,Completed,In Window
V01827,SUB-0333,Screening,2025-12-25,2025-12-27,Completed,In Window
V01828,SUB-0333,Baseline,2026-01-08,2026-01-10,Completed,In Window
V01829,SUB-0333,Week 2,2026-01-22,2026-01-25,Completed,In Window
V01830,SUB-0333,Week 4,2026-02-05,2026-02-07,Completed,In Window
V01831,SUB-0333,Week 8,2026-03-05,2026-03-08,Completed,In Window
V01832,SUB-0333,Week 12,2026-04-02,2026-04-05,Completed,In Window
V01833,SUB-0333,Week 24,2026-06-25,2026-06-27,Completed,In Window
V01834,SUB-0334,Screening,2025-10-25,2025-10-27,Completed,In Window
V01835,SUB-0334,Baseline,2025-11-08,2025-11-09,Completed,In Window
V01836,SUB-0334,Week 2,2025-11-22,2025-11-20,Completed,In Window
V01837,SUB-0334,Week 4,2025-12-06,2025-12-04,Completed,In Window
V01838,SUB-0334,Week 8,2026-01-03,2026-01-02,Completed,In Window
V01839,SUB-0334,Week 12,2026-01-31,2026-01-30,Completed,In Window
V01840,SUB-0334,Week 24,2026-04-25,2026-04-25,Completed,In Window
V01841,SUB-0335,Screening,2025-04-21,2025-04-19,Completed,In Window
V01842,SUB-0335,Baseline,2025-05-05,2025-05-06,Completed,In Window
V01843,SUB-0335,Week 2,2025-05-19,2025-05-22,Completed,In Window
V01844,SUB-0335,Week 4,2025-06-02,2025-06-02,Completed,In Window
V01845,SUB-0335,Week 8,2025-06-30,2025-06-28,Completed,In Window
V01846,SUB-0335,Week 12,2025-07-28,2025-07-26,Completed,In Window
V01847,SUB-0335,Week 24,2025-10-20,2025-10-22,Completed,In Window
V01848,SUB-0336,Screening,2025-11-15,,Overdue,
V01849,SUB-0336,Baseline,2025-11-29,2025-12-01,Completed,In Window
V01850,SUB-0336,Week 2,2025-12-13,2025-12-14,Completed,In Window
V01851,SUB-0336,Week 4,2025-12-27,2025-12-29,Completed,In Window
V01852,SUB-0336,Week 8,2026-01-24,2026-01-22,Completed,In Window
V01853,SUB-0336,Week 12,2026-02-21,2026-02-20,Completed,In Window
V01854,SUB-0336,Week 24,2026-05-16,,Overdue,
V01855,SUB-0337,Screening,2026-08-15,2026-08-16,Completed,In Window
V01856,SUB-0337,Baseline,2026-08-29,2026-09-01,Completed,In Window
V01857,SUB-0337,Week 2,2026-09-12,2026-09-14,Completed,In Window
V01858,SUB-0337,Week 4,2026-09-26,2026-09-29,Completed,In Window
V01859,SUB-0337,Week 8,2026-10-24,2026-10-26,Completed,In Window
V01860,SUB-0337,Week 12,2026-11-21,,Scheduled,
V01861,SUB-0337,Week 24,2027-02-13,,Scheduled,
V01862,SUB-0338,Screening,2025-08-23,2025-08-24,Completed,In Window
V01863,SUB-0338,Baseline,2025-09-06,2025-09-04,Completed,In Window
V01864,SUB-0338,Week 2,2025-09-20,2025-09-18,Completed,In Window
V01865,SUB-0338,Week 4,2025-10-04,2025-10-02,Completed,In Window
V01866,SUB-0338,Week 8,2025-11-01,2025-11-02,Completed,In Window
V01867,SUB-0338,Week 12,2025-11-29,2025-11-28,Completed,In Window
V01868,SUB-0338,Week 24,2026-02-21,2026-02-24,Completed,In Window
V01869,SUB-0339,Screening,2025-06-03,2025-06-04,Completed,In Window
V01870,SUB-0339,Baseline,2025-06-17,,Missed,
V01871,SUB-0339,Week 2,2025-07-01,2025-06-29,Completed,In Window
V01872,SUB-0339,Week 4,2025-07-15,2025-07-18,Completed,In Window
V01873,SUB-0339,Week 8,2025-08-12,2025-08-15,Completed,In Window
V01874,SUB-0339,Week 12,2025-09-09,2025-09-11,Completed,In Window
V01875,SUB-0339,Week 24,2025-12-02,2025-12-05,Completed,In Window
V01876,SUB-0340,Screening,2025-08-16,2025-08-18,Completed,In Window
V01877,SUB-0341,Screening,2025-06-02,2025-05-31,Completed,In Window
V01878,SUB-0341,Baseline,2025-06-16,2025-06-14,Completed,In Window
V01879,SUB-0341,Week 2,2025-06-30,2025-07-03,Completed,In Window
V01880,SUB-0341,Week 4,2025-07-14,2025-07-15,Completed,In Window
V01881,SUB-0341,Week 8,2025-08-11,2025-08-12,Completed,In Window
V01882,SUB-0341,Week 12,2025-09-08,,Missed,
V01883,SUB-0341,Week 24,2025-12-01,2025-11-30,Completed,In Window
V01884,SUB-0342,Screening,2025-04-12,2025-04-12,Completed,In Window
V01885,SUB-0342,Baseline,2025-04-26,2025-04-24,Completed,In Window
V01886,SUB-0342,Week 2,2025-05-10,2025-05-12,Completed,In Window
V01887,SUB-0342,Week 4,2025-05-24,,Missed,
V01888,SUB-0342,Week 8,2025-06-21,,Overdue,
V01889,SUB-0342,Week 12,2025-07-19,2025-07-22,Completed,In Window
V01890,SUB-0342,Week 24,2025-10-11,2025-10-14,Completed,In Window
V01891,SUB-0343,Screening,2025-07-21,2025-07-19,Completed,In Window
V01892,SUB-0343,Baseline,2025-08-04,2025-08-07,Completed,In Window
V01893,SUB-0343,Week 2,2025-08-18,2025-08-21,Completed,In Window
V01894,SUB-0343,Week 4,2025-09-01,2025-09-01,Completed,In Window
V01895,SUB-0343,Week 8,2025-09-29,2025-10-02,Completed,In Window
V01896,SUB-0343,Week 12,2025-10-27,2025-10-26,Completed,In Window
V01897,SUB-0343,Week 24,2026-01-19,2026-01-18,Completed,In Window
V01898,SUB-0344,Screening,2025-12-18,2025-12-21,Completed,In Window
V01899,SUB-0344,Baseline,2026-01-01,2026-01-03,Completed,In Window
V01900,SUB-0344,Week 2,2026-01-15,,Overdue,
V01901,SUB-0344,Week 4,2026-01-29,2026-01-27,Completed,In Window
V01902,SUB-0344,Week 8,2026-02-26,2026-02-27,Completed,In Window
V01903,SUB-0344,Week 12,2026-03-26,2026-03-27,Completed,In Window
V01904,SUB-0344,Week 24,2026-06-18,2026-06-17,Completed,In Window
V01905,SUB-0345,Screening,2025-11-06,,Overdue,
V01906,SUB-0345,Baseline,2025-11-20,2025-11-22,Completed,In Window
V01907,SUB-0345,Week 2,2025-12-04,2025-12-06,Completed,In Window
V01908,SUB-0345,Week 4,2025-12-18,2025-12-21,Completed,In Window
V01909,SUB-0345,Week 8,2026-01-15,2026-01-17,Completed,In Window
V01910,SUB-0345,Week 12,2026-02-12,2026-02-15,Completed,In Window
V01911,SUB-0345,Week 24,2026-05-07,2026-05-08,Completed,In Window
V01912,SUB-0346,Screening,2026-07-15,2026-07-13,Completed,In Window
V01913,SUB-0347,Screening,2025-06-23,,Overdue,
V01914,SUB-0347,Baseline,2025-07-07,2025-07-06,Completed,In Window
V01915,SUB-0347,Week 2,2025-07-21,2025-07-24,Completed,In Window
V01916,SUB-0347,Week 4,2025-08-04,2025-08-05,Completed,In Window
V01917,SUB-0347,Week 8,2025-09-01,,Missed,
V01918,SUB-0347,Week 12,2025-09-29,2025-09-27,Completed,In Window
V01919,SUB-0347,Week 24,2025-12-22,2025-12-24,Completed,In Window
V01920,SUB-0348,Screening,2025-11-05,,Missed,
V01921,SUB-0349,Screening,2025-05-12,2025-05-15,Completed,In Window
V01922,SUB-0349,Baseline,2025-05-26,2025-05-25,Completed,In Window
V01923,SUB-0349,Week 2,2025-06-09,2025-06-09,Completed,In Window
V01924,SUB-0349,Week 4,2025-06-23,2025-06-24,Completed,In Window
V01925,SUB-0349,Week 8,2025-07-21,,Overdue,
V01926,SUB-0349,Week 12,2025-08-18,2025-08-20,Completed,In Window
V01927,SUB-0349,Week 24,2025-11-10,2025-11-09,Completed,In Window
V01928,SUB-0350,Screening,2025-10-28,2025-10-29,Completed,In Window
V01929,SUB-0350,Baseline,2025-11-11,2025-11-12,Completed,In Window
V01930,SUB-0350,Week 2,2025-11-25,2025-11-24,Completed,In Window
V01931,SUB-0350,Week 4,2025-12-09,2025-12-10,Completed,In Window
V01932,SUB-0350,Week 8,2026-01-06,2026-01-06,Completed,In Window
V01933,SUB-0350,Week 12,2026-02-03,2026-02-01,Completed,In Window
V01934,SUB-0350,Week 24,2026-04-28,2026-04-28,Completed,In Window
V01935,SUB-0351,Screening,2026-02-24,2026-02-26,Completed,In Window
V01936,SUB-0351,Baseline,2026-03-10,2026-03-13,Completed,In Window
V01937,SUB-0351,Week 2,2026-03-24,2026-03-22,Completed,In Window
V01938,SUB-0351,Week 4,2026-04-07,2026-04-06,Completed,In Window
V01939,SUB-0351,Week 8,2026-05-05,,Overdue,
V01940,SUB-0351,Week 12,2026-06-02,2026-06-01,Completed,In Window
V01941,SUB-0351,Week 24,2026-08-25,2026-08-25,Completed,In Window
V01942,SUB-0352,Screening,2025-06-28,2025-06-29,Completed,In Window
V01943,SUB-0352,Baseline,2025-07-12,2025-07-13,Completed,In Window
V01944,SUB-0352,Week 2,2025-07-26,2025-07-29,Completed,In Window
V01945,SUB-0352,Week 4,2025-08-09,2025-08-09,Completed,In Window
V01946,SUB-0352,Week 8,2025-09-06,2025-09-04,Completed,In Window
V01947,SUB-0352,Week 12,2025-10-04,2025-10-03,Completed,In Window
V01948,SUB-0352,Week 24,2025-12-27,2025-12-30,Completed,In Window
V01949,SUB-0353,Screening,2025-05-01,2025-04-30,Completed,In Window
V01950,SUB-0353,Baseline,2025-05-15,2025-05-14,Completed,In Window
V01951,SUB-0353,Week 2,2025-05-29,2025-05-30,Completed,In Window
V01952,SUB-0353,Week 4,2025-06-12,2025-06-14,Completed,In Window
V01953,SUB-0353,Week 8,2025-07-10,2025-07-12,Completed,In Window
V01954,SUB-0353,Week 12,2025-08-07,2025-08-05,Completed,In Window
V01955,SUB-0353,Week 24,2025-10-30,2025-10-30,Completed,In Window
V01956,SUB-0354,Screening,2025-10-06,2025-10-06,Completed,In Window
V01957,SUB-0354,Baseline,2025-10-20,,Overdue,
V01958,SUB-0354,Week 2,2025-11-03,,Overdue,
V01959,SUB-0354,Week 4,2025-11-17,2025-11-20,Completed,In Window
V01960,SUB-0354,Week 8,2025-12-15,2025-12-17,Completed,In Window
V01961,SUB-0354,Week 12,2026-01-12,2026-01-11,Completed,In Window
V01962,SUB-0354,Week 24,2026-04-06,,Overdue,
V01963,SUB-0355,Screening,2025-05-29,2025-05-27,Completed,In Window
V01964,SUB-0356,Screening,2025-09-01,,Missed,
V01965,SUB-0356,Baseline,2025-09-15,2025-09-17,Completed,In Window
V01966,SUB-0356,Week 2,2025-09-29,2025-09-28,Completed,In Window
V01967,SUB-0356,Week 4,2025-10-13,2025-10-14,Completed,In Window
V01968,SUB-0356,Week 8,2025-11-10,2025-11-10,Completed,In Window
V01969,SUB-0356,Week 12,2025-12-08,2025-12-11,Completed,In Window
V01970,SUB-0356,Week 24,2026-03-02,2026-03-04,Completed,In Window
V01971,SUB-0357,Screening,2026-06-24,2026-06-24,Completed,In Window
V01972,SUB-0357,Baseline,2026-07-08,2026-07-07,Completed,In Window
V01973,SUB-0357,Week 2,2026-07-22,,Overdue,
V01974,SUB-0357,Week 4,2026-08-05,2026-08-05,Completed,In Window
V01975,SUB-0357,Week 8,2026-09-02,2026-09-04,Completed,In Window
V01976,SUB-0357,Week 12,2026-09-30,2026-09-30,Completed,In Window
V01977,SUB-0357,Week 24,2026-12-23,,Scheduled,
V01978,SUB-0358,Screening,2026-07-06,2026-07-08,Completed,In Window
V01979,SUB-0358,Baseline,2026-07-20,2026-07-23,Completed,In Window
V01980,SUB-0358,Week 2,2026-08-03,2026-08-04,Completed,In Window
V01981,SUB-0358,Week 4,2026-08-17,2026-08-16,Completed,In Window
V01982,SUB-0358,Week 8,2026-09-14,2026-09-12,Completed,In Window
V01983,SUB-0358,Week 12,2026-10-12,,Scheduled,
V01984,SUB-0358,Week 24,2027-01-04,,Scheduled,
V01985,SUB-0359,Screening,2025-07-01,2025-07-01,Completed,In Window
V01986,SUB-0359,Baseline,2025-07-15,,Overdue,
V01987,SUB-0359,Week 2,2025-07-29,2025-07-31,Completed,In Window
V01988,SUB-0359,Week 4,2025-08-12,2025-08-10,Completed,In Window
V01989,SUB-0359,Week 8,2025-09-09,2025-09-08,Completed,In Window
V01990,SUB-0359,Week 12,2025-10-07,2025-10-05,Completed,In Window
V01991,SUB-0359,Week 24,2025-12-30,2026-01-02,Completed,In Window
V01992,SUB-0360,Screening,2025-06-29,,Missed,
V01993,SUB-0360,Baseline,2025-07-13,2025-07-13,Completed,In Window
V01994,SUB-0360,Week 2,2025-07-27,2025-07-30,Completed,In Window
V01995,SUB-0360,Week 4,2025-08-10,2025-08-10,Completed,In Window
V01996,SUB-0360,Week 8,2025-09-07,2025-09-05,Completed,In Window
V01997,SUB-0360,Week 12,2025-10-05,2025-10-03,Completed,In Window
V01998,SUB-0360,Week 24,2025-12-28,2025-12-26,Completed,In Window
V01999,SUB-0361,Screening,2025-06-24,2025-06-22,Completed,In Window
V02000,SUB-0361,Baseline,2025-07-08,2025-07-06,Completed,In Window
V02001,SUB-0361,Week 2,2025-07-22,2025-07-24,Completed,In Window
V02002,SUB-0361,Week 4,2025-08-05,2025-08-04,Completed,In Window
V02003,SUB-0361,Week 8,2025-09-02,2025-09-03,Completed,In Window
V02004,SUB-0361,Week 12,2025-09-30,2025-09-30,Completed,In Window
V02005,SUB-0361,Week 24,2025-12-23,2025-12-25,Completed,In Window
V02006,SUB-0362,Screening,2025-11-18,2025-11-18,Completed,In Window
V02007,SUB-0362,Baseline,2025-12-02,2025-12-04,Completed,In Window
V02008,SUB-0362,Week 2,2025-12-16,2025-12-19,Completed,In Window
V02009,SUB-0362,Week 4,2025-12-30,2026-01-02,Completed,In Window
V02010,SUB-0362,Week 8,2026-01-27,2026-01-28,Completed,In Window
V02011,SUB-0362,Week 12,2026-02-24,2026-02-24,Completed,In Window
V02012,SUB-0362,Week 24,2026-05-19,2026-05-19,Completed,In Window
V02013,SUB-0363,Screening,2025-08-17,2025-08-15,Completed,In Window
V02014,SUB-0363,Baseline,2025-08-31,2025-08-30,Completed,In Window
V02015,SUB-0363,Week 2,2025-09-14,2025-09-13,Completed,In Window
V02016,SUB-0363,Week 4,2025-09-28,2025-09-30,Completed,In Window
V02017,SUB-0363,Week 8,2025-10-26,2025-10-25,Completed,In Window
V02018,SUB-0363,Week 12,2025-11-23,2025-11-23,Completed,In Window
V02019,SUB-0363,Week 24,2026-02-15,2026-02-17,Completed,In Window
V02020,SUB-0364,Screening,2026-02-28,2026-03-01,Completed,In Window
V02021,SUB-0364,Baseline,2026-03-14,2026-03-14,Completed,In Window
V02022,SUB-0364,Week 2,2026-03-28,2026-03-26,Completed,In Window
V02023,SUB-0364,Week 4,2026-04-11,,Overdue,
V02024,SUB-0364,Week 8,2026-05-09,2026-05-10,Completed,In Window
V02025,SUB-0364,Week 12,2026-06-06,2026-06-09,Completed,In Window
V02026,SUB-0364,Week 24,2026-08-29,,Overdue,
V02027,SUB-0365,Screening,2025-12-25,2025-12-24,Completed,In Window
V02028,SUB-0365,Baseline,2026-01-08,,Missed,
V02029,SUB-0365,Week 2,2026-01-22,2026-01-21,Completed,In Window
V02030,SUB-0365,Week 4,2026-02-05,2026-02-03,Completed,In Window
V02031,SUB-0365,Week 8,2026-03-05,2026-03-05,Completed,In Window
V02032,SUB-0365,Week 12,2026-04-02,2026-04-01,Completed,In Window
V02033,SUB-0365,Week 24,2026-06-25,2026-06-26,Completed,In Window
V02034,SUB-0366,Screening,2025-12-04,2025-12-02,Completed,In Window
V02035,SUB-0366,Baseline,2025-12-18,,Missed,
V02036,SUB-0366,Week 2,2026-01-01,2025-12-30,Completed,In Window
V02037,SUB-0366,Week 4,2026-01-15,2026-01-14,Completed,In Window
V02038,SUB-0366,Week 8,2026-02-12,2026-02-13,Completed,In Window
V02039,SUB-0366,Week 12,2026-03-12,2026-03-11,Completed,In Window
V02040,SUB-0366,Week 24,2026-06-04,2026-06-03,Completed,In Window
V02041,SUB-0367,Screening,2026-01-30,,Overdue,
V02042,SUB-0368,Screening,2025-03-07,2025-03-06,Completed,In Window
V02043,SUB-0368,Baseline,2025-03-21,2025-03-19,Completed,In Window
V02044,SUB-0368,Week 2,2025-04-04,2025-04-04,Completed,In Window
V02045,SUB-0368,Week 4,2025-04-18,2025-04-19,Completed,In Window
V02046,SUB-0368,Week 8,2025-05-16,,Overdue,
V02047,SUB-0368,Week 12,2025-06-13,2025-06-13,Completed,In Window
V02048,SUB-0368,Week 24,2025-09-05,2025-09-03,Completed,In Window
V02049,SUB-0369,Screening,2026-03-23,2026-03-26,Completed,In Window
V02050,SUB-0369,Baseline,2026-04-06,2026-04-04,Completed,In Window
V02051,SUB-0369,Week 2,2026-04-20,2026-04-22,Completed,In Window
V02052,SUB-0369,Week 4,2026-05-04,,Missed,
V02053,SUB-0369,Week 8,2026-06-01,,Overdue,
V02054,SUB-0369,Week 12,2026-06-29,2026-07-02,Completed,In Window
V02055,SUB-0369,Week 24,2026-09-21,2026-09-22,Completed,In Window
V02056,SUB-0370,Screening,2026-02-12,2026-02-14,Completed,In Window
V02057,SUB-0371,Screening,2026-04-09,2026-04-11,Completed,In Window
V02058,SUB-0371,Baseline,2026-04-23,2026-04-22,Completed,In Window
V02059,SUB-0371,Week 2,2026-05-07,2026-05-08,Completed,In Window
V02060,SUB-0371,Week 4,2026-05-21,,Overdue,
V02061,SUB-0371,Week 8,2026-06-18,2026-06-19,Completed,In Window
V02062,SUB-0371,Week 12,2026-07-16,2026-07-16,Completed,In Window
V02063,SUB-0371,Week 24,2026-10-08,,Scheduled,
V02064,SUB-0372,Screening,2025-07-15,,Overdue,
V02065,SUB-0372,Baseline,2025-07-29,2025-07-29,Completed,In Window
V02066,SUB-0372,Week 2,2025-08-12,2025-08-11,Completed,In Window
V02067,SUB-0372,Week 4,2025-08-26,2025-08-29,Completed,In Window
V02068,SUB-0372,Week 8,2025-09-23,2025-09-26,Completed,In Window
V02069,SUB-0372,Week 12,2025-10-21,2025-10-21,Completed,In Window
V02070,SUB-0372,Week 24,2026-01-13,2026-01-14,Completed,In Window
V02071,SUB-0373,Screening,2025-05-10,2025-05-13,Completed,In Window
V02072,SUB-0374,Screening,2025-09-20,2025-09-23,Completed,In Window
V02073,SUB-0374,Baseline,2025-10-04,2025-10-07,Completed,In Window
V02074,SUB-0374,Week 2,2025-10-18,2025-10-19,Completed,In Window
V02075,SUB-0374,Week 4,2025-11-01,,Overdue,
V02076,SUB-0374,Week 8,2025-11-29,2025-12-02,Completed,In Window
V02077,SUB-0374,Week 12,2025-12-27,,Missed,
V02078,SUB-0374,Week 24,2026-03-21,2026-03-23,Completed,In Window
V02079,SUB-0375,Screening,2025-02-28,2025-02-26,Completed,In Window
V02080,SUB-0375,Baseline,2025-03-14,2025-03-15,Completed,In Window
V02081,SUB-0375,Week 2,2025-03-28,2025-03-26,Completed,In Window
V02082,SUB-0375,Week 4,2025-04-11,2025-04-09,Completed,In Window
V02083,SUB-0375,Week 8,2025-05-09,2025-05-09,Completed,In Window
V02084,SUB-0375,Week 12,2025-06-06,2025-06-08,Completed,In Window
V02085,SUB-0375,Week 24,2025-08-29,2025-08-27,Completed,In Window
V02086,SUB-0376,Screening,2025-06-29,2025-06-29,Completed,In Window
V02087,SUB-0376,Baseline,2025-07-13,,Overdue,
V02088,SUB-0376,Week 2,2025-07-27,2025-07-29,Completed,In Window
V02089,SUB-0376,Week 4,2025-08-10,2025-08-12,Completed,In Window
V02090,SUB-0376,Week 8,2025-09-07,2025-09-08,Completed,In Window
V02091,SUB-0376,Week 12,2025-10-05,2025-10-04,Completed,In Window
V02092,SUB-0376,Week 24,2025-12-28,2025-12-27,Completed,In Window
V02093,SUB-0377,Screening,2026-05-24,,Missed,
V02094,SUB-0378,Screening,2025-04-06,2025-04-09,Completed,In Window
V02095,SUB-0378,Baseline,2025-04-20,2025-04-20,Completed,In Window
V02096,SUB-0378,Week 2,2025-05-04,,Missed,
V02097,SUB-0378,Week 4,2025-05-18,2025-05-16,Completed,In Window
V02098,SUB-0378,Week 8,2025-06-15,2025-06-14,Completed,In Window
V02099,SUB-0378,Week 12,2025-07-13,2025-07-16,Completed,In Window
V02100,SUB-0378,Week 24,2025-10-05,2025-10-06,Completed,In Window
V02101,SUB-0379,Screening,2025-10-18,2025-10-16,Completed,In Window
V02102,SUB-0379,Baseline,2025-11-01,2025-10-31,Completed,In Window
V02103,SUB-0379,Week 2,2025-11-15,2025-11-18,Completed,In Window
V02104,SUB-0379,Week 4,2025-11-29,,Overdue,
V02105,SUB-0379,Week 8,2025-12-27,2025-12-30,Completed,In Window
V02106,SUB-0379,Week 12,2026-01-24,,Missed,
V02107,SUB-0379,Week 24,2026-04-18,2026-04-18,Completed,In Window
V02108,SUB-0380,Screening,2025-09-24,2025-09-26,Completed,In Window
V02109,SUB-0380,Baseline,2025-10-08,2025-10-08,Completed,In Window
V02110,SUB-0380,Week 2,2025-10-22,2025-10-24,Completed,In Window
V02111,SUB-0380,Week 4,2025-11-05,2025-11-08,Completed,In Window
V02112,SUB-0380,Week 8,2025-12-03,2025-12-01,Completed,In Window
V02113,SUB-0380,Week 12,2025-12-31,2025-12-29,Completed,In Window
V02114,SUB-0380,Week 24,2026-03-25,2026-03-27,Completed,In Window
V02115,SUB-0381,Screening,2025-03-01,2025-03-01,Completed,In Window
V02116,SUB-0381,Baseline,2025-03-15,2025-03-13,Completed,In Window
V02117,SUB-0381,Week 2,2025-03-29,2025-04-01,Completed,In Window
V02118,SUB-0381,Week 4,2025-04-12,2025-04-11,Completed,In Window
V02119,SUB-0381,Week 8,2025-05-10,,Overdue,
V02120,SUB-0381,Week 12,2025-06-07,2025-06-07,Completed,In Window
V02121,SUB-0381,Week 24,2025-08-30,2025-08-28,Completed,In Window
V02122,SUB-0382,Screening,2025-08-29,2025-08-27,Completed,In Window
V02123,SUB-0383,Screening,2025-08-10,2025-08-09,Completed,In Window
V02124,SUB-0383,Baseline,2025-08-24,2025-08-25,Completed,In Window
V02125,SUB-0383,Week 2,2025-09-07,,Missed,
V02126,SUB-0383,Week 4,2025-09-21,2025-09-22,Completed,In Window
V02127,SUB-0383,Week 8,2025-10-19,2025-10-22,Completed,In Window
V02128,SUB-0383,Week 12,2025-11-16,,Missed,
V02129,SUB-0383,Week 24,2026-02-08,2026-02-11,Completed,In Window
V02130,SUB-0384,Screening,2026-03-16,2026-03-16,Completed,In Window
V02131,SUB-0384,Baseline,2026-03-30,2026-03-29,Completed,In Window
V02132,SUB-0384,Week 2,2026-04-13,2026-04-13,Completed,In Window
V02133,SUB-0384,Week 4,2026-04-27,2026-04-25,Completed,In Window
V02134,SUB-0384,Week 8,2026-05-25,2026-05-26,Completed,In Window
V02135,SUB-0384,Week 12,2026-06-22,2026-06-20,Completed,In Window
V02136,SUB-0384,Week 24,2026-09-14,2026-09-16,Completed,In Window
V02137,SUB-0385,Screening,2025-12-13,2025-12-13,Completed,In Window
V02138,SUB-0385,Baseline,2025-12-27,2025-12-30,Completed,In Window
V02139,SUB-0385,Week 2,2026-01-10,2026-01-10,Completed,In Window
V02140,SUB-0385,Week 4,2026-01-24,2026-01-27,Completed,In Window
V02141,SUB-0385,Week 8,2026-02-21,2026-02-24,Completed,In Window
V02142,SUB-0385,Week 12,2026-03-21,2026-03-23,Completed,In Window
V02143,SUB-0385,Week 24,2026-06-13,2026-06-16,Completed,In Window
V02144,SUB-0386,Screening,2025-10-01,2025-10-03,Completed,In Window
V02145,SUB-0386,Baseline,2025-10-15,2025-10-16,Completed,In Window
V02146,SUB-0386,Week 2,2025-10-29,,Overdue,
V02147,SUB-0386,Week 4,2025-11-12,2025-11-12,Completed,In Window
V02148,SUB-0386,Week 8,2025-12-10,2025-12-10,Completed,In Window
V02149,SUB-0386,Week 12,2026-01-07,2026-01-06,Completed,In Window
V02150,SUB-0386,Week 24,2026-04-01,2026-03-31,Completed,In Window
V02151,SUB-0387,Screening,2025-06-28,2025-06-28,Completed,In Window
V02152,SUB-0387,Baseline,2025-07-12,2025-07-15,Completed,In Window
V02153,SUB-0387,Week 2,2025-07-26,2025-07-29,Completed,In Window
V02154,SUB-0387,Week 4,2025-08-09,2025-08-11,Completed,In Window
V02155,SUB-0387,Week 8,2025-09-06,2025-09-08,Completed,In Window
V02156,SUB-0387,Week 12,2025-10-04,2025-10-07,Completed,In Window
V02157,SUB-0387,Week 24,2025-12-27,2025-12-30,Completed,In Window
V02158,SUB-0388,Screening,2026-06-15,,Missed,
V02159,SUB-0388,Baseline,2026-06-29,2026-06-28,Completed,In Window
V02160,SUB-0388,Week 2,2026-07-13,2026-07-14,Completed,In Window
V02161,SUB-0388,Week 4,2026-07-27,2026-07-29,Completed,In Window
V02162,SUB-0388,Week 8,2026-08-24,2026-08-27,Completed,In Window
V02163,SUB-0388,Week 12,2026-09-21,2026-09-24,Completed,In Window
V02164,SUB-0388,Week 24,2026-12-14,,Scheduled,
V02165,SUB-0389,Screening,2025-02-09,2025-02-11,Completed,In Window
V02166,SUB-0389,Baseline,2025-02-23,2025-02-26,Completed,In Window
V02167,SUB-0389,Week 2,2025-03-09,2025-03-07,Completed,In Window
V02168,SUB-0389,Week 4,2025-03-23,2025-03-22,Completed,In Window
V02169,SUB-0389,Week 8,2025-04-20,2025-04-19,Completed,In Window
V02170,SUB-0389,Week 12,2025-05-18,2025-05-16,Completed,In Window
V02171,SUB-0389,Week 24,2025-08-10,2025-08-12,Completed,In Window
V02172,SUB-0390,Screening,2026-06-26,2026-06-27,Completed,In Window
V02173,SUB-0390,Baseline,2026-07-10,2026-07-12,Completed,In Window
V02174,SUB-0390,Week 2,2026-07-24,2026-07-22,Completed,In Window
V02175,SUB-0390,Week 4,2026-08-07,2026-08-09,Completed,In Window
V02176,SUB-0390,Week 8,2026-09-04,2026-09-02,Completed,In Window
V02177,SUB-0390,Week 12,2026-10-02,2026-10-01,Completed,In Window
V02178,SUB-0390,Week 24,2026-12-25,,Scheduled,
V02179,SUB-0391,Screening,2025-11-17,2025-11-15,Completed,In Window
V02180,SUB-0392,Screening,2025-08-03,2025-08-02,Completed,In Window
V02181,SUB-0392,Baseline,2025-08-17,2025-08-20,Completed,In Window
V02182,SUB-0392,Week 2,2025-08-31,2025-09-03,Completed,In Window
V02183,SUB-0392,Week 4,2025-09-14,2025-09-13,Completed,In Window
V02184,SUB-0392,Week 8,2025-10-12,2025-10-10,Completed,In Window
V02185,SUB-0392,Week 12,2025-11-09,2025-11-08,Completed,In Window
V02186,SUB-0392,Week 24,2026-02-01,2026-02-01,Completed,In Window
V02187,SUB-0393,Screening,2025-11-06,2025-11-09,Completed,In Window
V02188,SUB-0393,Baseline,2025-11-20,2025-11-19,Completed,In Window
V02189,SUB-0393,Week 2,2025-12-04,2025-12-07,Completed,In Window
V02190,SUB-0393,Week 4,2025-12-18,2025-12-19,Completed,In Window
V02191,SUB-0393,Week 8,2026-01-15,2026-01-17,Completed,In Window
V02192,SUB-0393,Week 12,2026-02-12,,Overdue,
V02193,SUB-0393,Week 24,2026-05-07,2026-05-05,Completed,In Window
V02194,SUB-0394,Screening,2026-04-02,,Missed,
V02195,SUB-0395,Screening,2025-03-10,2025-03-12,Completed,In Window
V02196,SUB-0395,Baseline,2025-03-24,2025-03-26,Completed,In Window
V02197,SUB-0395,Week 2,2025-04-07,2025-04-05,Completed,In Window
V02198,SUB-0395,Week 4,2025-04-21,2025-04-24,Completed,In Window
V02199,SUB-0395,Week 8,2025-05-19,2025-05-22,Completed,In Window
V02200,SUB-0395,Week 12,2025-06-16,2025-06-16,Completed,In Window
V02201,SUB-0395,Week 24,2025-09-08,2025-09-08,Completed,In Window
V02202,SUB-0396,Screening,2025-09-14,2025-09-14,Completed,In Window
V02203,SUB-0396,Baseline,2025-09-28,2025-10-01,Completed,In Window
V02204,SUB-0396,Week 2,2025-10-12,2025-10-15,Completed,In Window
V02205,SUB-0396,Week 4,2025-10-26,2025-10-25,Completed,In Window
V02206,SUB-0396,Week 8,2025-11-23,2025-11-26,Completed,In Window
V02207,SUB-0396,Week 12,2025-12-21,2025-12-24,Completed,In Window
V02208,SUB-0396,Week 24,2026-03-15,2026-03-14,Completed,In Window
V02209,SUB-0397,Screening,2025-06-22,2025-06-22,Completed,In Window
V02210,SUB-0397,Baseline,2025-07-06,,Overdue,
V02211,SUB-0397,Week 2,2025-07-20,,Overdue,
V02212,SUB-0397,Week 4,2025-08-03,,Missed,
V02213,SUB-0397,Week 8,2025-08-31,,Missed,
V02214,SUB-0397,Week 12,2025-09-28,,Missed,
V02215,SUB-0397,Week 24,2025-12-21,2025-12-22,Completed,In Window
V02216,SUB-0398,Screening,2025-12-31,2026-01-01,Completed,In Window
V02217,SUB-0398,Baseline,2026-01-14,2026-01-14,Completed,In Window
V02218,SUB-0398,Week 2,2026-01-28,2026-01-29,Completed,In Window
V02219,SUB-0398,Week 4,2026-02-11,2026-02-10,Completed,In Window
V02220,SUB-0398,Week 8,2026-03-11,2026-03-11,Completed,In Window
V02221,SUB-0398,Week 12,2026-04-08,2026-04-06,Completed,In Window
V02222,SUB-0398,Week 24,2026-07-01,2026-07-04,Completed,In Window
V02223,SUB-0399,Screening,2026-03-30,2026-04-01,Completed,In Window
V02224,SUB-0399,Baseline,2026-04-13,2026-04-16,Completed,In Window
V02225,SUB-0399,Week 2,2026-04-27,2026-04-28,Completed,In Window
V02226,SUB-0399,Week 4,2026-05-11,2026-05-12,Completed,In Window
V02227,SUB-0399,Week 8,2026-06-08,,Overdue,
V02228,SUB-0399,Week 12,2026-07-06,2026-07-09,Completed,In Window
V02229,SUB-0399,Week 24,2026-09-28,2026-09-26,Completed,In Window
V02230,SUB-0400,Screening,2025-06-30,2025-07-02,Completed,In Window
V02231,SUB-0400,Baseline,2025-07-14,,Missed,
V02232,SUB-0400,Week 2,2025-07-28,2025-07-30,Completed,In Window
V02233,SUB-0400,Week 4,2025-08-11,2025-08-09,Completed,In Window
V02234,SUB-0400,Week 8,2025-09-08,2025-09-11,Completed,In Window
V02235,SUB-0400,Week 12,2025-10-06,2025-10-05,Completed,In Window
V02236,SUB-0400,Week 24,2025-12-29,2025-12-27,Completed,In Window
V02237,SUB-0401,Screening,2026-02-15,2026-02-18,Completed,In Window
V02238,SUB-0401,Baseline,2026-03-01,2026-02-27,Completed,In Window
V02239,SUB-0401,Week 2,2026-03-15,2026-03-15,Completed,In Window
V02240,SUB-0401,Week 4,2026-03-29,,Missed,
V02241,SUB-0401,Week 8,2026-04-26,2026-04-25,Completed,In Window
V02242,SUB-0401,Week 12,2026-05-24,2026-05-26,Completed,In Window
V02243,SUB-0401,Week 24,2026-08-16,2026-08-18,Completed,In Window
V02244,SUB-0402,Screening,2026-05-15,2026-05-14,Completed,In Window
V02245,SUB-0402,Baseline,2026-05-29,2026-06-01,Completed,In Window
V02246,SUB-0402,Week 2,2026-06-12,2026-06-14,Completed,In Window
V02247,SUB-0402,Week 4,2026-06-26,2026-06-25,Completed,In Window
V02248,SUB-0402,Week 8,2026-07-24,2026-07-26,Completed,In Window
V02249,SUB-0402,Week 12,2026-08-21,2026-08-22,Completed,In Window
V02250,SUB-0402,Week 24,2026-11-13,,Scheduled,
V02251,SUB-0403,Screening,2026-02-12,2026-02-10,Completed,In Window
V02252,SUB-0403,Baseline,2026-02-26,2026-02-25,Completed,In Window
V02253,SUB-0403,Week 2,2026-03-12,,Missed,
V02254,SUB-0403,Week 4,2026-03-26,,Overdue,
V02255,SUB-0403,Week 8,2026-04-23,2026-04-25,Completed,In Window
V02256,SUB-0403,Week 12,2026-05-21,2026-05-23,Completed,In Window
V02257,SUB-0403,Week 24,2026-08-13,2026-08-15,Completed,In Window
V02258,SUB-0404,Screening,2026-06-24,2026-06-26,Completed,In Window
V02259,SUB-0404,Baseline,2026-07-08,2026-07-06,Completed,In Window
V02260,SUB-0404,Week 2,2026-07-22,2026-07-21,Completed,In Window
V02261,SUB-0404,Week 4,2026-08-05,2026-08-03,Completed,In Window
V02262,SUB-0404,Week 8,2026-09-02,2026-09-03,Completed,In Window
V02263,SUB-0404,Week 12,2026-09-30,2026-09-29,Completed,In Window
V02264,SUB-0404,Week 24,2026-12-23,,Scheduled,
V02265,SUB-0405,Screening,2026-01-12,2026-01-12,Completed,In Window
V02266,SUB-0405,Baseline,2026-01-26,2026-01-26,Completed,In Window
V02267,SUB-0405,Week 2,2026-02-09,2026-02-09,Completed,In Window
V02268,SUB-0405,Week 4,2026-02-23,2026-02-22,Completed,In Window
V02269,SUB-0405,Week 8,2026-03-23,2026-03-22,Completed,In Window
V02270,SUB-0405,Week 12,2026-04-20,2026-04-22,Completed,In Window
V02271,SUB-0405,Week 24,2026-07-13,2026-07-12,Completed,In Window
V02272,SUB-0406,Screening,2025-09-07,2025-09-10,Completed,In Window
V02273,SUB-0406,Baseline,2025-09-21,2025-09-19,Completed,In Window
V02274,SUB-0406,Week 2,2025-10-05,2025-10-04,Completed,In Window
V02275,SUB-0406,Week 4,2025-10-19,2025-10-21,Completed,In Window
V02276,SUB-0406,Week 8,2025-11-16,,Overdue,
V02277,SUB-0406,Week 12,2025-12-14,2025-12-14,Completed,In Window
V02278,SUB-0406,Week 24,2026-03-08,2026-03-09,Completed,In Window
V02279,SUB-0407,Screening,2025-09-16,2025-09-16,Completed,In Window
V02280,SUB-0407,Baseline,2025-09-30,2025-09-28,Completed,In Window
V02281,SUB-0407,Week 2,2025-10-14,2025-10-16,Completed,In Window
V02282,SUB-0407,Week 4,2025-10-28,2025-10-28,Completed,In Window
V02283,SUB-0407,Week 8,2025-11-25,2025-11-27,Completed,In Window
V02284,SUB-0407,Week 12,2025-12-23,2025-12-23,Completed,In Window
V02285,SUB-0407,Week 24,2026-03-17,2026-03-19,Completed,In Window
V02286,SUB-0408,Screening,2026-04-19,2026-04-21,Completed,In Window
V02287,SUB-0408,Baseline,2026-05-03,2026-05-06,Completed,In Window
V02288,SUB-0408,Week 2,2026-05-17,2026-05-17,Completed,In Window
V02289,SUB-0408,Week 4,2026-05-31,2026-06-01,Completed,In Window
V02290,SUB-0408,Week 8,2026-06-28,2026-07-01,Completed,In Window
V02291,SUB-0408,Week 12,2026-07-26,2026-07-27,Completed,In Window
V02292,SUB-0408,Week 24,2026-10-18,2026-10-17,Completed,In Window
V02293,SUB-0409,Screening,2026-06-15,2026-06-18,Completed,In Window
V02294,SUB-0409,Baseline,2026-06-29,2026-06-30,Completed,In Window
V02295,SUB-0409,Week 2,2026-07-13,2026-07-16,Completed,In Window
V02296,SUB-0409,Week 4,2026-07-27,,Missed,
V02297,SUB-0409,Week 8,2026-08-24,2026-08-23,Completed,In Window
V02298,SUB-0409,Week 12,2026-09-21,2026-09-19,Completed,In Window
V02299,SUB-0409,Week 24,2026-12-14,,Scheduled,
V02300,SUB-0410,Screening,2025-11-30,2025-12-03,Completed,In Window
V02301,SUB-0410,Baseline,2025-12-14,2025-12-14,Completed,In Window
V02302,SUB-0410,Week 2,2025-12-28,2025-12-31,Completed,In Window
V02303,SUB-0410,Week 4,2026-01-11,2026-01-10,Completed,In Window
V02304,SUB-0410,Week 8,2026-02-08,2026-02-11,Completed,In Window
V02305,SUB-0410,Week 12,2026-03-08,2026-03-08,Completed,In Window
V02306,SUB-0410,Week 24,2026-05-31,2026-06-03,Completed,In Window
V02307,SUB-0411,Screening,2026-06-20,2026-06-23,Completed,In Window
V02308,SUB-0411,Baseline,2026-07-04,2026-07-04,Completed,In Window
V02309,SUB-0411,Week 2,2026-07-18,2026-07-20,Completed,In Window
V02310,SUB-0411,Week 4,2026-08-01,2026-08-02,Completed,In Window
V02311,SUB-0411,Week 8,2026-08-29,2026-08-30,Completed,In Window
V02312,SUB-0411,Week 12,2026-09-26,2026-09-24,Completed,In Window
V02313,SUB-0411,Week 24,2026-12-19,,Scheduled,
V02314,SUB-0412,Screening,2025-07-22,2025-07-24,Completed,In Window
V02315,SUB-0412,Baseline,2025-08-05,,Overdue,
V02316,SUB-0412,Week 2,2025-08-19,2025-08-20,Completed,In Window
V02317,SUB-0412,Week 4,2025-09-02,2025-09-02,Completed,In Window
V02318,SUB-0412,Week 8,2025-09-30,,Overdue,
V02319,SUB-0412,Week 12,2025-10-28,2025-10-27,Completed,In Window
V02320,SUB-0412,Week 24,2026-01-20,2026-01-20,Completed,In Window
V02321,SUB-0413,Screening,2025-06-08,2025-06-09,Completed,In Window
V02322,SUB-0413,Baseline,2025-06-22,2025-06-25,Completed,In Window
V02323,SUB-0413,Week 2,2025-07-06,2025-07-06,Completed,In Window
V02324,SUB-0413,Week 4,2025-07-20,,Overdue,
V02325,SUB-0413,Week 8,2025-08-17,2025-08-19,Completed,In Window
V02326,SUB-0413,Week 12,2025-09-14,2025-09-14,Completed,In Window
V02327,SUB-0413,Week 24,2025-12-07,2025-12-07,Completed,In Window
V02328,SUB-0414,Screening,2026-06-08,2026-06-06,Completed,In Window
V02329,SUB-0414,Baseline,2026-06-22,2026-06-21,Completed,In Window
V02330,SUB-0414,Week 2,2026-07-06,2026-07-04,Completed,In Window
V02331,SUB-0414,Week 4,2026-07-20,2026-07-20,Completed,In Window
V02332,SUB-0414,Week 8,2026-08-17,,Overdue,
V02333,SUB-0414,Week 12,2026-09-14,,Overdue,
V02334,SUB-0414,Week 24,2026-12-07,,Scheduled,
V02335,SUB-0415,Screening,2025-08-15,2025-08-14,Completed,In Window
V02336,SUB-0415,Baseline,2025-08-29,2025-08-29,Completed,In Window
V02337,SUB-0415,Week 2,2025-09-12,2025-09-13,Completed,In Window
V02338,SUB-0415,Week 4,2025-09-26,,Overdue,
V02339,SUB-0415,Week 8,2025-10-24,2025-10-22,Completed,In Window
V02340,SUB-0415,Week 12,2025-11-21,,Overdue,
V02341,SUB-0415,Week 24,2026-02-13,2026-02-12,Completed,In Window
V02342,SUB-0416,Screening,2025-12-10,,Overdue,
V02343,SUB-0416,Baseline,2025-12-24,2025-12-24,Completed,In Window
V02344,SUB-0416,Week 2,2026-01-07,2026-01-07,Completed,In Window
V02345,SUB-0416,Week 4,2026-01-21,2026-01-21,Completed,In Window
V02346,SUB-0416,Week 8,2026-02-18,,Missed,
V02347,SUB-0416,Week 12,2026-03-18,2026-03-19,Completed,In Window
V02348,SUB-0416,Week 24,2026-06-10,2026-06-13,Completed,In Window
V02349,SUB-0417,Screening,2026-01-29,2026-01-31,Completed,In Window
V02350,SUB-0418,Screening,2026-02-02,2026-02-04,Completed,In Window
V02351,SUB-0418,Baseline,2026-02-16,2026-02-19,Completed,In Window
V02352,SUB-0418,Week 2,2026-03-02,2026-03-05,Completed,In Window
V02353,SUB-0418,Week 4,2026-03-16,2026-03-14,Completed,In Window
V02354,SUB-0418,Week 8,2026-04-13,2026-04-13,Completed,In Window
V02355,SUB-0418,Week 12,2026-05-11,2026-05-10,Completed,In Window
V02356,SUB-0418,Week 24,2026-08-03,2026-08-02,Completed,In Window
V02357,SUB-0419,Screening,2025-06-10,2025-06-08,Completed,In Window
V02358,SUB-0419,Baseline,2025-06-24,2025-06-23,Completed,In Window
V02359,SUB-0419,Week 2,2025-07-08,2025-07-10,Completed,In Window
V02360,SUB-0419,Week 4,2025-07-22,2025-07-24,Completed,In Window
V02361,SUB-0419,Week 8,2025-08-19,2025-08-18,Completed,In Window
V02362,SUB-0419,Week 12,2025-09-16,2025-09-15,Completed,In Window
V02363,SUB-0419,Week 24,2025-12-09,,Missed,
V02364,SUB-0420,Screening,2026-06-08,2026-06-10,Completed,In Window
V02365,SUB-0420,Baseline,2026-06-22,2026-06-24,Completed,In Window
V02366,SUB-0420,Week 2,2026-07-06,2026-07-09,Completed,In Window
V02367,SUB-0420,Week 4,2026-07-20,2026-07-21,Completed,In Window
V02368,SUB-0420,Week 8,2026-08-17,2026-08-19,Completed,In Window
V02369,SUB-0420,Week 12,2026-09-14,2026-09-12,Completed,In Window
V02370,SUB-0420,Week 24,2026-12-07,,Scheduled,
V02371,SUB-0421,Screening,2025-06-04,,Missed,
V02372,SUB-0422,Screening,2025-06-11,2025-06-10,Completed,In Window
V02373,SUB-0422,Baseline,2025-06-25,2025-06-26,Completed,In Window
V02374,SUB-0422,Week 2,2025-07-09,2025-07-11,Completed,In Window
V02375,SUB-0422,Week 4,2025-07-23,2025-07-26,Completed,In Window
V02376,SUB-0422,Week 8,2025-08-20,2025-08-19,Completed,In Window
V02377,SUB-0422,Week 12,2025-09-17,2025-09-15,Completed,In Window
V02378,SUB-0422,Week 24,2025-12-10,2025-12-13,Completed,In Window
V02379,SUB-0423,Screening,2026-05-12,2026-05-15,Completed,In Window
V02380,SUB-0424,Screening,2025-07-09,2025-07-09,Completed,In Window
V02381,SUB-0424,Baseline,2025-07-23,2025-07-22,Completed,In Window
V02382,SUB-0424,Week 2,2025-08-06,2025-08-08,Completed,In Window
V02383,SUB-0424,Week 4,2025-08-20,2025-08-23,Completed,In Window
V02384,SUB-0424,Week 8,2025-09-17,2025-09-19,Completed,In Window
V02385,SUB-0424,Week 12,2025-10-15,2025-10-14,Completed,In Window
V02386,SUB-0424,Week 24,2026-01-07,2026-01-10,Completed,In Window
V02387,SUB-0425,Screening,2026-05-06,2026-05-06,Completed,In Window
V02388,SUB-0425,Baseline,2026-05-20,2026-05-18,Completed,In Window
V02389,SUB-0425,Week 2,2026-06-03,2026-06-06,Completed,In Window
V02390,SUB-0425,Week 4,2026-06-17,2026-06-17,Completed,In Window
V02391,SUB-0425,Week 8,2026-07-15,2026-07-13,Completed,In Window
V02392,SUB-0425,Week 12,2026-08-12,2026-08-10,Completed,In Window
V02393,SUB-0425,Week 24,2026-11-04,,Scheduled,
V02394,SUB-0426,Screening,2025-12-02,2025-12-04,Completed,In Window
V02395,SUB-0427,Screening,2026-07-08,2026-07-09,Completed,In Window
V02396,SUB-0427,Baseline,2026-07-22,2026-07-24,Completed,In Window
V02397,SUB-0427,Week 2,2026-08-05,2026-08-03,Completed,In Window
V02398,SUB-0427,Week 4,2026-08-19,2026-08-19,Completed,In Window
V02399,SUB-0427,Week 8,2026-09-16,2026-09-17,Completed,In Window
V02400,SUB-0427,Week 12,2026-10-14,2026-10-13,Completed,In Window
V02401,SUB-0427,Week 24,2027-01-06,,Scheduled,
V02402,SUB-0428,Screening,2025-04-11,2025-04-11,Completed,In Window
V02403,SUB-0428,Baseline,2025-04-25,2025-04-23,Completed,In Window
V02404,SUB-0428,Week 2,2025-05-09,2025-05-10,Completed,In Window
V02405,SUB-0428,Week 4,2025-05-23,2025-05-21,Completed,In Window
V02406,SUB-0428,Week 8,2025-06-20,2025-06-19,Completed,In Window
V02407,SUB-0428,Week 12,2025-07-18,2025-07-17,Completed,In Window
V02408,SUB-0428,Week 24,2025-10-10,,Missed,
V02409,SUB-0429,Screening,2025-09-24,,Missed,
V02410,SUB-0429,Baseline,2025-10-08,,Overdue,
V02411,SUB-0429,Week 2,2025-10-22,2025-10-23,Completed,In Window
V02412,SUB-0429,Week 4,2025-11-05,2025-11-07,Completed,In Window
V02413,SUB-0429,Week 8,2025-12-03,2025-12-03,Completed,In Window
V02414,SUB-0429,Week 12,2025-12-31,2025-12-31,Completed,In Window
V02415,SUB-0429,Week 24,2026-03-25,2026-03-23,Completed,In Window
V02416,SUB-0430,Screening,2026-06-14,,Overdue,
V02417,SUB-0430,Baseline,2026-06-28,2026-06-26,Completed,In Window
V02418,SUB-0430,Week 2,2026-07-12,2026-07-13,Completed,In Window
V02419,SUB-0430,Week 4,2026-07-26,2026-07-25,Completed,In Window
V02420,SUB-0430,Week 8,2026-08-23,2026-08-23,Completed,In Window
V02421,SUB-0430,Week 12,2026-09-20,2026-09-18,Completed,In Window
V02422,SUB-0430,Week 24,2026-12-13,,Scheduled,
V02423,SUB-0431,Screening,2026-07-10,2026-07-11,Completed,In Window
V02424,SUB-0431,Baseline,2026-07-24,,Overdue,
V02425,SUB-0431,Week 2,2026-08-07,2026-08-07,Completed,In Window
V02426,SUB-0431,Week 4,2026-08-21,,Overdue,
V02427,SUB-0431,Week 8,2026-09-18,2026-09-16,Completed,In Window
V02428,SUB-0431,Week 12,2026-10-16,2026-10-15,Completed,In Window
V02429,SUB-0431,Week 24,2027-01-08,,Scheduled,
V02430,SUB-0432,Screening,2025-09-04,2025-09-06,Completed,In Window
V02431,SUB-0433,Screening,2025-11-18,2025-11-20,Completed,In Window
V02432,SUB-0433,Baseline,2025-12-02,2025-12-03,Completed,In Window
V02433,SUB-0433,Week 2,2025-12-16,2025-12-17,Completed,In Window
V02434,SUB-0433,Week 4,2025-12-30,2026-01-01,Completed,In Window
V02435,SUB-0433,Week 8,2026-01-27,2026-01-29,Completed,In Window
V02436,SUB-0433,Week 12,2026-02-24,2026-02-27,Completed,In Window
V02437,SUB-0433,Week 24,2026-05-19,2026-05-19,Completed,In Window
V02438,SUB-0434,Screening,2025-05-28,2025-05-29,Completed,In Window
V02439,SUB-0434,Baseline,2025-06-11,2025-06-09,Completed,In Window
V02440,SUB-0434,Week 2,2025-06-25,2025-06-27,Completed,In Window
V02441,SUB-0434,Week 4,2025-07-09,2025-07-09,Completed,In Window
V02442,SUB-0434,Week 8,2025-08-06,2025-08-07,Completed,In Window
V02443,SUB-0434,Week 12,2025-09-03,2025-09-02,Completed,In Window
V02444,SUB-0434,Week 24,2025-11-26,,Missed,
V02445,SUB-0435,Screening,2025-11-27,2025-11-26,Completed,In Window
V02446,SUB-0435,Baseline,2025-12-11,,Overdue,
V02447,SUB-0435,Week 2,2025-12-25,2025-12-25,Completed,In Window
V02448,SUB-0435,Week 4,2026-01-08,,Missed,
V02449,SUB-0435,Week 8,2026-02-05,2026-02-03,Completed,In Window
V02450,SUB-0435,Week 12,2026-03-05,2026-03-03,Completed,In Window
V02451,SUB-0435,Week 24,2026-05-28,2026-05-27,Completed,In Window
V02452,SUB-0436,Screening,2025-07-31,2025-08-02,Completed,In Window
V02453,SUB-0436,Baseline,2025-08-14,,Missed,
V02454,SUB-0436,Week 2,2025-08-28,2025-08-30,Completed,In Window
V02455,SUB-0436,Week 4,2025-09-11,2025-09-12,Completed,In Window
V02456,SUB-0436,Week 8,2025-10-09,,Missed,
V02457,SUB-0436,Week 12,2025-11-06,2025-11-08,Completed,In Window
V02458,SUB-0436,Week 24,2026-01-29,2026-02-01,Completed,In Window
V02459,SUB-0437,Screening,2025-06-17,2025-06-17,Completed,In Window
V02460,SUB-0437,Baseline,2025-07-01,2025-07-02,Completed,In Window
V02461,SUB-0437,Week 2,2025-07-15,2025-07-18,Completed,In Window
V02462,SUB-0437,Week 4,2025-07-29,,Missed,
V02463,SUB-0437,Week 8,2025-08-26,2025-08-29,Completed,In Window
V02464,SUB-0437,Week 12,2025-09-23,2025-09-21,Completed,In Window
V02465,SUB-0437,Week 24,2025-12-16,2025-12-15,Completed,In Window
V02466,SUB-0438,Screening,2026-04-08,,Missed,
V02467,SUB-0439,Screening,2026-08-02,2026-08-05,Completed,In Window
V02468,SUB-0439,Baseline,2026-08-16,2026-08-15,Completed,In Window
V02469,SUB-0439,Week 2,2026-08-30,2026-09-01,Completed,In Window
V02470,SUB-0439,Week 4,2026-09-13,2026-09-13,Completed,In Window
V02471,SUB-0439,Week 8,2026-10-11,2026-10-11,Completed,In Window
V02472,SUB-0439,Week 12,2026-11-08,,Scheduled,
V02473,SUB-0439,Week 24,2027-01-31,,Scheduled,
V02474,SUB-0440,Screening,2025-04-05,,Overdue,
V02475,SUB-0440,Baseline,2025-04-19,2025-04-18,Completed,In Window
V02476,SUB-0440,Week 2,2025-05-03,2025-05-01,Completed,In Window
V02477,SUB-0440,Week 4,2025-05-17,2025-05-17,Completed,In Window
V02478,SUB-0440,Week 8,2025-06-14,2025-06-16,Completed,In Window
V02479,SUB-0440,Week 12,2025-07-12,,Missed,
V02480,SUB-0440,Week 24,2025-10-04,2025-10-07,Completed,In Window
V02481,SUB-0441,Screening,2025-04-12,2025-04-14,Completed,In Window
V02482,SUB-0441,Baseline,2025-04-26,2025-04-27,Completed,In Window
V02483,SUB-0441,Week 2,2025-05-10,,Missed,
V02484,SUB-0441,Week 4,2025-05-24,2025-05-27,Completed,In Window
V02485,SUB-0441,Week 8,2025-06-21,2025-06-23,Completed,In Window
V02486,SUB-0441,Week 12,2025-07-19,2025-07-18,Completed,In Window
V02487,SUB-0441,Week 24,2025-10-11,2025-10-13,Completed,In Window
V02488,SUB-0442,Screening,2026-08-19,2026-08-20,Completed,In Window
V02489,SUB-0442,Baseline,2026-09-02,2026-09-02,Completed,In Window
V02490,SUB-0442,Week 2,2026-09-16,2026-09-18,Completed,In Window
V02491,SUB-0442,Week 4,2026-09-30,,Overdue,
V02492,SUB-0442,Week 8,2026-10-28,2026-10-27,Completed,In Window
V02493,SUB-0442,Week 12,2026-11-25,,Scheduled,
V02494,SUB-0442,Week 24,2027-02-17,,Scheduled,
V02495,SUB-0443,Screening,2026-04-17,2026-04-16,Completed,In Window
V02496,SUB-0443,Baseline,2026-05-01,2026-05-02,Completed,In Window
V02497,SUB-0443,Week 2,2026-05-15,,Overdue,
V02498,SUB-0443,Week 4,2026-05-29,2026-05-31,Completed,In Window
V02499,SUB-0443,Week 8,2026-06-26,2026-06-27,Completed,In Window
V02500,SUB-0443,Week 12,2026-07-24,2026-07-24,Completed,In Window
V02501,SUB-0443,Week 24,2026-10-16,2026-10-19,Completed,In Window
V02502,SUB-0444,Screening,2025-06-05,2025-06-08,Completed,In Window
V02503,SUB-0444,Baseline,2025-06-19,2025-06-20,Completed,In Window
V02504,SUB-0444,Week 2,2025-07-03,2025-07-03,Completed,In Window
V02505,SUB-0444,Week 4,2025-07-17,2025-07-18,Completed,In Window
V02506,SUB-0444,Week 8,2025-08-14,2025-08-17,Completed,In Window
V02507,SUB-0444,Week 12,2025-09-11,,Overdue,
V02508,SUB-0444,Week 24,2025-12-04,2025-12-04,Completed,In Window
V02509,SUB-0445,Screening,2026-03-07,2026-03-10,Completed,In Window
V02510,SUB-0445,Baseline,2026-03-21,2026-03-19,Completed,In Window
V02511,SUB-0445,Week 2,2026-04-04,2026-04-06,Completed,In Window
V02512,SUB-0445,Week 4,2026-04-18,2026-04-18,Completed,In Window
V02513,SUB-0445,Week 8,2026-05-16,2026-05-15,Completed,In Window
V02514,SUB-0445,Week 12,2026-06-13,2026-06-13,Completed,In Window
V02515,SUB-0445,Week 24,2026-09-05,,Missed,
V02516,SUB-0446,Screening,2025-07-16,2025-07-15,Completed,In Window
V02517,SUB-0447,Screening,2026-07-23,2026-07-26,Completed,In Window
V02518,SUB-0447,Baseline,2026-08-06,2026-08-09,Completed,In Window
V02519,SUB-0447,Week 2,2026-08-20,2026-08-22,Completed,In Window
V02520,SUB-0447,Week 4,2026-09-03,2026-09-03,Completed,In Window
V02521,SUB-0447,Week 8,2026-10-01,2026-10-03,Completed,In Window
V02522,SUB-0447,Week 12,2026-10-29,,Scheduled,
V02523,SUB-0447,Week 24,2027-01-21,,Scheduled,
V02524,SUB-0448,Screening,2026-02-11,2026-02-14,Completed,In Window
V02525,SUB-0448,Baseline,2026-02-25,2026-02-24,Completed,In Window
V02526,SUB-0448,Week 2,2026-03-11,2026-03-10,Completed,In Window
V02527,SUB-0448,Week 4,2026-03-25,2026-03-23,Completed,In Window
V02528,SUB-0448,Week 8,2026-04-22,2026-04-23,Completed,In Window
V02529,SUB-0448,Week 12,2026-05-20,,Overdue,
V02530,SUB-0448,Week 24,2026-08-12,2026-08-10,Completed,In Window
V02531,SUB-0449,Screening,2025-11-15,2025-11-15,Completed,In Window
V02532,SUB-0449,Baseline,2025-11-29,2025-11-27,Completed,In Window
V02533,SUB-0449,Week 2,2025-12-13,2025-12-15,Completed,In Window
V02534,SUB-0449,Week 4,2025-12-27,,Missed,
V02535,SUB-0449,Week 8,2026-01-24,2026-01-22,Completed,In Window
V02536,SUB-0449,Week 12,2026-02-21,2026-02-21,Completed,In Window
V02537,SUB-0449,Week 24,2026-05-16,2026-05-14,Completed,In Window
V02538,SUB-0450,Screening,2025-03-27,2025-03-29,Completed,In Window
V02539,SUB-0450,Baseline,2025-04-10,2025-04-13,Completed,In Window
V02540,SUB-0450,Week 2,2025-04-24,2025-04-24,Completed,In Window
V02541,SUB-0450,Week 4,2025-05-08,2025-05-06,Completed,In Window
V02542,SUB-0450,Week 8,2025-06-05,2025-06-06,Completed,In Window
V02543,SUB-0450,Week 12,2025-07-03,2025-07-01,Completed,In Window
V02544,SUB-0450,Week 24,2025-09-25,2025-09-28,Completed,In Window
V02545,SUB-0451,Screening,2025-10-07,2025-10-08,Completed,In Window
V02546,SUB-0452,Screening,2025-05-29,2025-05-31,Completed,In Window
V02547,SUB-0453,Screening,2025-08-29,2025-08-29,Completed,In Window
V02548,SUB-0453,Baseline,2025-09-12,2025-09-15,Completed,In Window
V02549,SUB-0453,Week 2,2025-09-26,2025-09-29,Completed,In Window
V02550,SUB-0453,Week 4,2025-10-10,2025-10-11,Completed,In Window
V02551,SUB-0453,Week 8,2025-11-07,2025-11-10,Completed,In Window
V02552,SUB-0453,Week 12,2025-12-05,2025-12-05,Completed,In Window
V02553,SUB-0453,Week 24,2026-02-27,2026-02-27,Completed,In Window
V02554,SUB-0454,Screening,2025-02-25,2025-02-28,Completed,In Window
V02555,SUB-0454,Baseline,2025-03-11,2025-03-13,Completed,In Window
V02556,SUB-0454,Week 2,2025-03-25,2025-03-23,Completed,In Window
V02557,SUB-0454,Week 4,2025-04-08,2025-04-09,Completed,In Window
V02558,SUB-0454,Week 8,2025-05-06,,Overdue,
V02559,SUB-0454,Week 12,2025-06-03,2025-06-05,Completed,In Window
V02560,SUB-0454,Week 24,2025-08-26,,Overdue,
V02561,SUB-0455,Screening,2025-05-30,2025-05-30,Completed,In Window
V02562,SUB-0456,Screening,2025-08-01,2025-08-02,Completed,In Window
V02563,SUB-0456,Baseline,2025-08-15,2025-08-17,Completed,In Window
V02564,SUB-0456,Week 2,2025-08-29,2025-08-31,Completed,In Window
V02565,SUB-0456,Week 4,2025-09-12,2025-09-15,Completed,In Window
V02566,SUB-0456,Week 8,2025-10-10,2025-10-10,Completed,In Window
V02567,SUB-0456,Week 12,2025-11-07,,Missed,
V02568,SUB-0456,Week 24,2026-01-30,2026-02-01,Completed,In Window
V02569,SUB-0457,Screening,2025-07-28,2025-07-29,Completed,In Window
V02570,SUB-0457,Baseline,2025-08-11,2025-08-12,Completed,In Window
V02571,SUB-0457,Week 2,2025-08-25,2025-08-23,Completed,In Window
V02572,SUB-0457,Week 4,2025-09-08,2025-09-11,Completed,In Window
V02573,SUB-0457,Week 8,2025-10-06,2025-10-04,Completed,In Window
V02574,SUB-0457,Week 12,2025-11-03,2025-11-01,Completed,In Window
V02575,SUB-0457,Week 24,2026-01-26,,Overdue,
V02576,SUB-0458,Screening,2025-10-21,2025-10-20,Completed,In Window
V02577,SUB-0458,Baseline,2025-11-04,2025-11-07,Completed,In Window
V02578,SUB-0458,Week 2,2025-11-18,,Overdue,
V02579,SUB-0458,Week 4,2025-12-02,2025-12-04,Completed,In Window
V02580,SUB-0458,Week 8,2025-12-30,,Missed,
V02581,SUB-0458,Week 12,2026-01-27,2026-01-30,Completed,In Window
V02582,SUB-0458,Week 24,2026-04-21,2026-04-20,Completed,In Window
V02583,SUB-0459,Screening,2025-05-01,2025-05-02,Completed,In Window
V02584,SUB-0459,Baseline,2025-05-15,2025-05-13,Completed,In Window
V02585,SUB-0459,Week 2,2025-05-29,2025-05-30,Completed,In Window
V02586,SUB-0459,Week 4,2025-06-12,2025-06-15,Completed,In Window
V02587,SUB-0459,Week 8,2025-07-10,2025-07-09,Completed,In Window
V02588,SUB-0459,Week 12,2025-08-07,2025-08-05,Completed,In Window
V02589,SUB-0459,Week 24,2025-10-30,,Missed,
V02590,SUB-0460,Screening,2026-03-06,2026-03-09,Completed,In Window
V02591,SUB-0460,Baseline,2026-03-20,2026-03-19,Completed,In Window
V02592,SUB-0460,Week 2,2026-04-03,2026-04-01,Completed,In Window
V02593,SUB-0460,Week 4,2026-04-17,2026-04-20,Completed,In Window
V02594,SUB-0460,Week 8,2026-05-15,2026-05-17,Completed,In Window
V02595,SUB-0460,Week 12,2026-06-12,2026-06-15,Completed,In Window
V02596,SUB-0460,Week 24,2026-09-04,2026-09-04,Completed,In Window
V02597,SUB-0461,Screening,2026-07-04,,Overdue,
V02598,SUB-0461,Baseline,2026-07-18,2026-07-16,Completed,In Window
V02599,SUB-0461,Week 2,2026-08-01,2026-07-31,Completed,In Window
V02600,SUB-0461,Week 4,2026-08-15,2026-08-17,Completed,In Window
V02601,SUB-0461,Week 8,2026-09-12,,Overdue,
V02602,SUB-0461,Week 12,2026-10-10,2026-10-08,Completed,In Window
V02603,SUB-0461,Week 24,2027-01-02,,Scheduled,
V02604,SUB-0462,Screening,2025-11-08,2025-11-11,Completed,In Window
V02605,SUB-0463,Screening,2025-09-26,2025-09-28,Completed,In Window
V02606,SUB-0463,Baseline,2025-10-10,2025-10-09,Completed,In Window
V02607,SUB-0463,Week 2,2025-10-24,2025-10-27,Completed,In Window
V02608,SUB-0463,Week 4,2025-11-07,2025-11-06,Completed,In Window
V02609,SUB-0463,Week 8,2025-12-05,2025-12-07,Completed,In Window
V02610,SUB-0463,Week 12,2026-01-02,2026-01-04,Completed,In Window
V02611,SUB-0463,Week 24,2026-03-27,,Missed,
V02612,SUB-0464,Screening,2025-09-21,,Overdue,
V02613,SUB-0464,Baseline,2025-10-05,2025-10-07,Completed,In Window
V02614,SUB-0464,Week 2,2025-10-19,2025-10-18,Completed,In Window
V02615,SUB-0464,Week 4,2025-11-02,2025-11-02,Completed,In Window
V02616,SUB-0464,Week 8,2025-11-30,2025-12-03,Completed,In Window
V02617,SUB-0464,Week 12,2025-12-28,,Missed,
V02618,SUB-0464,Week 24,2026-03-22,2026-03-24,Completed,In Window
V02619,SUB-0465,Screening,2025-10-08,2025-10-09,Completed,In Window
V02620,SUB-0465,Baseline,2025-10-22,2025-10-24,Completed,In Window
V02621,SUB-0465,Week 2,2025-11-05,2025-11-07,Completed,In Window
V02622,SUB-0465,Week 4,2025-11-19,2025-11-17,Completed,In Window
V02623,SUB-0465,Week 8,2025-12-17,2025-12-17,Completed,In Window
V02624,SUB-0465,Week 12,2026-01-14,2026-01-16,Completed,In Window
V02625,SUB-0465,Week 24,2026-04-08,2026-04-07,Completed,In Window
V02626,SUB-0466,Screening,2025-08-23,2025-08-21,Completed,In Window
V02627,SUB-0466,Baseline,2025-09-06,2025-09-05,Completed,In Window
V02628,SUB-0466,Week 2,2025-09-20,2025-09-20,Completed,In Window
V02629,SUB-0466,Week 4,2025-10-04,2025-10-02,Completed,In Window
V02630,SUB-0466,Week 8,2025-11-01,2025-11-01,Completed,In Window
V02631,SUB-0466,Week 12,2025-11-29,,Missed,
V02632,SUB-0466,Week 24,2026-02-21,2026-02-22,Completed,In Window
V02633,SUB-0467,Screening,2025-03-23,,Missed,
V02634,SUB-0468,Screening,2026-05-29,,Overdue,
V02635,SUB-0469,Screening,2026-01-21,2026-01-24,Completed,In Window
V02636,SUB-0469,Baseline,2026-02-04,2026-02-06,Completed,In Window
V02637,SUB-0469,Week 2,2026-02-18,2026-02-18,Completed,In Window
V02638,SUB-0469,Week 4,2026-03-04,2026-03-02,Completed,In Window
V02639,SUB-0469,Week 8,2026-04-01,2026-04-02,Completed,In Window
V02640,SUB-0469,Week 12,2026-04-29,2026-04-30,Completed,In Window
V02641,SUB-0469,Week 24,2026-07-22,2026-07-21,Completed,In Window
V02642,SUB-0470,Screening,2026-02-16,2026-02-16,Completed,In Window
V02643,SUB-0470,Baseline,2026-03-02,2026-03-04,Completed,In Window
V02644,SUB-0470,Week 2,2026-03-16,2026-03-19,Completed,In Window
V02645,SUB-0470,Week 4,2026-03-30,2026-03-31,Completed,In Window
V02646,SUB-0470,Week 8,2026-04-27,2026-04-30,Completed,In Window
V02647,SUB-0470,Week 12,2026-05-25,2026-05-26,Completed,In Window
V02648,SUB-0470,Week 24,2026-08-17,2026-08-20,Completed,In Window
V02649,SUB-0471,Screening,2025-12-21,2025-12-23,Completed,In Window
V02650,SUB-0472,Screening,2026-06-15,,Missed,
V02651,SUB-0472,Baseline,2026-06-29,2026-06-30,Completed,In Window
V02652,SUB-0472,Week 2,2026-07-13,2026-07-12,Completed,In Window
V02653,SUB-0472,Week 4,2026-07-27,2026-07-29,Completed,In Window
V02654,SUB-0472,Week 8,2026-08-24,2026-08-22,Completed,In Window
V02655,SUB-0472,Week 12,2026-09-21,2026-09-23,Completed,In Window
V02656,SUB-0472,Week 24,2026-12-14,,Scheduled,
V02657,SUB-0473,Screening,2025-12-17,2025-12-17,Completed,In Window
V02658,SUB-0473,Baseline,2025-12-31,2025-12-29,Completed,In Window
V02659,SUB-0473,Week 2,2026-01-14,2026-01-16,Completed,In Window
V02660,SUB-0473,Week 4,2026-01-28,2026-01-30,Completed,In Window
V02661,SUB-0473,Week 8,2026-02-25,2026-02-26,Completed,In Window
V02662,SUB-0473,Week 12,2026-03-25,2026-03-27,Completed,In Window
V02663,SUB-0473,Week 24,2026-06-17,2026-06-18,Completed,In Window
V02664,SUB-0474,Screening,2025-02-27,,Missed,
V02665,SUB-0475,Screening,2025-05-18,,Overdue,
V02666,SUB-0475,Baseline,2025-06-01,2025-05-30,Completed,In Window
V02667,SUB-0475,Week 2,2025-06-15,2025-06-18,Completed,In Window
V02668,SUB-0475,Week 4,2025-06-29,2025-06-28,Completed,In Window
V02669,SUB-0475,Week 8,2025-07-27,2025-07-29,Completed,In Window
V02670,SUB-0475,Week 12,2025-08-24,2025-08-27,Completed,In Window
V02671,SUB-0475,Week 24,2025-11-16,2025-11-16,Completed,In Window
V02672,SUB-0476,Screening,2025-12-18,2025-12-16,Completed,In Window
V02673,SUB-0477,Screening,2026-04-27,2026-04-25,Completed,In Window
V02674,SUB-0478,Screening,2025-04-10,2025-04-13,Completed,In Window
V02675,SUB-0478,Baseline,2025-04-24,2025-04-25,Completed,In Window
V02676,SUB-0478,Week 2,2025-05-08,2025-05-11,Completed,In Window
V02677,SUB-0478,Week 4,2025-05-22,2025-05-25,Completed,In Window
V02678,SUB-0478,Week 8,2025-06-19,2025-06-21,Completed,In Window
V02679,SUB-0478,Week 12,2025-07-17,2025-07-15,Completed,In Window
V02680,SUB-0478,Week 24,2025-10-09,2025-10-10,Completed,In Window
V02681,SUB-0479,Screening,2025-08-01,2025-08-01,Completed,In Window
V02682,SUB-0479,Baseline,2025-08-15,2025-08-17,Completed,In Window
V02683,SUB-0479,Week 2,2025-08-29,2025-08-29,Completed,In Window
V02684,SUB-0479,Week 4,2025-09-12,,Overdue,
V02685,SUB-0479,Week 8,2025-10-10,2025-10-13,Completed,In Window
V02686,SUB-0479,Week 12,2025-11-07,2025-11-08,Completed,In Window
V02687,SUB-0479,Week 24,2026-01-30,2026-02-02,Completed,In Window
V02688,SUB-0480,Screening,2026-06-20,2026-06-18,Completed,In Window
V02689,SUB-0480,Baseline,2026-07-04,2026-07-05,Completed,In Window
V02690,SUB-0480,Week 2,2026-07-18,,Overdue,
V02691,SUB-0480,Week 4,2026-08-01,2026-08-02,Completed,In Window
V02692,SUB-0480,Week 8,2026-08-29,2026-08-31,Completed,In Window
V02693,SUB-0480,Week 12,2026-09-26,,Overdue,
V02694,SUB-0480,Week 24,2026-12-19,,Scheduled,
V02695,SUB-0481,Screening,2025-11-22,2025-11-22,Completed,In Window
V02696,SUB-0482,Screening,2025-04-25,,Overdue,
V02697,SUB-0482,Baseline,2025-05-09,2025-05-08,Completed,In Window
V02698,SUB-0482,Week 2,2025-05-23,2025-05-25,Completed,In Window
V02699,SUB-0482,Week 4,2025-06-06,2025-06-08,Completed,In Window
V02700,SUB-0482,Week 8,2025-07-04,2025-07-06,Completed,In Window
V02701,SUB-0482,Week 12,2025-08-01,2025-08-01,Completed,In Window
V02702,SUB-0482,Week 24,2025-10-24,2025-10-27,Completed,In Window
V02703,SUB-0483,Screening,2026-06-19,2026-06-19,Completed,In Window
V02704,SUB-0483,Baseline,2026-07-03,2026-07-02,Completed,In Window
V02705,SUB-0483,Week 2,2026-07-17,2026-07-17,Completed,In Window
V02706,SUB-0483,Week 4,2026-07-31,2026-07-31,Completed,In Window
V02707,SUB-0483,Week 8,2026-08-28,2026-08-31,Completed,In Window
V02708,SUB-0483,Week 12,2026-09-25,2026-09-26,Completed,In Window
V02709,SUB-0483,Week 24,2026-12-18,,Scheduled,
V02710,SUB-0484,Screening,2025-03-20,2025-03-19,Completed,In Window
V02711,SUB-0485,Screening,2026-04-09,2026-04-08,Completed,In Window
V02712,SUB-0485,Baseline,2026-04-23,2026-04-21,Completed,In Window
V02713,SUB-0485,Week 2,2026-05-07,2026-05-10,Completed,In Window
V02714,SUB-0485,Week 4,2026-05-21,2026-05-19,Completed,In Window
V02715,SUB-0485,Week 8,2026-06-18,2026-06-21,Completed,In Window
V02716,SUB-0485,Week 12,2026-07-16,2026-07-15,Completed,In Window
V02717,SUB-0485,Week 24,2026-10-08,2026-10-08,Completed,In Window
V02718,SUB-0486,Screening,2025-05-03,,Overdue,
V02719,SUB-0487,Screening,2025-04-06,2025-04-05,Completed,In Window
V02720,SUB-0487,Baseline,2025-04-20,2025-04-18,Completed,In Window
V02721,SUB-0487,Week 2,2025-05-04,2025-05-06,Completed,In Window
V02722,SUB-0487,Week 4,2025-05-18,,Overdue,
V02723,SUB-0487,Week 8,2025-06-15,2025-06-14,Completed,In Window
V02724,SUB-0487,Week 12,2025-07-13,2025-07-12,Completed,In Window
V02725,SUB-0487,Week 24,2025-10-05,2025-10-04,Completed,In Window
V02726,SUB-0488,Screening,2025-05-04,,Missed,
V02727,SUB-0489,Screening,2025-04-24,,Missed,
V02728,SUB-0489,Baseline,2025-05-08,2025-05-11,Completed,In Window
V02729,SUB-0489,Week 2,2025-05-22,2025-05-25,Completed,In Window
V02730,SUB-0489,Week 4,2025-06-05,2025-06-08,Completed,In Window
V02731,SUB-0489,Week 8,2025-07-03,2025-07-04,Completed,In Window
V02732,SUB-0489,Week 12,2025-07-31,2025-08-01,Completed,In Window
V02733,SUB-0489,Week 24,2025-10-23,,Missed,
V02734,SUB-0490,Screening,2025-10-23,2025-10-25,Completed,In Window
V02735,SUB-0491,Screening,2026-02-22,,Missed,
V02736,SUB-0491,Baseline,2026-03-08,2026-03-07,Completed,In Window
V02737,SUB-0491,Week 2,2026-03-22,2026-03-22,Completed,In Window
V02738,SUB-0491,Week 4,2026-04-05,2026-04-08,Completed,In Window
V02739,SUB-0491,Week 8,2026-05-03,2026-05-01,Completed,In Window
V02740,SUB-0491,Week 12,2026-05-31,2026-06-02,Completed,In Window
V02741,SUB-0491,Week 24,2026-08-23,2026-08-25,Completed,In Window
V02742,SUB-0492,Screening,2026-05-27,2026-05-30,Completed,In Window
V02743,SUB-0492,Baseline,2026-06-10,2026-06-10,Completed,In Window
V02744,SUB-0492,Week 2,2026-06-24,2026-06-23,Completed,In Window
V02745,SUB-0492,Week 4,2026-07-08,2026-07-09,Completed,In Window
V02746,SUB-0492,Week 8,2026-08-05,2026-08-03,Completed,In Window
V02747,SUB-0492,Week 12,2026-09-02,2026-09-05,Completed,In Window
V02748,SUB-0492,Week 24,2026-11-25,,Scheduled,
V02749,SUB-0493,Screening,2026-01-28,2026-01-28,Completed,In Window
V02750,SUB-0493,Baseline,2026-02-11,2026-02-13,Completed,In Window
V02751,SUB-0493,Week 2,2026-02-25,2026-02-26,Completed,In Window
V02752,SUB-0493,Week 4,2026-03-11,2026-03-14,Completed,In Window
V02753,SUB-0493,Week 8,2026-04-08,2026-04-06,Completed,In Window
V02754,SUB-0493,Week 12,2026-05-06,2026-05-05,Completed,In Window
V02755,SUB-0493,Week 24,2026-07-29,2026-07-27,Completed,In Window
V02756,SUB-0494,Screening,2026-06-05,2026-06-06,Completed,In Window
V02757,SUB-0494,Baseline,2026-06-19,2026-06-19,Completed,In Window
V02758,SUB-0494,Week 2,2026-07-03,2026-07-05,Completed,In Window
V02759,SUB-0494,Week 4,2026-07-17,2026-07-19,Completed,In Window
V02760,SUB-0494,Week 8,2026-08-14,2026-08-14,Completed,In Window
V02761,SUB-0494,Week 12,2026-09-11,2026-09-10,Completed,In Window
V02762,SUB-0494,Week 24,2026-12-04,,Scheduled,
V02763,SUB-0495,Screening,2026-07-12,2026-07-10,Completed,In Window
V02764,SUB-0495,Baseline,2026-07-26,2026-07-25,Completed,In Window
V02765,SUB-0495,Week 2,2026-08-09,2026-08-12,Completed,In Window
V02766,SUB-0495,Week 4,2026-08-23,2026-08-25,Completed,In Window
V02767,SUB-0495,Week 8,2026-09-20,2026-09-20,Completed,In Window
V02768,SUB-0495,Week 12,2026-10-18,2026-10-19,Completed,In Window
V02769,SUB-0495,Week 24,2027-01-10,,Scheduled,
V02770,SUB-0496,Screening,2025-07-24,,Missed,
V02771,SUB-0496,Baseline,2025-08-07,2025-08-09,Completed,In Window
V02772,SUB-0496,Week 2,2025-08-21,2025-08-21,Completed,In Window
V02773,SUB-0496,Week 4,2025-09-04,2025-09-07,Completed,In Window
V02774,SUB-0496,Week 8,2025-10-02,2025-10-01,Completed,In Window
V02775,SUB-0496,Week 12,2025-10-30,2025-11-02,Completed,In Window
V02776,SUB-0496,Week 24,2026-01-22,2026-01-21,Completed,In Window
V02777,SUB-0497,Screening,2025-08-26,2025-08-27,Completed,In Window
V02778,SUB-0497,Baseline,2025-09-09,2025-09-11,Completed,In Window
V02779,SUB-0497,Week 2,2025-09-23,2025-09-24,Completed,In Window
V02780,SUB-0497,Week 4,2025-10-07,2025-10-10,Completed,In Window
V02781,SUB-0497,Week 8,2025-11-04,2025-11-05,Completed,In Window
V02782,SUB-0497,Week 12,2025-12-02,2025-12-05,Completed,In Window
V02783,SUB-0497,Week 24,2026-02-24,2026-02-22,Completed,In Window
V02784,SUB-0498,Screening,2026-03-18,2026-03-16,Completed,In Window
V02785,SUB-0498,Baseline,2026-04-01,2026-04-04,Completed,In Window
V02786,SUB-0498,Week 2,2026-04-15,2026-04-13,Completed,In Window
V02787,SUB-0498,Week 4,2026-04-29,,Overdue,
V02788,SUB-0498,Week 8,2026-05-27,2026-05-26,Completed,In Window
V02789,SUB-0498,Week 12,2026-06-24,2026-06-26,Completed,In Window
V02790,SUB-0498,Week 24,2026-09-16,2026-09-17,Completed,In Window
V02791,SUB-0499,Screening,2026-04-06,2026-04-06,Completed,In Window
V02792,SUB-0500,Screening,2025-06-04,2025-06-07,Completed,In Window
V02793,SUB-0500,Baseline,2025-06-18,2025-06-16,Completed,In Window
V02794,SUB-0500,Week 2,2025-07-02,,Overdue,
V02795,SUB-0500,Week 4,2025-07-16,2025-07-14,Completed,In Window
V02796,SUB-0500,Week 8,2025-08-13,2025-08-15,Completed,In Window
V02797,SUB-0500,Week 12,2025-09-10,2025-09-12,Completed,In Window
V02798,SUB-0500,Week 24,2025-12-03,2025-12-03,Completed,In Window
V02799,SUB-0501,Screening,2025-11-16,2025-11-19,Completed,In Window
V02800,SUB-0501,Baseline,2025-11-30,2025-11-30,Completed,In Window
V02801,SUB-0501,Week 2,2025-12-14,2025-12-16,Completed,In Window
V02802,SUB-0501,Week 4,2025-12-28,2025-12-31,Completed,In Window
V02803,SUB-0501,Week 8,2026-01-25,,Overdue,
V02804,SUB-0501,Week 12,2026-02-22,,Overdue,
V02805,SUB-0501,Week 24,2026-05-17,2026-05-20,Completed,In Window
V02806,SUB-0502,Screening,2025-07-13,,Overdue,
V02807,SUB-0502,Baseline,2025-07-27,2025-07-25,Completed,In Window
V02808,SUB-0502,Week 2,2025-08-10,2025-08-09,Completed,In Window
V02809,SUB-0502,Week 4,2025-08-24,2025-08-26,Completed,In Window
V02810,SUB-0502,Week 8,2025-09-21,2025-09-19,Completed,In Window
V02811,SUB-0502,Week 12,2025-10-19,2025-10-21,Completed,In Window
V02812,SUB-0502,Week 24,2026-01-11,2026-01-10,Completed,In Window
V02813,SUB-0503,Screening,2025-04-03,,Overdue,
V02814,SUB-0503,Baseline,2025-04-17,2025-04-19,Completed,In Window
V02815,SUB-0503,Week 2,2025-05-01,2025-05-03,Completed,In Window
V02816,SUB-0503,Week 4,2025-05-15,2025-05-17,Completed,In Window
V02817,SUB-0503,Week 8,2025-06-12,,Overdue,
V02818,SUB-0503,Week 12,2025-07-10,2025-07-09,Completed,In Window
V02819,SUB-0503,Week 24,2025-10-02,2025-10-03,Completed,In Window
V02820,SUB-0504,Screening,2025-11-21,2025-11-24,Completed,In Window
V02821,SUB-0504,Baseline,2025-12-05,2025-12-03,Completed,In Window
V02822,SUB-0504,Week 2,2025-12-19,2025-12-19,Completed,In Window
V02823,SUB-0504,Week 4,2026-01-02,2026-01-01,Completed,In Window
V02824,SUB-0504,Week 8,2026-01-30,2026-01-29,Completed,In Window
V02825,SUB-0504,Week 12,2026-02-27,2026-02-28,Completed,In Window
V02826,SUB-0504,Week 24,2026-05-22,,Overdue,
V02827,SUB-0505,Screening,2025-11-08,2025-11-11,Completed,In Window
V02828,SUB-0505,Baseline,2025-11-22,2025-11-24,Completed,In Window
V02829,SUB-0505,Week 2,2025-12-06,2025-12-06,Completed,In Window
V02830,SUB-0505,Week 4,2025-12-20,2025-12-22,Completed,In Window
V02831,SUB-0505,Week 8,2026-01-17,2026-01-15,Completed,In Window
V02832,SUB-0505,Week 12,2026-02-14,2026-02-12,Completed,In Window
V02833,SUB-0505,Week 24,2026-05-09,,Overdue,
V02834,SUB-0506,Screening,2026-03-09,,Missed,
V02835,SUB-0506,Baseline,2026-03-23,2026-03-23,Completed,In Window
V02836,SUB-0506,Week 2,2026-04-06,2026-04-08,Completed,In Window
V02837,SUB-0506,Week 4,2026-04-20,2026-04-18,Completed,In Window
V02838,SUB-0506,Week 8,2026-05-18,2026-05-16,Completed,In Window
V02839,SUB-0506,Week 12,2026-06-15,2026-06-17,Completed,In Window
V02840,SUB-0506,Week 24,2026-09-07,2026-09-06,Completed,In Window
V02841,SUB-0507,Screening,2025-03-02,2025-03-04,Completed,In Window
V02842,SUB-0508,Screening,2025-10-14,2025-10-13,Completed,In Window
V02843,SUB-0509,Screening,2025-09-09,2025-09-12,Completed,In Window
V02844,SUB-0509,Baseline,2025-09-23,2025-09-21,Completed,In Window
V02845,SUB-0509,Week 2,2025-10-07,2025-10-07,Completed,In Window
V02846,SUB-0509,Week 4,2025-10-21,2025-10-21,Completed,In Window
V02847,SUB-0509,Week 8,2025-11-18,,Overdue,
V02848,SUB-0509,Week 12,2025-12-16,,Missed,
V02849,SUB-0509,Week 24,2026-03-10,2026-03-09,Completed,In Window
V02850,SUB-0510,Screening,2025-10-23,2025-10-23,Completed,In Window
V02851,SUB-0510,Baseline,2025-11-06,2025-11-08,Completed,In Window
V02852,SUB-0510,Week 2,2025-11-20,2025-11-22,Completed,In Window
V02853,SUB-0510,Week 4,2025-12-04,2025-12-03,Completed,In Window
V02854,SUB-0510,Week 8,2026-01-01,2026-01-03,Completed,In Window
V02855,SUB-0510,Week 12,2026-01-29,2026-01-29,Completed,In Window
V02856,SUB-0510,Week 24,2026-04-23,,Missed,
V02857,SUB-0511,Screening,2026-01-19,2026-01-22,Completed,In Window
V02858,SUB-0512,Screening,2025-11-19,2025-11-21,Completed,In Window
V02859,SUB-0513,Screening,2025-09-18,2025-09-18,Completed,In Window
V02860,SUB-0513,Baseline,2025-10-02,2025-10-03,Completed,In Window
V02861,SUB-0513,Week 2,2025-10-16,2025-10-14,Completed,In Window
V02862,SUB-0513,Week 4,2025-10-30,2025-10-29,Completed,In Window
V02863,SUB-0513,Week 8,2025-11-27,2025-11-27,Completed,In Window
V02864,SUB-0513,Week 12,2025-12-25,2025-12-27,Completed,In Window
V02865,SUB-0513,Week 24,2026-03-19,2026-03-18,Completed,In Window
V02866,SUB-0514,Screening,2025-02-17,,Overdue,
V02867,SUB-0514,Baseline,2025-03-03,,Overdue,
V02868,SUB-0514,Week 2,2025-03-17,2025-03-20,Completed,In Window
V02869,SUB-0514,Week 4,2025-03-31,2025-03-31,Completed,In Window
V02870,SUB-0514,Week 8,2025-04-28,2025-04-29,Completed,In Window
V02871,SUB-0514,Week 12,2025-05-26,2025-05-27,Completed,In Window
V02872,SUB-0514,Week 24,2025-08-18,,Overdue,
V02873,SUB-0515,Screening,2025-10-29,2025-10-31,Completed,In Window
V02874,SUB-0515,Baseline,2025-11-12,2025-11-12,Completed,In Window
V02875,SUB-0515,Week 2,2025-11-26,2025-11-29,Completed,In Window
V02876,SUB-0515,Week 4,2025-12-10,2025-12-11,Completed,In Window
V02877,SUB-0515,Week 8,2026-01-07,2026-01-10,Completed,In Window
V02878,SUB-0515,Week 12,2026-02-04,2026-02-02,Completed,In Window
V02879,SUB-0515,Week 24,2026-04-29,,Missed,
V02880,SUB-0516,Screening,2026-05-17,2026-05-15,Completed,In Window
V02881,SUB-0517,Screening,2026-03-17,2026-03-15,Completed,In Window
V02882,SUB-0517,Baseline,2026-03-31,2026-04-02,Completed,In Window
V02883,SUB-0517,Week 2,2026-04-14,2026-04-16,Completed,In Window
V02884,SUB-0517,Week 4,2026-04-28,2026-04-28,Completed,In Window
V02885,SUB-0517,Week 8,2026-05-26,2026-05-29,Completed,In Window
V02886,SUB-0517,Week 12,2026-06-23,2026-06-26,Completed,In Window
V02887,SUB-0517,Week 24,2026-09-15,2026-09-15,Completed,In Window
V02888,SUB-0518,Screening,2025-06-04,2025-06-05,Completed,In Window
V02889,SUB-0518,Baseline,2025-06-18,2025-06-18,Completed,In Window
V02890,SUB-0518,Week 2,2025-07-02,2025-07-03,Completed,In Window
V02891,SUB-0518,Week 4,2025-07-16,2025-07-17,Completed,In Window
V02892,SUB-0518,Week 8,2025-08-13,2025-08-15,Completed,In Window
V02893,SUB-0518,Week 12,2025-09-10,2025-09-10,Completed,In Window
V02894,SUB-0518,Week 24,2025-12-03,2025-12-04,Completed,In Window
V02895,SUB-0519,Screening,2025-12-03,2025-12-01,Completed,In Window
V02896,SUB-0520,Screening,2026-03-28,,Overdue,
V02897,SUB-0520,Baseline,2026-04-11,2026-04-14,Completed,In Window
V02898,SUB-0520,Week 2,2026-04-25,2026-04-25,Completed,In Window
V02899,SUB-0520,Week 4,2026-05-09,2026-05-09,Completed,In Window
V02900,SUB-0520,Week 8,2026-06-06,2026-06-07,Completed,In Window
V02901,SUB-0520,Week 12,2026-07-04,2026-07-06,Completed,In Window
V02902,SUB-0520,Week 24,2026-09-26,2026-09-26,Completed,In Window
V02903,SUB-0521,Screening,2026-04-09,2026-04-11,Completed,In Window
V02904,SUB-0521,Baseline,2026-04-23,2026-04-25,Completed,In Window
V02905,SUB-0521,Week 2,2026-05-07,2026-05-07,Completed,In Window
V02906,SUB-0521,Week 4,2026-05-21,2026-05-22,Completed,In Window
V02907,SUB-0521,Week 8,2026-06-18,,Missed,
V02908,SUB-0521,Week 12,2026-07-16,2026-07-17,Completed,In Window
V02909,SUB-0521,Week 24,2026-10-08,2026-10-06,Completed,In Window
V02910,SUB-0522,Screening,2026-02-11,2026-02-12,Completed,In Window
V02911,SUB-0522,Baseline,2026-02-25,2026-02-23,Completed,In Window
V02912,SUB-0522,Week 2,2026-03-11,2026-03-11,Completed,In Window
V02913,SUB-0522,Week 4,2026-03-25,2026-03-25,Completed,In Window
V02914,SUB-0522,Week 8,2026-04-22,2026-04-25,Completed,In Window
V02915,SUB-0522,Week 12,2026-05-20,2026-05-18,Completed,In Window
V02916,SUB-0522,Week 24,2026-08-12,,Missed,
V02917,SUB-0523,Screening,2025-11-12,2025-11-10,Completed,In Window
V02918,SUB-0523,Baseline,2025-11-26,2025-11-26,Completed,In Window
V02919,SUB-0523,Week 2,2025-12-10,2025-12-10,Completed,In Window
V02920,SUB-0523,Week 4,2025-12-24,,Overdue,
V02921,SUB-0523,Week 8,2026-01-21,2026-01-21,Completed,In Window
V02922,SUB-0523,Week 12,2026-02-18,2026-02-20,Completed,In Window
V02923,SUB-0523,Week 24,2026-05-13,,Overdue,
V02924,SUB-0524,Screening,2025-09-28,2025-09-28,Completed,In Window
V02925,SUB-0524,Baseline,2025-10-12,2025-10-13,Completed,In Window
V02926,SUB-0524,Week 2,2025-10-26,2025-10-29,Completed,In Window
V02927,SUB-0524,Week 4,2025-11-09,2025-11-08,Completed,In Window
V02928,SUB-0524,Week 8,2025-12-07,2025-12-08,Completed,In Window
V02929,SUB-0524,Week 12,2026-01-04,2026-01-07,Completed,In Window
V02930,SUB-0524,Week 24,2026-03-29,2026-03-28,Completed,In Window
V02931,SUB-0525,Screening,2025-11-11,2025-11-14,Completed,In Window
V02932,SUB-0525,Baseline,2025-11-25,2025-11-26,Completed,In Window
V02933,SUB-0525,Week 2,2025-12-09,2025-12-11,Completed,In Window
V02934,SUB-0525,Week 4,2025-12-23,2025-12-23,Completed,In Window
V02935,SUB-0525,Week 8,2026-01-20,2026-01-23,Completed,In Window
V02936,SUB-0525,Week 12,2026-02-17,2026-02-15,Completed,In Window
V02937,SUB-0525,Week 24,2026-05-12,2026-05-12,Completed,In Window
V02938,SUB-0526,Screening,2025-09-03,2025-09-06,Completed,In Window
V02939,SUB-0526,Baseline,2025-09-17,2025-09-17,Completed,In Window
V02940,SUB-0526,Week 2,2025-10-01,2025-09-29,Completed,In Window
V02941,SUB-0526,Week 4,2025-10-15,,Overdue,
V02942,SUB-0526,Week 8,2025-11-12,2025-11-10,Completed,In Window
V02943,SUB-0526,Week 12,2025-12-10,2025-12-09,Completed,In Window
V02944,SUB-0526,Week 24,2026-03-04,2026-03-04,Completed,In Window
V02945,SUB-0527,Screening,2025-09-15,2025-09-15,Completed,In Window
V02946,SUB-0527,Baseline,2025-09-29,2025-09-27,Completed,In Window
V02947,SUB-0527,Week 2,2025-10-13,2025-10-15,Completed,In Window
V02948,SUB-0527,Week 4,2025-10-27,2025-10-29,Completed,In Window
V02949,SUB-0527,Week 8,2025-11-24,2025-11-27,Completed,In Window
V02950,SUB-0527,Week 12,2025-12-22,2025-12-23,Completed,In Window
V02951,SUB-0527,Week 24,2026-03-16,2026-03-19,Completed,In Window
V02952,SUB-0528,Screening,2026-06-23,2026-06-24,Completed,In Window
V02953,SUB-0528,Baseline,2026-07-07,,Overdue,
V02954,SUB-0528,Week 2,2026-07-21,2026-07-22,Completed,In Window
V02955,SUB-0528,Week 4,2026-08-04,2026-08-05,Completed,In Window
V02956,SUB-0528,Week 8,2026-09-01,2026-09-03,Completed,In Window
V02957,SUB-0528,Week 12,2026-09-29,2026-09-29,Completed,In Window
V02958,SUB-0528,Week 24,2026-12-22,,Scheduled,
V02959,SUB-0529,Screening,2025-11-08,2025-11-08,Completed,In Window
V02960,SUB-0530,Screening,2026-06-22,2026-06-24,Completed,In Window
V02961,SUB-0530,Baseline,2026-07-06,2026-07-06,Completed,In Window
V02962,SUB-0530,Week 2,2026-07-20,2026-07-20,Completed,In Window
V02963,SUB-0530,Week 4,2026-08-03,2026-08-05,Completed,In Window
V02964,SUB-0530,Week 8,2026-08-31,2026-09-03,Completed,In Window
V02965,SUB-0530,Week 12,2026-09-28,2026-09-26,Completed,In Window
V02966,SUB-0530,Week 24,2026-12-21,,Scheduled,
V02967,SUB-0531,Screening,2026-05-01,,Missed,
V02968,SUB-0531,Baseline,2026-05-15,2026-05-15,Completed,In Window
V02969,SUB-0531,Week 2,2026-05-29,2026-05-28,Completed,In Window
V02970,SUB-0531,Week 4,2026-06-12,2026-06-14,Completed,In Window
V02971,SUB-0531,Week 8,2026-07-10,2026-07-09,Completed,In Window
V02972,SUB-0531,Week 12,2026-08-07,2026-08-08,Completed,In Window
V02973,SUB-0531,Week 24,2026-10-30,,Scheduled,
V02974,SUB-0532,Screening,2025-03-06,2025-03-05,Completed,In Window
V02975,SUB-0532,Baseline,2025-03-20,2025-03-20,Completed,In Window
V02976,SUB-0532,Week 2,2025-04-03,,Overdue,
V02977,SUB-0532,Week 4,2025-04-17,2025-04-15,Completed,In Window
V02978,SUB-0532,Week 8,2025-05-15,2025-05-18,Completed,In Window
V02979,SUB-0532,Week 12,2025-06-12,2025-06-11,Completed,In Window
V02980,SUB-0532,Week 24,2025-09-04,2025-09-07,Completed,In Window
V02981,SUB-0533,Screening,2025-10-04,2025-10-06,Completed,In Window
V02982,SUB-0533,Baseline,2025-10-18,2025-10-21,Completed,In Window
V02983,SUB-0533,Week 2,2025-11-01,2025-11-04,Completed,In Window
V02984,SUB-0533,Week 4,2025-11-15,2025-11-17,Completed,In Window
V02985,SUB-0533,Week 8,2025-12-13,2025-12-14,Completed,In Window
V02986,SUB-0533,Week 12,2026-01-10,2026-01-08,Completed,In Window
V02987,SUB-0533,Week 24,2026-04-04,2026-04-06,Completed,In Window
V02988,SUB-0534,Screening,2025-07-22,2025-07-21,Completed,In Window
V02989,SUB-0535,Screening,2025-12-14,2025-12-16,Completed,In Window
V02990,SUB-0535,Baseline,2025-12-28,2025-12-30,Completed,In Window
V02991,SUB-0535,Week 2,2026-01-11,2026-01-11,Completed,In Window
V02992,SUB-0535,Week 4,2026-01-25,2026-01-28,Completed,In Window
V02993,SUB-0535,Week 8,2026-02-22,2026-02-23,Completed,In Window
V02994,SUB-0535,Week 12,2026-03-22,2026-03-20,Completed,In Window
V02995,SUB-0535,Week 24,2026-06-14,2026-06-13,Completed,In Window
V02996,SUB-0536,Screening,2026-06-26,2026-06-27,Completed,In Window
V02997,SUB-0536,Baseline,2026-07-10,2026-07-08,Completed,In Window
V02998,SUB-0536,Week 2,2026-07-24,2026-07-23,Completed,In Window
V02999,SUB-0536,Week 4,2026-08-07,2026-08-09,Completed,In Window
V03000,SUB-0536,Week 8,2026-09-04,2026-09-03,Completed,In Window
V03001,SUB-0536,Week 12,2026-10-02,2026-10-02,Completed,In Window
V03002,SUB-0536,Week 24,2026-12-25,,Scheduled,
V03003,SUB-0537,Screening,2025-09-22,2025-09-21,Completed,In Window
V03004,SUB-0538,Screening,2025-03-03,2025-03-05,Completed,In Window
V03005,SUB-0538,Baseline,2025-03-17,2025-03-19,Completed,In Window
V03006,SUB-0538,Week 2,2025-03-31,,Overdue,
V03007,SUB-0538,Week 4,2025-04-14,2025-04-14,Completed,In Window
V03008,SUB-0538,Week 8,2025-05-12,2025-05-13,Completed,In Window
V03009,SUB-0538,Week 12,2025-06-09,2025-06-11,Completed,In Window
V03010,SUB-0538,Week 24,2025-09-01,2025-09-01,Completed,In Window
V03011,SUB-0539,Screening,2025-10-24,,Missed,
V03012,SUB-0539,Baseline,2025-11-07,,Missed,
V03013,SUB-0539,Week 2,2025-11-21,2025-11-24,Completed,In Window
V03014,SUB-0539,Week 4,2025-12-05,2025-12-06,Completed,In Window
V03015,SUB-0539,Week 8,2026-01-02,2026-01-05,Completed,In Window
V03016,SUB-0539,Week 12,2026-01-30,2026-01-31,Completed,In Window
V03017,SUB-0539,Week 24,2026-04-24,2026-04-25,Completed,In Window
V03018,SUB-0540,Screening,2025-06-14,2025-06-15,Completed,In Window
V03019,SUB-0540,Baseline,2025-06-28,2025-06-29,Completed,In Window
V03020,SUB-0540,Week 2,2025-07-12,2025-07-14,Completed,In Window
V03021,SUB-0540,Week 4,2025-07-26,2025-07-29,Completed,In Window
V03022,SUB-0540,Week 8,2025-08-23,2025-08-24,Completed,In Window
V03023,SUB-0540,Week 12,2025-09-20,2025-09-18,Completed,In Window
V03024,SUB-0540,Week 24,2025-12-13,,Overdue,
V03025,SUB-0541,Screening,2025-09-02,,Overdue,
V03026,SUB-0541,Baseline,2025-09-16,2025-09-15,Completed,In Window
V03027,SUB-0541,Week 2,2025-09-30,2025-10-03,Completed,In Window
V03028,SUB-0541,Week 4,2025-10-14,2025-10-16,Completed,In Window
V03029,SUB-0541,Week 8,2025-11-11,2025-11-09,Completed,In Window
V03030,SUB-0541,Week 12,2025-12-09,2025-12-12,Completed,In Window
V03031,SUB-0541,Week 24,2026-03-03,2026-03-04,Completed,In Window
V03032,SUB-0542,Screening,2025-06-27,2025-06-27,Completed,In Window
V03033,SUB-0542,Baseline,2025-07-11,2025-07-13,Completed,In Window
V03034,SUB-0542,Week 2,2025-07-25,2025-07-26,Completed,In Window
V03035,SUB-0542,Week 4,2025-08-08,2025-08-10,Completed,In Window
V03036,SUB-0542,Week 8,2025-09-05,2025-09-05,Completed,In Window
V03037,SUB-0542,Week 12,2025-10-03,2025-10-04,Completed,In Window
V03038,SUB-0542,Week 24,2025-12-26,2025-12-27,Completed,In Window
V03039,SUB-0543,Screening,2025-09-03,,Overdue,
V03040,SUB-0543,Baseline,2025-09-17,2025-09-16,Completed,In Window
V03041,SUB-0543,Week 2,2025-10-01,2025-09-29,Completed,In Window
V03042,SUB-0543,Week 4,2025-10-15,2025-10-14,Completed,In Window
V03043,SUB-0543,Week 8,2025-11-12,2025-11-14,Completed,In Window
V03044,SUB-0543,Week 12,2025-12-10,2025-12-08,Completed,In Window
V03045,SUB-0543,Week 24,2026-03-04,,Overdue,
V03046,SUB-0544,Screening,2025-07-15,2025-07-15,Completed,In Window
V03047,SUB-0545,Screening,2026-06-11,2026-06-09,Completed,In Window
V03048,SUB-0545,Baseline,2026-06-25,2026-06-25,Completed,In Window
V03049,SUB-0545,Week 2,2026-07-09,2026-07-10,Completed,In Window
V03050,SUB-0545,Week 4,2026-07-23,2026-07-22,Completed,In Window
V03051,SUB-0545,Week 8,2026-08-20,2026-08-23,Completed,In Window
V03052,SUB-0545,Week 12,2026-09-17,,Overdue,
V03053,SUB-0545,Week 24,2026-12-10,,Scheduled,
V03054,SUB-0546,Screening,2025-07-22,2025-07-25,Completed,In Window
V03055,SUB-0546,Baseline,2025-08-05,2025-08-06,Completed,In Window
V03056,SUB-0546,Week 2,2025-08-19,2025-08-22,Completed,In Window
V03057,SUB-0546,Week 4,2025-09-02,2025-09-01,Completed,In Window
V03058,SUB-0546,Week 8,2025-09-30,2025-10-03,Completed,In Window
V03059,SUB-0546,Week 12,2025-10-28,2025-10-26,Completed,In Window
V03060,SUB-0546,Week 24,2026-01-20,2026-01-19,Completed,In Window
V03061,SUB-0547,Screening,2025-10-07,2025-10-09,Completed,In Window
V03062,SUB-0547,Baseline,2025-10-21,2025-10-21,Completed,In Window
V03063,SUB-0547,Week 2,2025-11-04,2025-11-03,Completed,In Window
V03064,SUB-0547,Week 4,2025-11-18,2025-11-17,Completed,In Window
V03065,SUB-0547,Week 8,2025-12-16,2025-12-15,Completed,In Window
V03066,SUB-0547,Week 12,2026-01-13,2026-01-13,Completed,In Window
V03067,SUB-0547,Week 24,2026-04-07,2026-04-07,Completed,In Window
V03068,SUB-0548,Screening,2025-03-27,2025-03-25,Completed,In Window
V03069,SUB-0548,Baseline,2025-04-10,2025-04-09,Completed,In Window
V03070,SUB-0548,Week 2,2025-04-24,2025-04-23,Completed,In Window
V03071,SUB-0548,Week 4,2025-05-08,2025-05-07,Completed,In Window
V03072,SUB-0548,Week 8,2025-06-05,2025-06-08,Completed,In Window
V03073,SUB-0548,Week 12,2025-07-03,2025-07-05,Completed,In Window
V03074,SUB-0548,Week 24,2025-09-25,2025-09-23,Completed,In Window
V03075,SUB-0549,Screening,2025-03-19,,Missed,
