SubjectID,SiteID,TreatmentArm,VisitName,DoseDate,DoseEvent
SUB-0001,S01,Dose Low,Baseline,2026-09-29,Dose Taken
SUB-0002,S01,Dose Low,Baseline,2025-07-19,Dose Taken
SUB-0002,S01,Dose Low,Week 2,2025-08-02,Dose Taken
SUB-0002,S01,Dose Low,Week 4,2025-08-16,Dose Taken
SUB-0002,S01,Dose Low,Week 8,2025-09-13,Dose Taken
SUB-0002,S01,Dose Low,Week 12,2025-10-11,Dose Taken
SUB-0002,S01,Dose Low,Week 16,2025-11-08,Dose Held (AE)
SUB-0002,S01,Dose Low,Week 24,2026-01-03,Dose Taken
SUB-0002,S01,Dose Low,Week 36,2026-03-28,Dose Taken
SUB-0002,S01,Dose Low,Week 52 / EOT,2026-07-18,Dose Taken
SUB-0003,S01,Dose Low,Baseline,2025-12-14,Dose Taken
SUB-0003,S01,Dose Low,Week 2,2025-12-28,Dose Taken
SUB-0003,S01,Dose Low,Week 4,2026-01-11,Dose Taken
SUB-0003,S01,Dose Low,Week 8,2026-02-08,Dose Taken
SUB-0003,S01,Dose Low,Week 12,2026-03-08,Dose Taken
SUB-0003,S01,Dose Low,Week 16,2026-04-05,Dose Taken
SUB-0003,S01,Dose Low,Week 24,2026-05-31,Dose Taken
SUB-0003,S01,Dose Low,Week 36,2026-08-23,Dose Taken
SUB-0004,S01,Dose Low,Baseline,2025-12-07,Dose Taken
SUB-0004,S01,Dose Low,Week 2,2025-12-21,Dose Taken
SUB-0004,S01,Dose Low,Week 4,2026-01-04,Dose Taken
SUB-0004,S01,Dose Low,Week 8,2026-02-01,Dose Taken
SUB-0004,S01,Dose Low,Week 12,2026-03-01,Dose Taken
SUB-0004,S01,Dose Low,Week 16,2026-03-29,Dose Reduced
SUB-0004,S01,Dose Low,Week 24,2026-05-24,Dose Taken
SUB-0004,S01,Dose Low,Week 36,2026-08-16,Dose Taken
SUB-0005,S01,Dose High,Baseline,2026-07-21,Dose Taken
SUB-0005,S01,Dose High,Week 2,2026-08-04,Dose Held (AE)
SUB-0005,S01,Dose High,Week 4,2026-08-18,Dose Taken
SUB-0005,S01,Dose High,Week 8,2026-09-15,Dose Taken
SUB-0006,S01,Dose High,Baseline,2026-03-26,Dose Taken
SUB-0006,S01,Dose High,Week 2,2026-04-09,Dose Taken
SUB-0006,S01,Dose High,Week 4,2026-04-23,Dose Taken
SUB-0006,S01,Dose High,Week 8,2026-05-21,Dose Taken
SUB-0006,S01,Dose High,Week 12,2026-06-18,Dose Taken
SUB-0006,S01,Dose High,Week 16,2026-07-16,Dose Missed
SUB-0006,S01,Dose High,Week 24,2026-09-10,Dose Taken
SUB-0007,S01,Dose Low,Baseline,2025-07-30,Dose Taken
SUB-0007,S01,Dose Low,Week 2,2025-08-13,Dose Taken
SUB-0007,S01,Dose Low,Week 4,2025-08-27,Dose Taken
SUB-0007,S01,Dose Low,Week 8,2025-09-24,Dose Taken
SUB-0007,S01,Dose Low,Week 12,2025-10-22,Dose Taken
SUB-0007,S01,Dose Low,Week 16,2025-11-19,Dose Taken
SUB-0007,S01,Dose Low,Week 24,2026-01-14,Dose Taken
SUB-0007,S01,Dose Low,Week 36,2026-04-08,Dose Taken
SUB-0007,S01,Dose Low,Week 52 / EOT,2026-07-29,Dose Taken
SUB-0009,S01,Dose Low,Baseline,2026-06-01,Dose Taken
SUB-0009,S01,Dose Low,Week 2,2026-06-15,Dose Taken
SUB-0009,S01,Dose Low,Week 4,2026-06-29,Dose Taken
SUB-0009,S01,Dose Low,Week 8,2026-07-27,Dose Taken
SUB-0009,S01,Dose Low,Week 12,2026-08-24,Dose Taken
SUB-0009,S01,Dose Low,Week 16,2026-09-21,Dose Taken
SUB-0010,S01,Dose Low,Baseline,2026-06-20,Dose Taken
SUB-0010,S01,Dose Low,Week 2,2026-07-04,Dose Taken
SUB-0010,S01,Dose Low,Week 4,2026-07-18,Dose Taken
SUB-0010,S01,Dose Low,Week 8,2026-08-15,Dose Taken
SUB-0010,S01,Dose Low,Week 12,2026-09-12,Dose Taken
SUB-0011,S01,Dose Low,Baseline,2026-04-04,Dose Taken
SUB-0011,S01,Dose Low,Week 2,2026-04-18,Dose Taken
SUB-0011,S01,Dose Low,Week 4,2026-05-02,Dose Taken
SUB-0011,S01,Dose Low,Week 8,2026-05-30,Dose Reduced
SUB-0011,S01,Dose Low,Week 12,2026-06-27,Dose Taken
SUB-0011,S01,Dose Low,Week 16,2026-07-25,Dose Taken
SUB-0011,S01,Dose Low,Week 24,2026-09-19,Dose Taken
SUB-0014,S01,Dose High,Baseline,2026-02-23,Dose Taken
SUB-0014,S01,Dose High,Week 2,2026-03-09,Dose Taken
SUB-0014,S01,Dose High,Week 4,2026-03-23,Dose Taken
SUB-0014,S01,Dose High,Week 8,2026-04-20,Dose Reduced
SUB-0014,S01,Dose High,Week 12,2026-05-18,Dose Taken
SUB-0014,S01,Dose High,Week 16,2026-06-15,Dose Taken
SUB-0014,S01,Dose High,Week 24,2026-08-10,Dose Taken
SUB-0016,S01,Dose High,Baseline,2026-07-18,Dose Taken
SUB-0016,S01,Dose High,Week 2,2026-08-01,Dose Taken
SUB-0016,S01,Dose High,Week 4,2026-08-15,Dose Taken
SUB-0016,S01,Dose High,Week 8,2026-09-12,Dose Taken
SUB-0019,S01,Dose Low,Baseline,2026-04-16,Dose Taken
SUB-0019,S01,Dose Low,Week 2,2026-04-30,Dose Taken
SUB-0019,S01,Dose Low,Week 4,2026-05-14,Dose Held (AE)
SUB-0019,S01,Dose Low,Week 8,2026-06-11,Dose Taken
SUB-0019,S01,Dose Low,Week 12,2026-07-09,Dose Taken
SUB-0019,S01,Dose Low,Week 16,2026-08-06,Dose Taken
SUB-0021,S01,Dose High,Baseline,2025-06-18,Dose Held (AE)
SUB-0021,S01,Dose High,Week 2,2025-07-02,Dose Taken
SUB-0021,S01,Dose High,Week 4,2025-07-16,Dose Taken
SUB-0021,S01,Dose High,Week 8,2025-08-13,Dose Taken
SUB-0021,S01,Dose High,Week 12,2025-09-10,Dose Taken
SUB-0021,S01,Dose High,Week 16,2025-10-08,Dose Taken
SUB-0021,S01,Dose High,Week 24,2025-12-03,Dose Taken
SUB-0021,S01,Dose High,Week 36,2026-02-25,Dose Taken
SUB-0021,S01,Dose High,Week 52 / EOT,2026-06-17,Dose Held (AE)
SUB-0022,S01,Dose Low,Baseline,2025-05-29,Dose Held (AE)
SUB-0022,S01,Dose Low,Week 2,2025-06-12,Dose Taken
SUB-0022,S01,Dose Low,Week 4,2025-06-26,Dose Taken
SUB-0022,S01,Dose Low,Week 8,2025-07-24,Dose Taken
SUB-0022,S01,Dose Low,Week 12,2025-08-21,Dose Taken
SUB-0022,S01,Dose Low,Week 16,2025-09-18,Dose Taken
SUB-0022,S01,Dose Low,Week 24,2025-11-13,Dose Taken
SUB-0022,S01,Dose Low,Week 36,2026-02-05,Dose Taken
SUB-0022,S01,Dose Low,Week 52 / EOT,2026-05-28,Dose Taken
SUB-0023,S01,Dose Low,Baseline,2026-02-20,Dose Taken
SUB-0023,S01,Dose Low,Week 2,2026-03-06,Dose Taken
SUB-0023,S01,Dose Low,Week 4,2026-03-20,Dose Reduced
SUB-0023,S01,Dose Low,Week 8,2026-04-17,Dose Taken
SUB-0023,S01,Dose Low,Week 12,2026-05-15,Dose Taken
SUB-0023,S01,Dose Low,Week 16,2026-06-12,Dose Taken
SUB-0023,S01,Dose Low,Week 24,2026-08-07,Dose Taken
SUB-0025,S01,Dose High,Baseline,2026-09-13,Dose Taken
SUB-0025,S01,Dose High,Week 2,2026-09-27,Dose Taken
SUB-0026,S01,Dose High,Baseline,2025-10-12,Dose Taken
SUB-0026,S01,Dose High,Week 2,2025-10-26,Dose Taken
SUB-0026,S01,Dose High,Week 4,2025-11-09,Dose Taken
SUB-0026,S01,Dose High,Week 8,2025-12-07,Dose Taken
SUB-0026,S01,Dose High,Week 12,2026-01-04,Dose Taken
SUB-0026,S01,Dose High,Week 16,2026-02-01,Dose Taken
SUB-0026,S01,Dose High,Week 24,2026-03-29,Dose Taken
SUB-0026,S01,Dose High,Week 36,2026-06-21,Dose Taken
SUB-0027,S01,Dose Low,Baseline,2025-10-16,Dose Taken
SUB-0027,S01,Dose Low,Week 2,2025-10-30,Dose Taken
SUB-0027,S01,Dose Low,Week 4,2025-11-13,Dose Taken
SUB-0027,S01,Dose Low,Week 8,2025-12-11,Dose Taken
SUB-0027,S01,Dose Low,Week 12,2026-01-08,Dose Taken
SUB-0027,S01,Dose Low,Week 16,2026-02-05,Dose Taken
SUB-0027,S01,Dose Low,Week 24,2026-04-02,Dose Taken
SUB-0027,S01,Dose Low,Week 36,2026-06-25,Dose Held (AE)
SUB-0029,S01,Dose High,Baseline,2026-08-07,Dose Taken
SUB-0029,S01,Dose High,Week 2,2026-08-21,Dose Taken
SUB-0029,S01,Dose High,Week 4,2026-09-04,Dose Taken
SUB-0033,S01,Dose Low,Baseline,2026-05-19,Dose Taken
SUB-0033,S01,Dose Low,Week 2,2026-06-02,Dose Taken
SUB-0033,S01,Dose Low,Week 4,2026-06-16,Dose Taken
SUB-0033,S01,Dose Low,Week 8,2026-07-14,Dose Taken
SUB-0033,S01,Dose Low,Week 12,2026-08-11,Dose Taken
SUB-0033,S01,Dose Low,Week 16,2026-09-08,Dose Taken
SUB-0035,S01,Dose High,Baseline,2026-08-29,Dose Taken
SUB-0035,S01,Dose High,Week 2,2026-09-12,Dose Taken
SUB-0035,S01,Dose High,Week 4,2026-09-26,Dose Taken
SUB-0036,S01,Dose Low,Baseline,2025-12-05,Dose Taken
SUB-0036,S01,Dose Low,Week 2,2025-12-19,Dose Taken
SUB-0036,S01,Dose Low,Week 4,2026-01-02,Dose Taken
SUB-0036,S01,Dose Low,Week 8,2026-01-30,Dose Taken
SUB-0036,S01,Dose Low,Week 12,2026-02-27,Dose Taken
SUB-0036,S01,Dose Low,Week 16,2026-03-27,Dose Taken
SUB-0036,S01,Dose Low,Week 24,2026-05-22,Dose Taken
SUB-0036,S01,Dose Low,Week 36,2026-08-14,Dose Taken
SUB-0037,S01,Dose High,Baseline,2026-01-04,Dose Reduced
SUB-0037,S01,Dose High,Week 2,2026-01-18,Dose Taken
SUB-0037,S01,Dose High,Week 4,2026-02-01,Dose Taken
SUB-0037,S01,Dose High,Week 8,2026-03-01,Dose Taken
SUB-0037,S01,Dose High,Week 12,2026-03-29,Dose Reduced
SUB-0037,S01,Dose High,Week 16,2026-04-26,Dose Taken
SUB-0037,S01,Dose High,Week 24,2026-06-21,Dose Taken
SUB-0037,S01,Dose High,Week 36,2026-09-13,Dose Held (AE)
SUB-0038,S01,Dose High,Baseline,2025-10-31,Dose Taken
SUB-0038,S01,Dose High,Week 2,2025-11-14,Dose Taken
SUB-0038,S01,Dose High,Week 4,2025-11-28,Dose Taken
SUB-0038,S01,Dose High,Week 8,2025-12-26,Dose Taken
SUB-0038,S01,Dose High,Week 12,2026-01-23,Dose Taken
SUB-0038,S01,Dose High,Week 16,2026-02-20,Dose Taken
SUB-0038,S01,Dose High,Week 24,2026-04-17,Dose Taken
SUB-0038,S01,Dose High,Week 36,2026-07-10,Dose Taken
SUB-0040,S01,Dose Low,Baseline,2026-09-11,Dose Taken
SUB-0040,S01,Dose Low,Week 2,2026-09-25,Dose Taken
SUB-0042,S01,Dose High,Baseline,2026-09-23,Dose Taken
SUB-0043,S01,Dose High,Baseline,2025-09-01,Dose Taken
SUB-0043,S01,Dose High,Week 2,2025-09-15,Dose Taken
SUB-0043,S01,Dose High,Week 4,2025-09-29,Dose Taken
SUB-0043,S01,Dose High,Week 8,2025-10-27,Dose Held (AE)
SUB-0043,S01,Dose High,Week 12,2025-11-24,Dose Taken
SUB-0043,S01,Dose High,Week 16,2025-12-22,Dose Taken
SUB-0043,S01,Dose High,Week 24,2026-02-16,Dose Taken
SUB-0043,S01,Dose High,Week 36,2026-05-11,Dose Taken
SUB-0043,S01,Dose High,Week 52 / EOT,2026-08-31,Dose Taken
SUB-0050,S01,Dose Low,Baseline,2026-02-03,Dose Taken
SUB-0050,S01,Dose Low,Week 2,2026-02-17,Dose Taken
SUB-0050,S01,Dose Low,Week 4,2026-03-03,Dose Taken
SUB-0050,S01,Dose Low,Week 8,2026-03-31,Dose Taken
SUB-0050,S01,Dose Low,Week 12,2026-04-28,Dose Taken
SUB-0050,S01,Dose Low,Week 16,2026-05-26,Dose Taken
SUB-0050,S01,Dose Low,Week 24,2026-07-21,Dose Taken
SUB-0051,S01,Dose Low,Baseline,2025-06-16,Dose Taken
SUB-0051,S01,Dose Low,Week 2,2025-06-30,Dose Taken
SUB-0051,S01,Dose Low,Week 4,2025-07-14,Dose Taken
SUB-0051,S01,Dose Low,Week 8,2025-08-11,Dose Taken
SUB-0051,S01,Dose Low,Week 12,2025-09-08,Dose Taken
SUB-0051,S01,Dose Low,Week 16,2025-10-06,Dose Taken
SUB-0051,S01,Dose Low,Week 24,2025-12-01,Dose Taken
SUB-0051,S01,Dose Low,Week 36,2026-02-23,Dose Taken
SUB-0051,S01,Dose Low,Week 52 / EOT,2026-06-15,Dose Taken
SUB-0054,S01,Dose Low,Baseline,2025-10-07,Dose Taken
SUB-0054,S01,Dose Low,Week 2,2025-10-21,Dose Held (AE)
SUB-0054,S01,Dose Low,Week 4,2025-11-04,Dose Held (AE)
SUB-0054,S01,Dose Low,Week 8,2025-12-02,Dose Taken
SUB-0054,S01,Dose Low,Week 12,2025-12-30,Dose Taken
SUB-0054,S01,Dose Low,Week 16,2026-01-27,Dose Taken
SUB-0054,S01,Dose Low,Week 24,2026-03-24,Dose Taken
SUB-0054,S01,Dose Low,Week 36,2026-06-16,Dose Taken
SUB-0056,S01,Dose High,Baseline,2026-09-21,Dose Taken
SUB-0058,S02,Dose Low,Baseline,2026-01-05,Dose Taken
SUB-0058,S02,Dose Low,Week 2,2026-01-19,Dose Missed
SUB-0058,S02,Dose Low,Week 4,2026-02-02,Dose Taken
SUB-0058,S02,Dose Low,Week 8,2026-03-02,Dose Taken
SUB-0058,S02,Dose Low,Week 12,2026-03-30,Dose Taken
SUB-0058,S02,Dose Low,Week 16,2026-04-27,Dose Taken
SUB-0058,S02,Dose Low,Week 24,2026-06-22,Dose Taken
SUB-0058,S02,Dose Low,Week 36,2026-09-14,Dose Taken
SUB-0059,S02,Dose High,Baseline,2026-09-27,Dose Taken
SUB-0060,S02,Dose Low,Baseline,2026-08-17,Dose Taken
SUB-0060,S02,Dose Low,Week 2,2026-08-31,Dose Taken
SUB-0060,S02,Dose Low,Week 4,2026-09-14,Dose Taken
SUB-0063,S02,Dose Low,Baseline,2026-06-30,Dose Taken
SUB-0063,S02,Dose Low,Week 2,2026-07-14,Dose Taken
SUB-0063,S02,Dose Low,Week 4,2026-07-28,Dose Taken
SUB-0063,S02,Dose Low,Week 8,2026-08-25,Dose Taken
SUB-0063,S02,Dose Low,Week 12,2026-09-22,Dose Taken
SUB-0066,S02,Dose Low,Baseline,2025-10-31,Dose Taken
SUB-0066,S02,Dose Low,Week 2,2025-11-14,Dose Taken
SUB-0066,S02,Dose Low,Week 4,2025-11-28,Dose Taken
SUB-0066,S02,Dose Low,Week 8,2025-12-26,Dose Taken
SUB-0066,S02,Dose Low,Week 12,2026-01-23,Dose Taken
SUB-0066,S02,Dose Low,Week 16,2026-02-20,Dose Taken
SUB-0066,S02,Dose Low,Week 24,2026-04-17,Dose Taken
SUB-0066,S02,Dose Low,Week 36,2026-07-10,Dose Taken
SUB-0069,S02,Dose Low,Baseline,2026-09-16,Dose Taken
SUB-0069,S02,Dose Low,Week 2,2026-09-30,Dose Reduced
SUB-0072,S02,Dose Low,Baseline,2026-06-03,Dose Taken
SUB-0072,S02,Dose Low,Week 2,2026-06-17,Dose Taken
SUB-0072,S02,Dose Low,Week 4,2026-07-01,Dose Taken
SUB-0072,S02,Dose Low,Week 8,2026-07-29,Dose Taken
SUB-0072,S02,Dose Low,Week 12,2026-08-26,Dose Taken
SUB-0072,S02,Dose Low,Week 16,2026-09-23,Dose Taken
SUB-0073,S02,Dose Low,Baseline,2025-09-05,Dose Taken
SUB-0073,S02,Dose Low,Week 2,2025-09-19,Dose Taken
SUB-0073,S02,Dose Low,Week 4,2025-10-03,Dose Taken
SUB-0073,S02,Dose Low,Week 8,2025-10-31,Dose Taken
SUB-0073,S02,Dose Low,Week 12,2025-11-28,Dose Taken
SUB-0073,S02,Dose Low,Week 16,2025-12-26,Dose Taken
SUB-0073,S02,Dose Low,Week 24,2026-02-20,Dose Taken
SUB-0073,S02,Dose Low,Week 36,2026-05-15,Dose Taken
SUB-0073,S02,Dose Low,Week 52 / EOT,2026-09-04,Dose Taken
SUB-0074,S02,Dose Low,Baseline,2026-09-14,Dose Taken
SUB-0074,S02,Dose Low,Week 2,2026-09-28,Dose Taken
SUB-0076,S02,Dose Low,Baseline,2026-08-31,Dose Taken
SUB-0076,S02,Dose Low,Week 2,2026-09-14,Dose Taken
SUB-0076,S02,Dose Low,Week 4,2026-09-28,Dose Taken
SUB-0080,S02,Dose Low,Baseline,2026-08-08,Dose Taken
SUB-0080,S02,Dose Low,Week 2,2026-08-22,Dose Taken
SUB-0080,S02,Dose Low,Week 4,2026-09-05,Dose Taken
SUB-0081,S02,Dose High,Baseline,2026-06-15,Dose Taken
SUB-0081,S02,Dose High,Week 2,2026-06-29,Dose Taken
SUB-0081,S02,Dose High,Week 4,2026-07-13,Dose Taken
SUB-0081,S02,Dose High,Week 8,2026-08-10,Dose Taken
SUB-0081,S02,Dose High,Week 12,2026-09-07,Dose Taken
SUB-0084,S02,Dose Low,Baseline,2025-10-05,Dose Taken
SUB-0084,S02,Dose Low,Week 2,2025-10-19,Dose Taken
SUB-0084,S02,Dose Low,Week 4,2025-11-02,Dose Taken
SUB-0084,S02,Dose Low,Week 8,2025-11-30,Dose Taken
SUB-0084,S02,Dose Low,Week 12,2025-12-28,Dose Taken
SUB-0084,S02,Dose Low,Week 16,2026-01-25,Dose Taken
SUB-0084,S02,Dose Low,Week 24,2026-03-22,Dose Taken
SUB-0084,S02,Dose Low,Week 36,2026-06-14,Dose Taken
SUB-0087,S02,Dose High,Baseline,2025-11-11,Dose Missed
SUB-0087,S02,Dose High,Week 2,2025-11-25,Dose Taken
SUB-0087,S02,Dose High,Week 4,2025-12-09,Dose Taken
SUB-0087,S02,Dose High,Week 8,2026-01-06,Dose Taken
SUB-0087,S02,Dose High,Week 12,2026-02-03,Dose Taken
SUB-0087,S02,Dose High,Week 16,2026-03-03,Dose Taken
SUB-0087,S02,Dose High,Week 24,2026-04-28,Dose Taken
SUB-0087,S02,Dose High,Week 36,2026-07-21,Dose Taken
SUB-0089,S02,Dose Low,Baseline,2025-08-20,Dose Reduced
SUB-0089,S02,Dose Low,Week 2,2025-09-03,Dose Taken
SUB-0089,S02,Dose Low,Week 4,2025-09-17,Dose Taken
SUB-0089,S02,Dose Low,Week 8,2025-10-15,Dose Taken
SUB-0089,S02,Dose Low,Week 12,2025-11-12,Dose Taken
SUB-0089,S02,Dose Low,Week 16,2025-12-10,Dose Taken
SUB-0089,S02,Dose Low,Week 24,2026-02-04,Dose Taken
SUB-0089,S02,Dose Low,Week 36,2026-04-29,Dose Taken
SUB-0089,S02,Dose Low,Week 52 / EOT,2026-08-19,Dose Taken
SUB-0090,S02,Dose Low,Baseline,2025-09-01,Dose Taken
SUB-0090,S02,Dose Low,Week 2,2025-09-15,Dose Taken
SUB-0090,S02,Dose Low,Week 4,2025-09-29,Dose Taken
SUB-0090,S02,Dose Low,Week 8,2025-10-27,Dose Taken
SUB-0090,S02,Dose Low,Week 12,2025-11-24,Dose Taken
SUB-0090,S02,Dose Low,Week 16,2025-12-22,Dose Taken
SUB-0090,S02,Dose Low,Week 24,2026-02-16,Dose Taken
SUB-0090,S02,Dose Low,Week 36,2026-05-11,Dose Taken
SUB-0090,S02,Dose Low,Week 52 / EOT,2026-08-31,Dose Taken
SUB-0091,S02,Dose High,Baseline,2026-09-27,Dose Taken
SUB-0092,S02,Dose Low,Baseline,2026-02-06,Dose Held (AE)
SUB-0092,S02,Dose Low,Week 2,2026-02-20,Dose Taken
SUB-0092,S02,Dose Low,Week 4,2026-03-06,Dose Missed
SUB-0092,S02,Dose Low,Week 8,2026-04-03,Dose Taken
SUB-0092,S02,Dose Low,Week 12,2026-05-01,Dose Taken
SUB-0092,S02,Dose Low,Week 16,2026-05-29,Dose Taken
SUB-0092,S02,Dose Low,Week 24,2026-07-24,Dose Taken
SUB-0094,S02,Dose High,Baseline,2025-08-01,Dose Taken
SUB-0094,S02,Dose High,Week 2,2025-08-15,Dose Taken
SUB-0094,S02,Dose High,Week 4,2025-08-29,Dose Taken
SUB-0094,S02,Dose High,Week 8,2025-09-26,Dose Taken
SUB-0094,S02,Dose High,Week 12,2025-10-24,Dose Taken
SUB-0094,S02,Dose High,Week 16,2025-11-21,Dose Taken
SUB-0094,S02,Dose High,Week 24,2026-01-16,Dose Held (AE)
SUB-0094,S02,Dose High,Week 36,2026-04-10,Dose Reduced
SUB-0094,S02,Dose High,Week 52 / EOT,2026-07-31,Dose Held (AE)
SUB-0097,S02,Dose Low,Baseline,2026-09-27,Dose Taken
SUB-0098,S02,Dose Low,Baseline,2025-10-14,Dose Missed
SUB-0098,S02,Dose Low,Week 2,2025-10-28,Dose Taken
SUB-0098,S02,Dose Low,Week 4,2025-11-11,Dose Held (AE)
SUB-0098,S02,Dose Low,Week 8,2025-12-09,Dose Taken
SUB-0098,S02,Dose Low,Week 12,2026-01-06,Dose Taken
SUB-0098,S02,Dose Low,Week 16,2026-02-03,Dose Held (AE)
SUB-0098,S02,Dose Low,Week 24,2026-03-31,Dose Taken
SUB-0098,S02,Dose Low,Week 36,2026-06-23,Dose Taken
SUB-0101,S02,Dose High,Baseline,2026-03-07,Dose Taken
SUB-0101,S02,Dose High,Week 2,2026-03-21,Dose Taken
SUB-0101,S02,Dose High,Week 4,2026-04-04,Dose Taken
SUB-0101,S02,Dose High,Week 8,2026-05-02,Dose Taken
SUB-0101,S02,Dose High,Week 12,2026-05-30,Dose Taken
SUB-0101,S02,Dose High,Week 16,2026-06-27,Dose Taken
SUB-0101,S02,Dose High,Week 24,2026-08-22,Dose Taken
SUB-0102,S02,Dose Low,Baseline,2026-02-03,Dose Taken
SUB-0102,S02,Dose Low,Week 2,2026-02-17,Dose Taken
SUB-0102,S02,Dose Low,Week 4,2026-03-03,Dose Reduced
SUB-0102,S02,Dose Low,Week 8,2026-03-31,Dose Taken
SUB-0102,S02,Dose Low,Week 12,2026-04-28,Dose Taken
SUB-0102,S02,Dose Low,Week 16,2026-05-26,Dose Taken
SUB-0102,S02,Dose Low,Week 24,2026-07-21,Dose Taken
SUB-0103,S02,Dose Low,Baseline,2025-08-28,Dose Taken
SUB-0103,S02,Dose Low,Week 2,2025-09-11,Dose Taken
SUB-0103,S02,Dose Low,Week 4,2025-09-25,Dose Taken
SUB-0103,S02,Dose Low,Week 8,2025-10-23,Dose Taken
SUB-0103,S02,Dose Low,Week 12,2025-11-20,Dose Taken
SUB-0103,S02,Dose Low,Week 16,2025-12-18,Dose Reduced
SUB-0103,S02,Dose Low,Week 24,2026-02-12,Dose Taken
SUB-0103,S02,Dose Low,Week 36,2026-05-07,Dose Taken
SUB-0103,S02,Dose Low,Week 52 / EOT,2026-08-27,Dose Taken
SUB-0104,S02,Dose High,Baseline,2025-10-25,Dose Taken
SUB-0104,S02,Dose High,Week 2,2025-11-08,Dose Taken
SUB-0104,S02,Dose High,Week 4,2025-11-22,Dose Taken
SUB-0104,S02,Dose High,Week 8,2025-12-20,Dose Taken
SUB-0104,S02,Dose High,Week 12,2026-01-17,Dose Taken
SUB-0104,S02,Dose High,Week 16,2026-02-14,Dose Taken
SUB-0104,S02,Dose High,Week 24,2026-04-11,Dose Taken
SUB-0104,S02,Dose High,Week 36,2026-07-04,Dose Taken
SUB-0105,S02,Dose High,Baseline,2026-09-28,Dose Taken
SUB-0107,S02,Dose High,Baseline,2026-09-08,Dose Taken
SUB-0107,S02,Dose High,Week 2,2026-09-22,Dose Taken
SUB-0108,S02,Dose High,Baseline,2026-09-16,Dose Taken
SUB-0108,S02,Dose High,Week 2,2026-09-30,Dose Taken
SUB-0112,S03,Dose Low,Baseline,2026-01-08,Dose Taken
SUB-0112,S03,Dose Low,Week 2,2026-01-22,Dose Taken
SUB-0112,S03,Dose Low,Week 4,2026-02-05,Dose Taken
SUB-0112,S03,Dose Low,Week 8,2026-03-05,Dose Taken
SUB-0112,S03,Dose Low,Week 12,2026-04-02,Dose Taken
SUB-0112,S03,Dose Low,Week 16,2026-04-30,Dose Taken
SUB-0112,S03,Dose Low,Week 24,2026-06-25,Dose Taken
SUB-0112,S03,Dose Low,Week 36,2026-09-17,Dose Taken
SUB-0117,S03,Dose Low,Baseline,2026-08-27,Dose Taken
SUB-0117,S03,Dose Low,Week 2,2026-09-10,Dose Taken
SUB-0117,S03,Dose Low,Week 4,2026-09-24,Dose Taken
SUB-0120,S03,Dose High,Baseline,2025-12-11,Dose Reduced
SUB-0120,S03,Dose High,Week 2,2025-12-25,Dose Taken
SUB-0120,S03,Dose High,Week 4,2026-01-08,Dose Taken
SUB-0120,S03,Dose High,Week 8,2026-02-05,Dose Taken
SUB-0120,S03,Dose High,Week 12,2026-03-05,Dose Held (AE)
SUB-0120,S03,Dose High,Week 16,2026-04-02,Dose Taken
SUB-0120,S03,Dose High,Week 24,2026-05-28,Dose Taken
SUB-0120,S03,Dose High,Week 36,2026-08-20,Dose Taken
SUB-0121,S03,Dose High,Baseline,2026-08-15,Dose Held (AE)
SUB-0121,S03,Dose High,Week 2,2026-08-29,Dose Taken
SUB-0121,S03,Dose High,Week 4,2026-09-12,Dose Held (AE)
SUB-0125,S03,Dose High,Baseline,2026-09-27,Dose Taken
SUB-0126,S03,Dose High,Baseline,2026-09-14,Dose Taken
SUB-0126,S03,Dose High,Week 2,2026-09-28,Dose Held (AE)
SUB-0128,S03,Dose High,Baseline,2026-09-28,Dose Missed
SUB-0129,S03,Dose High,Baseline,2025-10-11,Dose Taken
SUB-0129,S03,Dose High,Week 2,2025-10-25,Dose Taken
SUB-0129,S03,Dose High,Week 4,2025-11-08,Dose Taken
SUB-0129,S03,Dose High,Week 8,2025-12-06,Dose Taken
SUB-0129,S03,Dose High,Week 12,2026-01-03,Dose Taken
SUB-0129,S03,Dose High,Week 16,2026-01-31,Dose Taken
SUB-0129,S03,Dose High,Week 24,2026-03-28,Dose Taken
SUB-0129,S03,Dose High,Week 36,2026-06-20,Dose Taken
SUB-0131,S03,Dose High,Baseline,2026-05-30,Dose Taken
SUB-0131,S03,Dose High,Week 2,2026-06-13,Dose Missed
SUB-0131,S03,Dose High,Week 4,2026-06-27,Dose Taken
SUB-0131,S03,Dose High,Week 8,2026-07-25,Dose Taken
SUB-0131,S03,Dose High,Week 12,2026-08-22,Dose Taken
SUB-0131,S03,Dose High,Week 16,2026-09-19,Dose Taken
SUB-0133,S03,Dose High,Baseline,2026-03-23,Dose Taken
SUB-0133,S03,Dose High,Week 2,2026-04-06,Dose Taken
SUB-0133,S03,Dose High,Week 4,2026-04-20,Dose Taken
SUB-0133,S03,Dose High,Week 8,2026-05-18,Dose Taken
SUB-0133,S03,Dose High,Week 12,2026-06-15,Dose Held (AE)
SUB-0133,S03,Dose High,Week 16,2026-07-13,Dose Taken
SUB-0133,S03,Dose High,Week 24,2026-09-07,Dose Taken
SUB-0134,S03,Dose High,Baseline,2025-09-20,Dose Taken
SUB-0134,S03,Dose High,Week 2,2025-10-04,Dose Taken
SUB-0134,S03,Dose High,Week 4,2025-10-18,Dose Taken
SUB-0134,S03,Dose High,Week 8,2025-11-15,Dose Taken
SUB-0134,S03,Dose High,Week 12,2025-12-13,Dose Taken
SUB-0134,S03,Dose High,Week 16,2026-01-10,Dose Taken
SUB-0134,S03,Dose High,Week 24,2026-03-07,Dose Taken
SUB-0134,S03,Dose High,Week 36,2026-05-30,Dose Taken
SUB-0134,S03,Dose High,Week 52 / EOT,2026-09-19,Dose Taken
SUB-0135,S03,Dose Low,Baseline,2026-09-17,Dose Taken
SUB-0136,S03,Dose High,Baseline,2025-12-14,Dose Taken
SUB-0136,S03,Dose High,Week 2,2025-12-28,Dose Taken
SUB-0136,S03,Dose High,Week 4,2026-01-11,Dose Taken
SUB-0136,S03,Dose High,Week 8,2026-02-08,Dose Taken
SUB-0136,S03,Dose High,Week 12,2026-03-08,Dose Taken
SUB-0136,S03,Dose High,Week 16,2026-04-05,Dose Taken
SUB-0136,S03,Dose High,Week 24,2026-05-31,Dose Taken
SUB-0136,S03,Dose High,Week 36,2026-08-23,Dose Taken
SUB-0138,S03,Dose High,Baseline,2026-09-24,Dose Taken
SUB-0140,S03,Dose Low,Baseline,2026-09-20,Dose Taken
SUB-0146,S03,Dose Low,Baseline,2025-08-26,Dose Taken
SUB-0146,S03,Dose Low,Week 2,2025-09-09,Dose Taken
SUB-0146,S03,Dose Low,Week 4,2025-09-23,Dose Taken
SUB-0146,S03,Dose Low,Week 8,2025-10-21,Dose Taken
SUB-0146,S03,Dose Low,Week 12,2025-11-18,Dose Taken
SUB-0146,S03,Dose Low,Week 16,2025-12-16,Dose Taken
SUB-0146,S03,Dose Low,Week 24,2026-02-10,Dose Taken
SUB-0146,S03,Dose Low,Week 36,2026-05-05,Dose Taken
SUB-0146,S03,Dose Low,Week 52 / EOT,2026-08-25,Dose Taken
SUB-0151,S03,Dose Low,Baseline,2026-09-02,Dose Taken
SUB-0151,S03,Dose Low,Week 2,2026-09-16,Dose Taken
SUB-0151,S03,Dose Low,Week 4,2026-09-30,Dose Taken
SUB-0152,S03,Dose High,Baseline,2026-07-14,Dose Taken
SUB-0152,S03,Dose High,Week 2,2026-07-28,Dose Taken
SUB-0152,S03,Dose High,Week 4,2026-08-11,Dose Taken
SUB-0152,S03,Dose High,Week 8,2026-09-08,Dose Taken
SUB-0153,S03,Dose Low,Baseline,2025-12-10,Dose Taken
SUB-0153,S03,Dose Low,Week 2,2025-12-24,Dose Taken
SUB-0153,S03,Dose Low,Week 4,2026-01-07,Dose Held (AE)
SUB-0153,S03,Dose Low,Week 8,2026-02-04,Dose Taken
SUB-0153,S03,Dose Low,Week 12,2026-03-04,Dose Taken
SUB-0153,S03,Dose Low,Week 16,2026-04-01,Dose Taken
SUB-0153,S03,Dose Low,Week 24,2026-05-27,Dose Taken
SUB-0153,S03,Dose Low,Week 36,2026-08-19,Dose Taken
SUB-0155,S03,Dose Low,Baseline,2026-08-30,Dose Taken
SUB-0155,S03,Dose Low,Week 2,2026-09-13,Dose Taken
SUB-0155,S03,Dose Low,Week 4,2026-09-27,Dose Taken
SUB-0160,S03,Dose Low,Baseline,2026-02-26,Dose Taken
SUB-0160,S03,Dose Low,Week 2,2026-03-12,Dose Taken
SUB-0160,S03,Dose Low,Week 4,2026-03-26,Dose Taken
SUB-0160,S03,Dose Low,Week 8,2026-04-23,Dose Taken
SUB-0160,S03,Dose Low,Week 12,2026-05-21,Dose Taken
SUB-0160,S03,Dose Low,Week 16,2026-06-18,Dose Taken
SUB-0160,S03,Dose Low,Week 24,2026-08-13,Dose Held (AE)
SUB-0161,S03,Dose Low,Baseline,2025-10-09,Dose Taken
SUB-0161,S03,Dose Low,Week 2,2025-10-23,Dose Taken
SUB-0161,S03,Dose Low,Week 4,2025-11-06,Dose Taken
SUB-0161,S03,Dose Low,Week 8,2025-12-04,Dose Taken
SUB-0161,S03,Dose Low,Week 12,2026-01-01,Dose Taken
SUB-0161,S03,Dose Low,Week 16,2026-01-29,Dose Taken
SUB-0161,S03,Dose Low,Week 24,2026-03-26,Dose Taken
SUB-0161,S03,Dose Low,Week 36,2026-06-18,Dose Taken
SUB-0162,S03,Dose High,Baseline,2026-02-13,Dose Taken
SUB-0162,S03,Dose High,Week 2,2026-02-27,Dose Taken
SUB-0162,S03,Dose High,Week 4,2026-03-13,Dose Taken
SUB-0162,S03,Dose High,Week 8,2026-04-10,Dose Taken
SUB-0162,S03,Dose High,Week 12,2026-05-08,Dose Taken
SUB-0162,S03,Dose High,Week 16,2026-06-05,Dose Taken
SUB-0162,S03,Dose High,Week 24,2026-07-31,Dose Taken
SUB-0163,S03,Dose Low,Baseline,2026-09-23,Dose Taken
SUB-0164,S03,Dose High,Baseline,2026-06-30,Dose Taken
SUB-0164,S03,Dose High,Week 2,2026-07-14,Dose Taken
SUB-0164,S03,Dose High,Week 4,2026-07-28,Dose Taken
SUB-0164,S03,Dose High,Week 8,2026-08-25,Dose Taken
SUB-0164,S03,Dose High,Week 12,2026-09-22,Dose Taken
SUB-0165,S03,Dose High,Baseline,2026-04-28,Dose Taken
SUB-0165,S03,Dose High,Week 2,2026-05-12,Dose Taken
SUB-0165,S03,Dose High,Week 4,2026-05-26,Dose Taken
SUB-0165,S03,Dose High,Week 8,2026-06-23,Dose Taken
SUB-0165,S03,Dose High,Week 12,2026-07-21,Dose Taken
SUB-0165,S03,Dose High,Week 16,2026-08-18,Dose Taken
SUB-0166,S03,Dose High,Baseline,2026-07-07,Dose Taken
SUB-0166,S03,Dose High,Week 2,2026-07-21,Dose Taken
SUB-0166,S03,Dose High,Week 4,2026-08-04,Dose Taken
SUB-0166,S03,Dose High,Week 8,2026-09-01,Dose Taken
SUB-0166,S03,Dose High,Week 12,2026-09-29,Dose Taken
SUB-0167,S03,Dose High,Baseline,2026-09-21,Dose Taken
SUB-0168,S03,Dose Low,Baseline,2026-09-10,Dose Taken
SUB-0168,S03,Dose Low,Week 2,2026-09-24,Dose Taken
SUB-0169,S03,Dose Low,Baseline,2026-03-05,Dose Taken
SUB-0169,S03,Dose Low,Week 2,2026-03-19,Dose Taken
SUB-0169,S03,Dose Low,Week 4,2026-04-02,Dose Taken
SUB-0169,S03,Dose Low,Week 8,2026-04-30,Dose Taken
SUB-0169,S03,Dose Low,Week 12,2026-05-28,Dose Taken
SUB-0169,S03,Dose Low,Week 16,2026-06-25,Dose Taken
SUB-0169,S03,Dose Low,Week 24,2026-08-20,Dose Taken
SUB-0176,S03,Dose High,Baseline,2025-11-13,Dose Taken
SUB-0176,S03,Dose High,Week 2,2025-11-27,Dose Taken
SUB-0176,S03,Dose High,Week 4,2025-12-11,Dose Taken
SUB-0176,S03,Dose High,Week 8,2026-01-08,Dose Taken
SUB-0176,S03,Dose High,Week 12,2026-02-05,Dose Taken
SUB-0176,S03,Dose High,Week 16,2026-03-05,Dose Held (AE)
SUB-0176,S03,Dose High,Week 24,2026-04-30,Dose Taken
SUB-0176,S03,Dose High,Week 36,2026-07-23,Dose Taken
SUB-0178,S04,Dose Low,Baseline,2025-03-08,Dose Taken
SUB-0178,S04,Dose Low,Week 2,2025-03-22,Dose Taken
SUB-0178,S04,Dose Low,Week 4,2025-04-05,Dose Taken
SUB-0178,S04,Dose Low,Week 8,2025-05-03,Dose Taken
SUB-0178,S04,Dose Low,Week 12,2025-05-31,Dose Taken
SUB-0178,S04,Dose Low,Week 16,2025-06-28,Dose Held (AE)
SUB-0178,S04,Dose Low,Week 24,2025-08-23,Dose Taken
SUB-0178,S04,Dose Low,Week 36,2025-11-15,Dose Taken
SUB-0178,S04,Dose Low,Week 52 / EOT,2026-03-07,Dose Taken
SUB-0179,S04,Dose High,Baseline,2026-01-27,Dose Taken
SUB-0179,S04,Dose High,Week 2,2026-02-10,Dose Taken
SUB-0179,S04,Dose High,Week 4,2026-02-24,Dose Taken
SUB-0179,S04,Dose High,Week 8,2026-03-24,Dose Taken
SUB-0179,S04,Dose High,Week 12,2026-04-21,Dose Missed
SUB-0179,S04,Dose High,Week 16,2026-05-19,Dose Taken
SUB-0179,S04,Dose High,Week 24,2026-07-14,Dose Taken
SUB-0181,S04,Dose High,Baseline,2025-03-21,Dose Taken
SUB-0181,S04,Dose High,Week 2,2025-04-04,Dose Taken
SUB-0181,S04,Dose High,Week 4,2025-04-18,Dose Taken
SUB-0181,S04,Dose High,Week 8,2025-05-16,Dose Taken
SUB-0181,S04,Dose High,Week 12,2025-06-13,Dose Taken
SUB-0181,S04,Dose High,Week 16,2025-07-11,Dose Taken
SUB-0181,S04,Dose High,Week 24,2025-09-05,Dose Missed
SUB-0181,S04,Dose High,Week 36,2025-11-28,Dose Taken
SUB-0181,S04,Dose High,Week 52 / EOT,2026-03-20,Dose Taken
SUB-0182,S04,Dose High,Baseline,2026-07-24,Dose Taken
SUB-0182,S04,Dose High,Week 2,2026-08-07,Dose Taken
SUB-0182,S04,Dose High,Week 4,2026-08-21,Dose Taken
SUB-0182,S04,Dose High,Week 8,2026-09-18,Dose Taken
SUB-0185,S04,Dose Low,Baseline,2026-01-07,Dose Taken
SUB-0185,S04,Dose Low,Week 2,2026-01-21,Dose Held (AE)
SUB-0185,S04,Dose Low,Week 4,2026-02-04,Dose Taken
SUB-0185,S04,Dose Low,Week 8,2026-03-04,Dose Taken
SUB-0185,S04,Dose Low,Week 12,2026-04-01,Dose Taken
SUB-0185,S04,Dose Low,Week 16,2026-04-29,Dose Taken
SUB-0185,S04,Dose Low,Week 24,2026-06-24,Dose Taken
SUB-0185,S04,Dose Low,Week 36,2026-09-16,Dose Taken
SUB-0188,S04,Dose High,Baseline,2025-10-22,Dose Taken
SUB-0188,S04,Dose High,Week 2,2025-11-05,Dose Taken
SUB-0188,S04,Dose High,Week 4,2025-11-19,Dose Taken
SUB-0188,S04,Dose High,Week 8,2025-12-17,Dose Taken
SUB-0188,S04,Dose High,Week 12,2026-01-14,Dose Taken
SUB-0188,S04,Dose High,Week 16,2026-02-11,Dose Taken
SUB-0188,S04,Dose High,Week 24,2026-04-08,Dose Taken
SUB-0188,S04,Dose High,Week 36,2026-07-01,Dose Taken
SUB-0190,S04,Dose Low,Baseline,2026-06-30,Dose Taken
SUB-0190,S04,Dose Low,Week 2,2026-07-14,Dose Taken
SUB-0190,S04,Dose Low,Week 4,2026-07-28,Dose Taken
SUB-0190,S04,Dose Low,Week 8,2026-08-25,Dose Taken
SUB-0190,S04,Dose Low,Week 12,2026-09-22,Dose Taken
SUB-0192,S04,Dose Low,Baseline,2026-03-25,Dose Taken
SUB-0192,S04,Dose Low,Week 2,2026-04-08,Dose Taken
SUB-0192,S04,Dose Low,Week 4,2026-04-22,Dose Taken
SUB-0192,S04,Dose Low,Week 8,2026-05-20,Dose Taken
SUB-0192,S04,Dose Low,Week 12,2026-06-17,Dose Taken
SUB-0192,S04,Dose Low,Week 16,2026-07-15,Dose Taken
SUB-0192,S04,Dose Low,Week 24,2026-09-09,Dose Taken
SUB-0193,S04,Dose High,Baseline,2026-07-25,Dose Taken
SUB-0193,S04,Dose High,Week 2,2026-08-08,Dose Held (AE)
SUB-0193,S04,Dose High,Week 4,2026-08-22,Dose Taken
SUB-0193,S04,Dose High,Week 8,2026-09-19,Dose Taken
SUB-0195,S04,Dose High,Baseline,2026-03-29,Dose Taken
SUB-0195,S04,Dose High,Week 2,2026-04-12,Dose Taken
SUB-0195,S04,Dose High,Week 4,2026-04-26,Dose Taken
SUB-0195,S04,Dose High,Week 8,2026-05-24,Dose Taken
SUB-0195,S04,Dose High,Week 12,2026-06-21,Dose Taken
SUB-0195,S04,Dose High,Week 16,2026-07-19,Dose Taken
SUB-0195,S04,Dose High,Week 24,2026-09-13,Dose Taken
SUB-0196,S04,Dose High,Baseline,2025-06-18,Dose Taken
SUB-0196,S04,Dose High,Week 2,2025-07-02,Dose Taken
SUB-0196,S04,Dose High,Week 4,2025-07-16,Dose Taken
SUB-0196,S04,Dose High,Week 8,2025-08-13,Dose Taken
SUB-0196,S04,Dose High,Week 12,2025-09-10,Dose Taken
SUB-0196,S04,Dose High,Week 16,2025-10-08,Dose Taken
SUB-0196,S04,Dose High,Week 24,2025-12-03,Dose Taken
SUB-0196,S04,Dose High,Week 36,2026-02-25,Dose Held (AE)
SUB-0196,S04,Dose High,Week 52 / EOT,2026-06-17,Dose Taken
SUB-0199,S04,Dose Low,Baseline,2025-12-15,Dose Taken
SUB-0199,S04,Dose Low,Week 2,2025-12-29,Dose Taken
SUB-0199,S04,Dose Low,Week 4,2026-01-12,Dose Taken
SUB-0199,S04,Dose Low,Week 8,2026-02-09,Dose Taken
SUB-0199,S04,Dose Low,Week 12,2026-03-09,Dose Taken
SUB-0199,S04,Dose Low,Week 16,2026-04-06,Dose Taken
SUB-0199,S04,Dose Low,Week 24,2026-06-01,Dose Taken
SUB-0199,S04,Dose Low,Week 36,2026-08-24,Dose Taken
SUB-0200,S04,Dose Low,Baseline,2025-02-19,Dose Held (AE)
SUB-0200,S04,Dose Low,Week 2,2025-03-05,Dose Missed
SUB-0200,S04,Dose Low,Week 4,2025-03-19,Dose Taken
SUB-0200,S04,Dose Low,Week 8,2025-04-16,Dose Missed
SUB-0200,S04,Dose Low,Week 12,2025-05-14,Dose Taken
SUB-0200,S04,Dose Low,Week 16,2025-06-11,Dose Taken
SUB-0200,S04,Dose Low,Week 24,2025-08-06,Dose Taken
SUB-0200,S04,Dose Low,Week 36,2025-10-29,Dose Taken
SUB-0200,S04,Dose Low,Week 52 / EOT,2026-02-18,Dose Taken
SUB-0201,S04,Dose High,Baseline,2025-11-30,Dose Taken
SUB-0201,S04,Dose High,Week 2,2025-12-14,Dose Taken
SUB-0201,S04,Dose High,Week 4,2025-12-28,Dose Taken
SUB-0201,S04,Dose High,Week 8,2026-01-25,Dose Missed
SUB-0201,S04,Dose High,Week 12,2026-02-22,Dose Taken
SUB-0201,S04,Dose High,Week 16,2026-03-22,Dose Taken
SUB-0201,S04,Dose High,Week 24,2026-05-17,Dose Taken
SUB-0201,S04,Dose High,Week 36,2026-08-09,Dose Taken
SUB-0202,S04,Dose Low,Baseline,2026-07-07,Dose Taken
SUB-0202,S04,Dose Low,Week 2,2026-07-21,Dose Taken
SUB-0202,S04,Dose Low,Week 4,2026-08-04,Dose Taken
SUB-0202,S04,Dose Low,Week 8,2026-09-01,Dose Taken
SUB-0202,S04,Dose Low,Week 12,2026-09-29,Dose Taken
SUB-0205,S04,Dose Low,Baseline,2026-06-15,Dose Taken
SUB-0205,S04,Dose Low,Week 2,2026-06-29,Dose Taken
SUB-0205,S04,Dose Low,Week 4,2026-07-13,Dose Taken
SUB-0205,S04,Dose Low,Week 8,2026-08-10,Dose Taken
SUB-0205,S04,Dose Low,Week 12,2026-09-07,Dose Taken
SUB-0209,S04,Dose Low,Baseline,2025-03-29,Dose Taken
SUB-0209,S04,Dose Low,Week 2,2025-04-12,Dose Taken
SUB-0209,S04,Dose Low,Week 4,2025-04-26,Dose Taken
SUB-0209,S04,Dose Low,Week 8,2025-05-24,Dose Taken
SUB-0209,S04,Dose Low,Week 12,2025-06-21,Dose Taken
SUB-0209,S04,Dose Low,Week 16,2025-07-19,Dose Taken
SUB-0209,S04,Dose Low,Week 24,2025-09-13,Dose Taken
SUB-0209,S04,Dose Low,Week 36,2025-12-06,Dose Held (AE)
SUB-0209,S04,Dose Low,Week 52 / EOT,2026-03-28,Dose Taken
SUB-0210,S04,Dose High,Baseline,2026-05-11,Dose Taken
SUB-0210,S04,Dose High,Week 2,2026-05-25,Dose Taken
SUB-0210,S04,Dose High,Week 4,2026-06-08,Dose Taken
SUB-0210,S04,Dose High,Week 8,2026-07-06,Dose Taken
SUB-0210,S04,Dose High,Week 12,2026-08-03,Dose Taken
SUB-0210,S04,Dose High,Week 16,2026-08-31,Dose Taken
SUB-0211,S04,Dose High,Baseline,2025-05-26,Dose Taken
SUB-0211,S04,Dose High,Week 2,2025-06-09,Dose Taken
SUB-0211,S04,Dose High,Week 4,2025-06-23,Dose Taken
SUB-0211,S04,Dose High,Week 8,2025-07-21,Dose Taken
SUB-0211,S04,Dose High,Week 12,2025-08-18,Dose Taken
SUB-0211,S04,Dose High,Week 16,2025-09-15,Dose Taken
SUB-0211,S04,Dose High,Week 24,2025-11-10,Dose Taken
SUB-0211,S04,Dose High,Week 36,2026-02-02,Dose Taken
SUB-0211,S04,Dose High,Week 52 / EOT,2026-05-25,Dose Taken
SUB-0213,S04,Dose High,Baseline,2025-03-07,Dose Taken
SUB-0213,S04,Dose High,Week 2,2025-03-21,Dose Taken
SUB-0213,S04,Dose High,Week 4,2025-04-04,Dose Taken
SUB-0213,S04,Dose High,Week 8,2025-05-02,Dose Taken
SUB-0213,S04,Dose High,Week 12,2025-05-30,Dose Taken
SUB-0213,S04,Dose High,Week 16,2025-06-27,Dose Taken
SUB-0213,S04,Dose High,Week 24,2025-08-22,Dose Taken
SUB-0213,S04,Dose High,Week 36,2025-11-14,Dose Taken
SUB-0213,S04,Dose High,Week 52 / EOT,2026-03-06,Dose Taken
SUB-0215,S04,Dose High,Baseline,2025-05-29,Dose Taken
SUB-0215,S04,Dose High,Week 2,2025-06-12,Dose Taken
SUB-0215,S04,Dose High,Week 4,2025-06-26,Dose Taken
SUB-0215,S04,Dose High,Week 8,2025-07-24,Dose Taken
SUB-0215,S04,Dose High,Week 12,2025-08-21,Dose Taken
SUB-0215,S04,Dose High,Week 16,2025-09-18,Dose Taken
SUB-0215,S04,Dose High,Week 24,2025-11-13,Dose Taken
SUB-0215,S04,Dose High,Week 36,2026-02-05,Dose Taken
SUB-0215,S04,Dose High,Week 52 / EOT,2026-05-28,Dose Taken
SUB-0220,S04,Dose Low,Baseline,2025-04-29,Dose Taken
SUB-0220,S04,Dose Low,Week 2,2025-05-13,Dose Taken
SUB-0220,S04,Dose Low,Week 4,2025-05-27,Dose Taken
SUB-0220,S04,Dose Low,Week 8,2025-06-24,Dose Taken
SUB-0220,S04,Dose Low,Week 12,2025-07-22,Dose Taken
SUB-0220,S04,Dose Low,Week 16,2025-08-19,Dose Taken
SUB-0220,S04,Dose Low,Week 24,2025-10-14,Dose Taken
SUB-0220,S04,Dose Low,Week 36,2026-01-06,Dose Taken
SUB-0220,S04,Dose Low,Week 52 / EOT,2026-04-28,Dose Taken
SUB-0222,S04,Dose High,Baseline,2026-01-19,Dose Taken
SUB-0222,S04,Dose High,Week 2,2026-02-02,Dose Held (AE)
SUB-0222,S04,Dose High,Week 4,2026-02-16,Dose Taken
SUB-0222,S04,Dose High,Week 8,2026-03-16,Dose Taken
SUB-0222,S04,Dose High,Week 12,2026-04-13,Dose Taken
SUB-0222,S04,Dose High,Week 16,2026-05-11,Dose Taken
SUB-0222,S04,Dose High,Week 24,2026-07-06,Dose Taken
SUB-0222,S04,Dose High,Week 36,2026-09-28,Dose Taken
SUB-0223,S04,Dose High,Baseline,2026-05-09,Dose Taken
SUB-0223,S04,Dose High,Week 2,2026-05-23,Dose Taken
SUB-0223,S04,Dose High,Week 4,2026-06-06,Dose Taken
SUB-0223,S04,Dose High,Week 8,2026-07-04,Dose Taken
SUB-0223,S04,Dose High,Week 12,2026-08-01,Dose Missed
SUB-0223,S04,Dose High,Week 16,2026-08-29,Dose Taken
SUB-0225,S04,Dose Low,Baseline,2025-09-03,Dose Taken
SUB-0225,S04,Dose Low,Week 2,2025-09-17,Dose Taken
SUB-0225,S04,Dose Low,Week 4,2025-10-01,Dose Taken
SUB-0225,S04,Dose Low,Week 8,2025-10-29,Dose Taken
SUB-0225,S04,Dose Low,Week 12,2025-11-26,Dose Taken
SUB-0225,S04,Dose Low,Week 16,2025-12-24,Dose Taken
SUB-0225,S04,Dose Low,Week 24,2026-02-18,Dose Missed
SUB-0225,S04,Dose Low,Week 36,2026-05-13,Dose Taken
SUB-0225,S04,Dose Low,Week 52 / EOT,2026-09-02,Dose Taken
SUB-0227,S04,Dose High,Baseline,2026-01-27,Dose Taken
SUB-0227,S04,Dose High,Week 2,2026-02-10,Dose Held (AE)
SUB-0227,S04,Dose High,Week 4,2026-02-24,Dose Reduced
SUB-0227,S04,Dose High,Week 8,2026-03-24,Dose Taken
SUB-0227,S04,Dose High,Week 12,2026-04-21,Dose Taken
SUB-0227,S04,Dose High,Week 16,2026-05-19,Dose Taken
SUB-0227,S04,Dose High,Week 24,2026-07-14,Dose Taken
SUB-0228,S04,Dose High,Baseline,2026-01-19,Dose Taken
SUB-0228,S04,Dose High,Week 2,2026-02-02,Dose Taken
SUB-0228,S04,Dose High,Week 4,2026-02-16,Dose Taken
SUB-0228,S04,Dose High,Week 8,2026-03-16,Dose Taken
SUB-0228,S04,Dose High,Week 12,2026-04-13,Dose Taken
SUB-0228,S04,Dose High,Week 16,2026-05-11,Dose Taken
SUB-0228,S04,Dose High,Week 24,2026-07-06,Dose Taken
SUB-0228,S04,Dose High,Week 36,2026-09-28,Dose Taken
SUB-0230,S04,Dose High,Baseline,2025-08-14,Dose Taken
SUB-0230,S04,Dose High,Week 2,2025-08-28,Dose Taken
SUB-0230,S04,Dose High,Week 4,2025-09-11,Dose Taken
SUB-0230,S04,Dose High,Week 8,2025-10-09,Dose Taken
SUB-0230,S04,Dose High,Week 12,2025-11-06,Dose Taken
SUB-0230,S04,Dose High,Week 16,2025-12-04,Dose Taken
SUB-0230,S04,Dose High,Week 24,2026-01-29,Dose Taken
SUB-0230,S04,Dose High,Week 36,2026-04-23,Dose Taken
SUB-0230,S04,Dose High,Week 52 / EOT,2026-08-13,Dose Taken
SUB-0231,S04,Dose High,Baseline,2026-01-23,Dose Taken
SUB-0231,S04,Dose High,Week 2,2026-02-06,Dose Taken
SUB-0231,S04,Dose High,Week 4,2026-02-20,Dose Taken
SUB-0231,S04,Dose High,Week 8,2026-03-20,Dose Taken
SUB-0231,S04,Dose High,Week 12,2026-04-17,Dose Taken
SUB-0231,S04,Dose High,Week 16,2026-05-15,Dose Taken
SUB-0231,S04,Dose High,Week 24,2026-07-10,Dose Taken
SUB-0232,S04,Dose High,Baseline,2025-12-17,Dose Taken
SUB-0232,S04,Dose High,Week 2,2025-12-31,Dose Taken
SUB-0232,S04,Dose High,Week 4,2026-01-14,Dose Taken
SUB-0232,S04,Dose High,Week 8,2026-02-11,Dose Taken
SUB-0232,S04,Dose High,Week 12,2026-03-11,Dose Taken
SUB-0232,S04,Dose High,Week 16,2026-04-08,Dose Taken
SUB-0232,S04,Dose High,Week 24,2026-06-03,Dose Taken
SUB-0232,S04,Dose High,Week 36,2026-08-26,Dose Taken
SUB-0237,S05,Dose Low,Baseline,2025-05-10,Dose Taken
SUB-0237,S05,Dose Low,Week 2,2025-05-24,Dose Taken
SUB-0237,S05,Dose Low,Week 4,2025-06-07,Dose Held (AE)
SUB-0237,S05,Dose Low,Week 8,2025-07-05,Dose Taken
SUB-0237,S05,Dose Low,Week 12,2025-08-02,Dose Taken
SUB-0237,S05,Dose Low,Week 16,2025-08-30,Dose Taken
SUB-0237,S05,Dose Low,Week 24,2025-10-25,Dose Taken
SUB-0237,S05,Dose Low,Week 36,2026-01-17,Dose Taken
SUB-0237,S05,Dose Low,Week 52 / EOT,2026-05-09,Dose Taken
SUB-0238,S05,Dose Low,Baseline,2025-05-18,Dose Missed
SUB-0238,S05,Dose Low,Week 2,2025-06-01,Dose Taken
SUB-0238,S05,Dose Low,Week 4,2025-06-15,Dose Taken
SUB-0238,S05,Dose Low,Week 8,2025-07-13,Dose Taken
SUB-0238,S05,Dose Low,Week 12,2025-08-10,Dose Taken
SUB-0238,S05,Dose Low,Week 16,2025-09-07,Dose Taken
SUB-0238,S05,Dose Low,Week 24,2025-11-02,Dose Taken
SUB-0238,S05,Dose Low,Week 36,2026-01-25,Dose Taken
SUB-0238,S05,Dose Low,Week 52 / EOT,2026-05-17,Dose Taken
SUB-0239,S05,Dose High,Baseline,2025-12-09,Dose Taken
SUB-0239,S05,Dose High,Week 2,2025-12-23,Dose Taken
SUB-0239,S05,Dose High,Week 4,2026-01-06,Dose Taken
SUB-0239,S05,Dose High,Week 8,2026-02-03,Dose Taken
SUB-0239,S05,Dose High,Week 12,2026-03-03,Dose Taken
SUB-0239,S05,Dose High,Week 16,2026-03-31,Dose Taken
SUB-0239,S05,Dose High,Week 24,2026-05-26,Dose Taken
SUB-0239,S05,Dose High,Week 36,2026-08-18,Dose Held (AE)
SUB-0241,S05,Dose Low,Baseline,2025-05-24,Dose Taken
SUB-0241,S05,Dose Low,Week 2,2025-06-07,Dose Taken
SUB-0241,S05,Dose Low,Week 4,2025-06-21,Dose Taken
SUB-0241,S05,Dose Low,Week 8,2025-07-19,Dose Taken
SUB-0241,S05,Dose Low,Week 12,2025-08-16,Dose Taken
SUB-0241,S05,Dose Low,Week 16,2025-09-13,Dose Taken
SUB-0241,S05,Dose Low,Week 24,2025-11-08,Dose Taken
SUB-0241,S05,Dose Low,Week 36,2026-01-31,Dose Taken
SUB-0241,S05,Dose Low,Week 52 / EOT,2026-05-23,Dose Taken
SUB-0242,S05,Dose Low,Baseline,2026-02-21,Dose Taken
SUB-0242,S05,Dose Low,Week 2,2026-03-07,Dose Taken
SUB-0242,S05,Dose Low,Week 4,2026-03-21,Dose Taken
SUB-0242,S05,Dose Low,Week 8,2026-04-18,Dose Taken
SUB-0242,S05,Dose Low,Week 12,2026-05-16,Dose Taken
SUB-0242,S05,Dose Low,Week 16,2026-06-13,Dose Taken
SUB-0242,S05,Dose Low,Week 24,2026-08-08,Dose Reduced
SUB-0243,S05,Dose High,Baseline,2025-03-12,Dose Taken
SUB-0243,S05,Dose High,Week 2,2025-03-26,Dose Taken
SUB-0243,S05,Dose High,Week 4,2025-04-09,Dose Taken
SUB-0243,S05,Dose High,Week 8,2025-05-07,Dose Taken
SUB-0243,S05,Dose High,Week 12,2025-06-04,Dose Held (AE)
SUB-0243,S05,Dose High,Week 16,2025-07-02,Dose Taken
SUB-0243,S05,Dose High,Week 24,2025-08-27,Dose Taken
SUB-0243,S05,Dose High,Week 36,2025-11-19,Dose Taken
SUB-0243,S05,Dose High,Week 52 / EOT,2026-03-11,Dose Held (AE)
SUB-0245,S05,Dose Low,Baseline,2026-04-19,Dose Taken
SUB-0245,S05,Dose Low,Week 2,2026-05-03,Dose Taken
SUB-0245,S05,Dose Low,Week 4,2026-05-17,Dose Taken
SUB-0245,S05,Dose Low,Week 8,2026-06-14,Dose Taken
SUB-0245,S05,Dose Low,Week 12,2026-07-12,Dose Taken
SUB-0245,S05,Dose Low,Week 16,2026-08-09,Dose Taken
SUB-0246,S05,Dose High,Baseline,2026-01-07,Dose Taken
SUB-0246,S05,Dose High,Week 2,2026-01-21,Dose Taken
SUB-0246,S05,Dose High,Week 4,2026-02-04,Dose Taken
SUB-0246,S05,Dose High,Week 8,2026-03-04,Dose Missed
SUB-0246,S05,Dose High,Week 12,2026-04-01,Dose Taken
SUB-0246,S05,Dose High,Week 16,2026-04-29,Dose Taken
SUB-0246,S05,Dose High,Week 24,2026-06-24,Dose Held (AE)
SUB-0246,S05,Dose High,Week 36,2026-09-16,Dose Taken
SUB-0247,S05,Dose Low,Baseline,2025-07-08,Dose Taken
SUB-0247,S05,Dose Low,Week 2,2025-07-22,Dose Taken
SUB-0247,S05,Dose Low,Week 4,2025-08-05,Dose Taken
SUB-0247,S05,Dose Low,Week 8,2025-09-02,Dose Taken
SUB-0247,S05,Dose Low,Week 12,2025-09-30,Dose Held (AE)
SUB-0247,S05,Dose Low,Week 16,2025-10-28,Dose Taken
SUB-0247,S05,Dose Low,Week 24,2025-12-23,Dose Taken
SUB-0247,S05,Dose Low,Week 36,2026-03-17,Dose Taken
SUB-0247,S05,Dose Low,Week 52 / EOT,2026-07-07,Dose Taken
SUB-0248,S05,Dose Low,Baseline,2025-11-15,Dose Taken
SUB-0248,S05,Dose Low,Week 2,2025-11-29,Dose Taken
SUB-0248,S05,Dose Low,Week 4,2025-12-13,Dose Taken
SUB-0248,S05,Dose Low,Week 8,2026-01-10,Dose Taken
SUB-0248,S05,Dose Low,Week 12,2026-02-07,Dose Taken
SUB-0248,S05,Dose Low,Week 16,2026-03-07,Dose Taken
SUB-0248,S05,Dose Low,Week 24,2026-05-02,Dose Taken
SUB-0248,S05,Dose Low,Week 36,2026-07-25,Dose Taken
SUB-0251,S05,Dose High,Baseline,2026-04-12,Dose Taken
SUB-0251,S05,Dose High,Week 2,2026-04-26,Dose Taken
SUB-0251,S05,Dose High,Week 4,2026-05-10,Dose Taken
SUB-0251,S05,Dose High,Week 8,2026-06-07,Dose Taken
SUB-0251,S05,Dose High,Week 12,2026-07-05,Dose Taken
SUB-0251,S05,Dose High,Week 16,2026-08-02,Dose Taken
SUB-0251,S05,Dose High,Week 24,2026-09-27,Dose Taken
SUB-0252,S05,Dose High,Baseline,2025-10-03,Dose Taken
SUB-0252,S05,Dose High,Week 2,2025-10-17,Dose Taken
SUB-0252,S05,Dose High,Week 4,2025-10-31,Dose Reduced
SUB-0252,S05,Dose High,Week 8,2025-11-28,Dose Taken
SUB-0252,S05,Dose High,Week 12,2025-12-26,Dose Taken
SUB-0252,S05,Dose High,Week 16,2026-01-23,Dose Taken
SUB-0252,S05,Dose High,Week 24,2026-03-20,Dose Taken
SUB-0252,S05,Dose High,Week 36,2026-06-12,Dose Taken
SUB-0253,S05,Dose Low,Baseline,2025-05-11,Dose Taken
SUB-0253,S05,Dose Low,Week 2,2025-05-25,Dose Taken
SUB-0253,S05,Dose Low,Week 4,2025-06-08,Dose Taken
SUB-0253,S05,Dose Low,Week 8,2025-07-06,Dose Taken
SUB-0253,S05,Dose Low,Week 12,2025-08-03,Dose Held (AE)
SUB-0253,S05,Dose Low,Week 16,2025-08-31,Dose Taken
SUB-0253,S05,Dose Low,Week 24,2025-10-26,Dose Taken
SUB-0253,S05,Dose Low,Week 36,2026-01-18,Dose Taken
SUB-0253,S05,Dose Low,Week 52 / EOT,2026-05-10,Dose Taken
SUB-0254,S05,Dose High,Baseline,2026-02-05,Dose Taken
SUB-0254,S05,Dose High,Week 2,2026-02-19,Dose Taken
SUB-0254,S05,Dose High,Week 4,2026-03-05,Dose Taken
SUB-0254,S05,Dose High,Week 8,2026-04-02,Dose Taken
SUB-0254,S05,Dose High,Week 12,2026-04-30,Dose Taken
SUB-0254,S05,Dose High,Week 16,2026-05-28,Dose Taken
SUB-0254,S05,Dose High,Week 24,2026-07-23,Dose Taken
SUB-0256,S05,Dose Low,Baseline,2025-02-10,Dose Taken
SUB-0256,S05,Dose Low,Week 2,2025-02-24,Dose Taken
SUB-0256,S05,Dose Low,Week 4,2025-03-10,Dose Taken
SUB-0256,S05,Dose Low,Week 8,2025-04-07,Dose Taken
SUB-0256,S05,Dose Low,Week 12,2025-05-05,Dose Taken
SUB-0256,S05,Dose Low,Week 16,2025-06-02,Dose Taken
SUB-0256,S05,Dose Low,Week 24,2025-07-28,Dose Taken
SUB-0256,S05,Dose Low,Week 36,2025-10-20,Dose Taken
SUB-0256,S05,Dose Low,Week 52 / EOT,2026-02-09,Dose Taken
SUB-0258,S05,Dose Low,Baseline,2025-02-25,Dose Taken
SUB-0258,S05,Dose Low,Week 2,2025-03-11,Dose Taken
SUB-0258,S05,Dose Low,Week 4,2025-03-25,Dose Taken
SUB-0258,S05,Dose Low,Week 8,2025-04-22,Dose Taken
SUB-0258,S05,Dose Low,Week 12,2025-05-20,Dose Taken
SUB-0258,S05,Dose Low,Week 16,2025-06-17,Dose Taken
SUB-0258,S05,Dose Low,Week 24,2025-08-12,Dose Taken
SUB-0258,S05,Dose Low,Week 36,2025-11-04,Dose Taken
SUB-0258,S05,Dose Low,Week 52 / EOT,2026-02-24,Dose Taken
SUB-0261,S05,Dose High,Baseline,2026-05-14,Dose Taken
SUB-0261,S05,Dose High,Week 2,2026-05-28,Dose Taken
SUB-0261,S05,Dose High,Week 4,2026-06-11,Dose Taken
SUB-0261,S05,Dose High,Week 8,2026-07-09,Dose Taken
SUB-0261,S05,Dose High,Week 12,2026-08-06,Dose Taken
SUB-0261,S05,Dose High,Week 16,2026-09-03,Dose Taken
SUB-0264,S05,Dose Low,Baseline,2025-06-24,Dose Taken
SUB-0264,S05,Dose Low,Week 2,2025-07-08,Dose Taken
SUB-0264,S05,Dose Low,Week 4,2025-07-22,Dose Taken
SUB-0264,S05,Dose Low,Week 8,2025-08-19,Dose Taken
SUB-0264,S05,Dose Low,Week 12,2025-09-16,Dose Taken
SUB-0264,S05,Dose Low,Week 16,2025-10-14,Dose Taken
SUB-0264,S05,Dose Low,Week 24,2025-12-09,Dose Taken
SUB-0264,S05,Dose Low,Week 36,2026-03-03,Dose Taken
SUB-0264,S05,Dose Low,Week 52 / EOT,2026-06-23,Dose Taken
SUB-0265,S05,Dose Low,Baseline,2025-11-30,Dose Taken
SUB-0265,S05,Dose Low,Week 2,2025-12-14,Dose Taken
SUB-0265,S05,Dose Low,Week 4,2025-12-28,Dose Taken
SUB-0265,S05,Dose Low,Week 8,2026-01-25,Dose Taken
SUB-0265,S05,Dose Low,Week 12,2026-02-22,Dose Taken
SUB-0265,S05,Dose Low,Week 16,2026-03-22,Dose Taken
SUB-0265,S05,Dose Low,Week 24,2026-05-17,Dose Taken
SUB-0265,S05,Dose Low,Week 36,2026-08-09,Dose Taken
SUB-0270,S05,Dose High,Baseline,2025-05-02,Dose Taken
SUB-0270,S05,Dose High,Week 2,2025-05-16,Dose Taken
SUB-0270,S05,Dose High,Week 4,2025-05-30,Dose Taken
SUB-0270,S05,Dose High,Week 8,2025-06-27,Dose Taken
SUB-0270,S05,Dose High,Week 12,2025-07-25,Dose Taken
SUB-0270,S05,Dose High,Week 16,2025-08-22,Dose Taken
SUB-0270,S05,Dose High,Week 24,2025-10-17,Dose Taken
SUB-0270,S05,Dose High,Week 36,2026-01-09,Dose Taken
SUB-0270,S05,Dose High,Week 52 / EOT,2026-05-01,Dose Taken
SUB-0273,S05,Dose High,Baseline,2025-05-25,Dose Taken
SUB-0273,S05,Dose High,Week 2,2025-06-08,Dose Taken
SUB-0273,S05,Dose High,Week 4,2025-06-22,Dose Taken
SUB-0273,S05,Dose High,Week 8,2025-07-20,Dose Taken
SUB-0273,S05,Dose High,Week 12,2025-08-17,Dose Taken
SUB-0273,S05,Dose High,Week 16,2025-09-14,Dose Taken
SUB-0273,S05,Dose High,Week 24,2025-11-09,Dose Reduced
SUB-0273,S05,Dose High,Week 36,2026-02-01,Dose Taken
SUB-0273,S05,Dose High,Week 52 / EOT,2026-05-24,Dose Taken
SUB-0274,S05,Dose Low,Baseline,2025-10-23,Dose Taken
SUB-0274,S05,Dose Low,Week 2,2025-11-06,Dose Taken
SUB-0274,S05,Dose Low,Week 4,2025-11-20,Dose Taken
SUB-0274,S05,Dose Low,Week 8,2025-12-18,Dose Reduced
SUB-0274,S05,Dose Low,Week 12,2026-01-15,Dose Taken
SUB-0274,S05,Dose Low,Week 16,2026-02-12,Dose Taken
SUB-0274,S05,Dose Low,Week 24,2026-04-09,Dose Taken
SUB-0274,S05,Dose Low,Week 36,2026-07-02,Dose Held (AE)
SUB-0276,S05,Dose Low,Baseline,2025-09-19,Dose Taken
SUB-0276,S05,Dose Low,Week 2,2025-10-03,Dose Taken
SUB-0276,S05,Dose Low,Week 4,2025-10-17,Dose Taken
SUB-0276,S05,Dose Low,Week 8,2025-11-14,Dose Reduced
SUB-0276,S05,Dose Low,Week 12,2025-12-12,Dose Taken
SUB-0276,S05,Dose Low,Week 16,2026-01-09,Dose Taken
SUB-0276,S05,Dose Low,Week 24,2026-03-06,Dose Taken
SUB-0276,S05,Dose Low,Week 36,2026-05-29,Dose Taken
SUB-0276,S05,Dose Low,Week 52 / EOT,2026-09-18,Dose Taken
SUB-0277,S05,Dose High,Baseline,2026-07-13,Dose Taken
SUB-0277,S05,Dose High,Week 2,2026-07-27,Dose Taken
SUB-0277,S05,Dose High,Week 4,2026-08-10,Dose Taken
SUB-0277,S05,Dose High,Week 8,2026-09-07,Dose Taken
SUB-0280,S05,Dose High,Baseline,2026-01-23,Dose Taken
SUB-0280,S05,Dose High,Week 2,2026-02-06,Dose Taken
SUB-0280,S05,Dose High,Week 4,2026-02-20,Dose Taken
SUB-0280,S05,Dose High,Week 8,2026-03-20,Dose Taken
SUB-0280,S05,Dose High,Week 12,2026-04-17,Dose Taken
SUB-0280,S05,Dose High,Week 16,2026-05-15,Dose Taken
SUB-0280,S05,Dose High,Week 24,2026-07-10,Dose Taken
SUB-0285,S05,Dose Low,Baseline,2025-07-11,Dose Reduced
SUB-0285,S05,Dose Low,Week 2,2025-07-25,Dose Taken
SUB-0285,S05,Dose Low,Week 4,2025-08-08,Dose Taken
SUB-0285,S05,Dose Low,Week 8,2025-09-05,Dose Taken
SUB-0285,S05,Dose Low,Week 12,2025-10-03,Dose Taken
SUB-0285,S05,Dose Low,Week 16,2025-10-31,Dose Taken
SUB-0285,S05,Dose Low,Week 24,2025-12-26,Dose Taken
SUB-0285,S05,Dose Low,Week 36,2026-03-20,Dose Taken
SUB-0285,S05,Dose Low,Week 52 / EOT,2026-07-10,Dose Missed
SUB-0289,S06,Dose Low,Baseline,2026-02-16,Dose Taken
SUB-0289,S06,Dose Low,Week 2,2026-03-02,Dose Taken
SUB-0289,S06,Dose Low,Week 4,2026-03-16,Dose Taken
SUB-0289,S06,Dose Low,Week 8,2026-04-13,Dose Taken
SUB-0289,S06,Dose Low,Week 12,2026-05-11,Dose Taken
SUB-0289,S06,Dose Low,Week 16,2026-06-08,Dose Reduced
SUB-0289,S06,Dose Low,Week 24,2026-08-03,Dose Taken
SUB-0290,S06,Dose Low,Baseline,2026-03-14,Dose Held (AE)
SUB-0290,S06,Dose Low,Week 2,2026-03-28,Dose Taken
SUB-0290,S06,Dose Low,Week 4,2026-04-11,Dose Taken
SUB-0290,S06,Dose Low,Week 8,2026-05-09,Dose Taken
SUB-0290,S06,Dose Low,Week 12,2026-06-06,Dose Taken
SUB-0290,S06,Dose Low,Week 16,2026-07-04,Dose Taken
SUB-0290,S06,Dose Low,Week 24,2026-08-29,Dose Taken
SUB-0292,S06,Dose Low,Baseline,2026-04-17,Dose Taken
SUB-0292,S06,Dose Low,Week 2,2026-05-01,Dose Taken
SUB-0292,S06,Dose Low,Week 4,2026-05-15,Dose Taken
SUB-0292,S06,Dose Low,Week 8,2026-06-12,Dose Reduced
SUB-0292,S06,Dose Low,Week 12,2026-07-10,Dose Taken
SUB-0292,S06,Dose Low,Week 16,2026-08-07,Dose Taken
SUB-0295,S06,Dose Low,Baseline,2026-02-22,Dose Taken
SUB-0295,S06,Dose Low,Week 2,2026-03-08,Dose Taken
SUB-0295,S06,Dose Low,Week 4,2026-03-22,Dose Taken
SUB-0295,S06,Dose Low,Week 8,2026-04-19,Dose Taken
SUB-0295,S06,Dose Low,Week 12,2026-05-17,Dose Taken
SUB-0295,S06,Dose Low,Week 16,2026-06-14,Dose Taken
SUB-0295,S06,Dose Low,Week 24,2026-08-09,Dose Taken
SUB-0300,S06,Dose High,Baseline,2025-08-17,Dose Taken
SUB-0300,S06,Dose High,Week 2,2025-08-31,Dose Taken
SUB-0300,S06,Dose High,Week 4,2025-09-14,Dose Taken
SUB-0300,S06,Dose High,Week 8,2025-10-12,Dose Taken
SUB-0300,S06,Dose High,Week 12,2025-11-09,Dose Missed
SUB-0300,S06,Dose High,Week 16,2025-12-07,Dose Taken
SUB-0300,S06,Dose High,Week 24,2026-02-01,Dose Taken
SUB-0300,S06,Dose High,Week 36,2026-04-26,Dose Taken
SUB-0300,S06,Dose High,Week 52 / EOT,2026-08-16,Dose Taken
SUB-0301,S06,Dose Low,Baseline,2025-10-10,Dose Taken
SUB-0301,S06,Dose Low,Week 2,2025-10-24,Dose Reduced
SUB-0301,S06,Dose Low,Week 4,2025-11-07,Dose Taken
SUB-0301,S06,Dose Low,Week 8,2025-12-05,Dose Taken
SUB-0301,S06,Dose Low,Week 12,2026-01-02,Dose Taken
SUB-0301,S06,Dose Low,Week 16,2026-01-30,Dose Taken
SUB-0301,S06,Dose Low,Week 24,2026-03-27,Dose Taken
SUB-0301,S06,Dose Low,Week 36,2026-06-19,Dose Taken
SUB-0304,S06,Dose Low,Baseline,2025-12-27,Dose Taken
SUB-0304,S06,Dose Low,Week 2,2026-01-10,Dose Taken
SUB-0304,S06,Dose Low,Week 4,2026-01-24,Dose Taken
SUB-0304,S06,Dose Low,Week 8,2026-02-21,Dose Taken
SUB-0304,S06,Dose Low,Week 12,2026-03-21,Dose Taken
SUB-0304,S06,Dose Low,Week 16,2026-04-18,Dose Held (AE)
SUB-0304,S06,Dose Low,Week 24,2026-06-13,Dose Taken
SUB-0304,S06,Dose Low,Week 36,2026-09-05,Dose Taken
SUB-0305,S06,Dose High,Baseline,2026-08-29,Dose Taken
SUB-0305,S06,Dose High,Week 2,2026-09-12,Dose Held (AE)
SUB-0305,S06,Dose High,Week 4,2026-09-26,Dose Taken
SUB-0306,S06,Dose Low,Baseline,2025-05-31,Dose Taken
SUB-0306,S06,Dose Low,Week 2,2025-06-14,Dose Taken
SUB-0306,S06,Dose Low,Week 4,2025-06-28,Dose Taken
SUB-0306,S06,Dose Low,Week 8,2025-07-26,Dose Taken
SUB-0306,S06,Dose Low,Week 12,2025-08-23,Dose Taken
SUB-0306,S06,Dose Low,Week 16,2025-09-20,Dose Taken
SUB-0306,S06,Dose Low,Week 24,2025-11-15,Dose Taken
SUB-0306,S06,Dose Low,Week 36,2026-02-07,Dose Taken
SUB-0306,S06,Dose Low,Week 52 / EOT,2026-05-30,Dose Taken
SUB-0308,S06,Dose High,Baseline,2026-03-09,Dose Taken
SUB-0308,S06,Dose High,Week 2,2026-03-23,Dose Held (AE)
SUB-0308,S06,Dose High,Week 4,2026-04-06,Dose Taken
SUB-0308,S06,Dose High,Week 8,2026-05-04,Dose Taken
SUB-0308,S06,Dose High,Week 12,2026-06-01,Dose Taken
SUB-0308,S06,Dose High,Week 16,2026-06-29,Dose Held (AE)
SUB-0308,S06,Dose High,Week 24,2026-08-24,Dose Taken
SUB-0310,S06,Dose High,Baseline,2026-03-27,Dose Taken
SUB-0310,S06,Dose High,Week 2,2026-04-10,Dose Taken
SUB-0310,S06,Dose High,Week 4,2026-04-24,Dose Taken
SUB-0310,S06,Dose High,Week 8,2026-05-22,Dose Taken
SUB-0310,S06,Dose High,Week 12,2026-06-19,Dose Taken
SUB-0310,S06,Dose High,Week 16,2026-07-17,Dose Taken
SUB-0310,S06,Dose High,Week 24,2026-09-11,Dose Taken
SUB-0315,S06,Dose High,Baseline,2025-07-17,Dose Held (AE)
SUB-0315,S06,Dose High,Week 2,2025-07-31,Dose Taken
SUB-0315,S06,Dose High,Week 4,2025-08-14,Dose Taken
SUB-0315,S06,Dose High,Week 8,2025-09-11,Dose Taken
SUB-0315,S06,Dose High,Week 12,2025-10-09,Dose Taken
SUB-0315,S06,Dose High,Week 16,2025-11-06,Dose Reduced
SUB-0315,S06,Dose High,Week 24,2026-01-01,Dose Taken
SUB-0315,S06,Dose High,Week 36,2026-03-26,Dose Held (AE)
SUB-0315,S06,Dose High,Week 52 / EOT,2026-07-16,Dose Taken
SUB-0321,S06,Dose Low,Baseline,2025-05-11,Dose Taken
SUB-0321,S06,Dose Low,Week 2,2025-05-25,Dose Taken
SUB-0321,S06,Dose Low,Week 4,2025-06-08,Dose Taken
SUB-0321,S06,Dose Low,Week 8,2025-07-06,Dose Taken
SUB-0321,S06,Dose Low,Week 12,2025-08-03,Dose Taken
SUB-0321,S06,Dose Low,Week 16,2025-08-31,Dose Taken
SUB-0321,S06,Dose Low,Week 24,2025-10-26,Dose Taken
SUB-0321,S06,Dose Low,Week 36,2026-01-18,Dose Held (AE)
SUB-0321,S06,Dose Low,Week 52 / EOT,2026-05-10,Dose Taken
SUB-0326,S06,Dose Low,Baseline,2025-12-30,Dose Taken
SUB-0326,S06,Dose Low,Week 2,2026-01-13,Dose Taken
SUB-0326,S06,Dose Low,Week 4,2026-01-27,Dose Taken
SUB-0326,S06,Dose Low,Week 8,2026-02-24,Dose Taken
SUB-0326,S06,Dose Low,Week 12,2026-03-24,Dose Taken
SUB-0326,S06,Dose Low,Week 16,2026-04-21,Dose Taken
SUB-0326,S06,Dose Low,Week 24,2026-06-16,Dose Reduced
SUB-0326,S06,Dose Low,Week 36,2026-09-08,Dose Taken
SUB-0329,S06,Dose Low,Baseline,2026-05-21,Dose Taken
SUB-0329,S06,Dose Low,Week 2,2026-06-04,Dose Taken
SUB-0329,S06,Dose Low,Week 4,2026-06-18,Dose Taken
SUB-0329,S06,Dose Low,Week 8,2026-07-16,Dose Taken
SUB-0329,S06,Dose Low,Week 12,2026-08-13,Dose Taken
SUB-0329,S06,Dose Low,Week 16,2026-09-10,Dose Taken
SUB-0330,S06,Dose Low,Baseline,2025-10-03,Dose Missed
SUB-0330,S06,Dose Low,Week 2,2025-10-17,Dose Taken
SUB-0330,S06,Dose Low,Week 4,2025-10-31,Dose Taken
SUB-0330,S06,Dose Low,Week 8,2025-11-28,Dose Taken
SUB-0330,S06,Dose Low,Week 12,2025-12-26,Dose Taken
SUB-0330,S06,Dose Low,Week 16,2026-01-23,Dose Taken
SUB-0330,S06,Dose Low,Week 24,2026-03-20,Dose Taken
SUB-0330,S06,Dose Low,Week 36,2026-06-12,Dose Taken
SUB-0331,S06,Dose Low,Baseline,2026-04-25,Dose Taken
SUB-0331,S06,Dose Low,Week 2,2026-05-09,Dose Taken
SUB-0331,S06,Dose Low,Week 4,2026-05-23,Dose Taken
SUB-0331,S06,Dose Low,Week 8,2026-06-20,Dose Taken
SUB-0331,S06,Dose Low,Week 12,2026-07-18,Dose Taken
SUB-0331,S06,Dose Low,Week 16,2026-08-15,Dose Taken
SUB-0337,S06,Dose High,Baseline,2026-04-24,Dose Reduced
SUB-0337,S06,Dose High,Week 2,2026-05-08,Dose Taken
SUB-0337,S06,Dose High,Week 4,2026-05-22,Dose Taken
SUB-0337,S06,Dose High,Week 8,2026-06-19,Dose Taken
SUB-0337,S06,Dose High,Week 12,2026-07-17,Dose Taken
SUB-0337,S06,Dose High,Week 16,2026-08-14,Dose Taken
SUB-0338,S06,Dose Low,Baseline,2026-04-11,Dose Taken
SUB-0338,S06,Dose Low,Week 2,2026-04-25,Dose Taken
SUB-0338,S06,Dose Low,Week 4,2026-05-09,Dose Taken
SUB-0338,S06,Dose Low,Week 8,2026-06-06,Dose Taken
SUB-0338,S06,Dose Low,Week 12,2026-07-04,Dose Taken
SUB-0338,S06,Dose Low,Week 16,2026-08-01,Dose Taken
SUB-0338,S06,Dose Low,Week 24,2026-09-26,Dose Taken
SUB-0341,S06,Dose High,Baseline,2026-03-08,Dose Missed
SUB-0341,S06,Dose High,Week 2,2026-03-22,Dose Taken
SUB-0341,S06,Dose High,Week 4,2026-04-05,Dose Taken
SUB-0341,S06,Dose High,Week 8,2026-05-03,Dose Taken
SUB-0341,S06,Dose High,Week 12,2026-05-31,Dose Taken
SUB-0341,S06,Dose High,Week 16,2026-06-28,Dose Taken
SUB-0341,S06,Dose High,Week 24,2026-08-23,Dose Taken
SUB-0343,S06,Dose Low,Baseline,2026-09-29,Dose Taken
SUB-0345,S06,Dose High,Baseline,2025-11-13,Dose Taken
SUB-0345,S06,Dose High,Week 2,2025-11-27,Dose Taken
SUB-0345,S06,Dose High,Week 4,2025-12-11,Dose Reduced
SUB-0345,S06,Dose High,Week 8,2026-01-08,Dose Taken
SUB-0345,S06,Dose High,Week 12,2026-02-05,Dose Taken
SUB-0345,S06,Dose High,Week 16,2026-03-05,Dose Taken
SUB-0345,S06,Dose High,Week 24,2026-04-30,Dose Taken
SUB-0345,S06,Dose High,Week 36,2026-07-23,Dose Taken
SUB-0347,S06,Dose High,Baseline,2025-08-20,Dose Reduced
SUB-0347,S06,Dose High,Week 2,2025-09-03,Dose Taken
SUB-0347,S06,Dose High,Week 4,2025-09-17,Dose Taken
SUB-0347,S06,Dose High,Week 8,2025-10-15,Dose Taken
SUB-0347,S06,Dose High,Week 12,2025-11-12,Dose Taken
SUB-0347,S06,Dose High,Week 16,2025-12-10,Dose Taken
SUB-0347,S06,Dose High,Week 24,2026-02-04,Dose Taken
SUB-0347,S06,Dose High,Week 36,2026-04-29,Dose Taken
SUB-0347,S06,Dose High,Week 52 / EOT,2026-08-19,Dose Taken
SUB-0348,S07,Dose Low,Baseline,2025-11-24,Dose Taken
SUB-0348,S07,Dose Low,Week 2,2025-12-08,Dose Taken
SUB-0348,S07,Dose Low,Week 4,2025-12-22,Dose Taken
SUB-0348,S07,Dose Low,Week 8,2026-01-19,Dose Taken
SUB-0348,S07,Dose Low,Week 12,2026-02-16,Dose Taken
SUB-0348,S07,Dose Low,Week 16,2026-03-16,Dose Taken
SUB-0348,S07,Dose Low,Week 24,2026-05-11,Dose Taken
SUB-0348,S07,Dose Low,Week 36,2026-08-03,Dose Taken
SUB-0349,S07,Dose High,Baseline,2026-05-10,Dose Taken
SUB-0349,S07,Dose High,Week 2,2026-05-24,Dose Taken
SUB-0349,S07,Dose High,Week 4,2026-06-07,Dose Taken
SUB-0349,S07,Dose High,Week 8,2026-07-05,Dose Held (AE)
SUB-0349,S07,Dose High,Week 12,2026-08-02,Dose Held (AE)
SUB-0349,S07,Dose High,Week 16,2026-08-30,Dose Taken
SUB-0350,S07,Dose High,Baseline,2025-09-23,Dose Taken
SUB-0350,S07,Dose High,Week 2,2025-10-07,Dose Taken
SUB-0350,S07,Dose High,Week 4,2025-10-21,Dose Taken
SUB-0350,S07,Dose High,Week 8,2025-11-18,Dose Taken
SUB-0350,S07,Dose High,Week 12,2025-12-16,Dose Taken
SUB-0350,S07,Dose High,Week 16,2026-01-13,Dose Taken
SUB-0350,S07,Dose High,Week 24,2026-03-10,Dose Taken
SUB-0350,S07,Dose High,Week 36,2026-06-02,Dose Taken
SUB-0350,S07,Dose High,Week 52 / EOT,2026-09-22,Dose Taken
SUB-0352,S07,Dose Low,Baseline,2025-08-15,Dose Missed
SUB-0352,S07,Dose Low,Week 2,2025-08-29,Dose Taken
SUB-0352,S07,Dose Low,Week 4,2025-09-12,Dose Taken
SUB-0352,S07,Dose Low,Week 8,2025-10-10,Dose Taken
SUB-0352,S07,Dose Low,Week 12,2025-11-07,Dose Taken
SUB-0352,S07,Dose Low,Week 16,2025-12-05,Dose Taken
SUB-0352,S07,Dose Low,Week 24,2026-01-30,Dose Taken
SUB-0352,S07,Dose Low,Week 36,2026-04-24,Dose Taken
SUB-0352,S07,Dose Low,Week 52 / EOT,2026-08-14,Dose Taken
SUB-0354,S07,Dose Low,Baseline,2025-12-16,Dose Taken
SUB-0354,S07,Dose Low,Week 2,2025-12-30,Dose Taken
SUB-0354,S07,Dose Low,Week 4,2026-01-13,Dose Taken
SUB-0354,S07,Dose Low,Week 8,2026-02-10,Dose Taken
SUB-0354,S07,Dose Low,Week 12,2026-03-10,Dose Taken
SUB-0354,S07,Dose Low,Week 16,2026-04-07,Dose Taken
SUB-0354,S07,Dose Low,Week 24,2026-06-02,Dose Taken
SUB-0354,S07,Dose Low,Week 36,2026-08-25,Dose Taken
SUB-0357,S07,Dose Low,Baseline,2026-09-26,Dose Taken
SUB-0358,S07,Dose Low,Baseline,2026-04-29,Dose Taken
SUB-0358,S07,Dose Low,Week 2,2026-05-13,Dose Taken
SUB-0358,S07,Dose Low,Week 4,2026-05-27,Dose Taken
SUB-0358,S07,Dose Low,Week 8,2026-06-24,Dose Taken
SUB-0358,S07,Dose Low,Week 12,2026-07-22,Dose Taken
SUB-0358,S07,Dose Low,Week 16,2026-08-19,Dose Taken
SUB-0361,S07,Dose High,Baseline,2025-09-16,Dose Taken
SUB-0361,S07,Dose High,Week 2,2025-09-30,Dose Taken
SUB-0361,S07,Dose High,Week 4,2025-10-14,Dose Taken
SUB-0361,S07,Dose High,Week 8,2025-11-11,Dose Taken
SUB-0361,S07,Dose High,Week 12,2025-12-09,Dose Taken
SUB-0361,S07,Dose High,Week 16,2026-01-06,Dose Held (AE)
SUB-0361,S07,Dose High,Week 24,2026-03-03,Dose Taken
SUB-0361,S07,Dose High,Week 36,2026-05-26,Dose Reduced
SUB-0361,S07,Dose High,Week 52 / EOT,2026-09-15,Dose Taken
SUB-0366,S07,Dose Low,Baseline,2025-11-10,Dose Taken
SUB-0366,S07,Dose Low,Week 2,2025-11-24,Dose Taken
SUB-0366,S07,Dose Low,Week 4,2025-12-08,Dose Taken
SUB-0366,S07,Dose Low,Week 8,2026-01-05,Dose Taken
SUB-0366,S07,Dose Low,Week 12,2026-02-02,Dose Taken
SUB-0366,S07,Dose Low,Week 16,2026-03-02,Dose Taken
SUB-0366,S07,Dose Low,Week 24,2026-04-27,Dose Taken
SUB-0366,S07,Dose Low,Week 36,2026-07-20,Dose Taken
SUB-0369,S07,Dose Low,Baseline,2026-09-17,Dose Held (AE)
SUB-0371,S07,Dose High,Baseline,2026-05-11,Dose Taken
SUB-0371,S07,Dose High,Week 2,2026-05-25,Dose Taken
SUB-0371,S07,Dose High,Week 4,2026-06-08,Dose Taken
SUB-0371,S07,Dose High,Week 8,2026-07-06,Dose Taken
SUB-0371,S07,Dose High,Week 12,2026-08-03,Dose Taken
SUB-0371,S07,Dose High,Week 16,2026-08-31,Dose Taken
SUB-0375,S07,Dose High,Baseline,2026-07-04,Dose Taken
SUB-0375,S07,Dose High,Week 2,2026-07-18,Dose Held (AE)
SUB-0375,S07,Dose High,Week 4,2026-08-01,Dose Taken
SUB-0375,S07,Dose High,Week 8,2026-08-29,Dose Taken
SUB-0375,S07,Dose High,Week 12,2026-09-26,Dose Reduced
SUB-0377,S07,Dose Low,Baseline,2026-04-28,Dose Taken
SUB-0377,S07,Dose Low,Week 2,2026-05-12,Dose Taken
SUB-0377,S07,Dose Low,Week 4,2026-05-26,Dose Taken
SUB-0377,S07,Dose Low,Week 8,2026-06-23,Dose Taken
SUB-0377,S07,Dose Low,Week 12,2026-07-21,Dose Taken
SUB-0377,S07,Dose Low,Week 16,2026-08-18,Dose Taken
SUB-0381,S07,Dose High,Baseline,2025-11-23,Dose Taken
SUB-0381,S07,Dose High,Week 2,2025-12-07,Dose Taken
SUB-0381,S07,Dose High,Week 4,2025-12-21,Dose Taken
SUB-0381,S07,Dose High,Week 8,2026-01-18,Dose Taken
SUB-0381,S07,Dose High,Week 12,2026-02-15,Dose Taken
SUB-0381,S07,Dose High,Week 16,2026-03-15,Dose Taken
SUB-0381,S07,Dose High,Week 24,2026-05-10,Dose Taken
SUB-0381,S07,Dose High,Week 36,2026-08-02,Dose Taken
SUB-0382,S07,Dose Low,Baseline,2025-09-08,Dose Taken
SUB-0382,S07,Dose Low,Week 2,2025-09-22,Dose Taken
SUB-0382,S07,Dose Low,Week 4,2025-10-06,Dose Taken
SUB-0382,S07,Dose Low,Week 8,2025-11-03,Dose Taken
SUB-0382,S07,Dose Low,Week 12,2025-12-01,Dose Reduced
SUB-0382,S07,Dose Low,Week 16,2025-12-29,Dose Taken
SUB-0382,S07,Dose Low,Week 24,2026-02-23,Dose Taken
SUB-0382,S07,Dose Low,Week 36,2026-05-18,Dose Taken
SUB-0382,S07,Dose Low,Week 52 / EOT,2026-09-07,Dose Taken
SUB-0385,S07,Dose Low,Baseline,2026-09-24,Dose Taken
SUB-0387,S07,Dose Low,Baseline,2026-03-10,Dose Taken
SUB-0387,S07,Dose Low,Week 2,2026-03-24,Dose Taken
SUB-0387,S07,Dose Low,Week 4,2026-04-07,Dose Taken
SUB-0387,S07,Dose Low,Week 8,2026-05-05,Dose Taken
SUB-0387,S07,Dose Low,Week 12,2026-06-02,Dose Taken
SUB-0387,S07,Dose Low,Week 16,2026-06-30,Dose Taken
SUB-0387,S07,Dose Low,Week 24,2026-08-25,Dose Taken
SUB-0393,S07,Dose High,Baseline,2026-05-22,Dose Taken
SUB-0393,S07,Dose High,Week 2,2026-06-05,Dose Taken
SUB-0393,S07,Dose High,Week 4,2026-06-19,Dose Held (AE)
SUB-0393,S07,Dose High,Week 8,2026-07-17,Dose Taken
SUB-0393,S07,Dose High,Week 12,2026-08-14,Dose Taken
SUB-0393,S07,Dose High,Week 16,2026-09-11,Dose Taken
SUB-0396,S07,Dose High,Baseline,2025-08-28,Dose Taken
SUB-0396,S07,Dose High,Week 2,2025-09-11,Dose Taken
SUB-0396,S07,Dose High,Week 4,2025-09-25,Dose Taken
SUB-0396,S07,Dose High,Week 8,2025-10-23,Dose Taken
SUB-0396,S07,Dose High,Week 12,2025-11-20,Dose Taken
SUB-0396,S07,Dose High,Week 16,2025-12-18,Dose Taken
SUB-0396,S07,Dose High,Week 24,2026-02-12,Dose Taken
SUB-0396,S07,Dose High,Week 36,2026-05-07,Dose Taken
SUB-0396,S07,Dose High,Week 52 / EOT,2026-08-27,Dose Taken
SUB-0401,S07,Dose High,Baseline,2026-02-06,Dose Missed
SUB-0401,S07,Dose High,Week 2,2026-02-20,Dose Missed
SUB-0401,S07,Dose High,Week 4,2026-03-06,Dose Taken
SUB-0401,S07,Dose High,Week 8,2026-04-03,Dose Taken
SUB-0401,S07,Dose High,Week 12,2026-05-01,Dose Taken
SUB-0401,S07,Dose High,Week 16,2026-05-29,Dose Taken
SUB-0401,S07,Dose High,Week 24,2026-07-24,Dose Held (AE)
SUB-0402,S07,Dose High,Baseline,2026-03-26,Dose Taken
SUB-0402,S07,Dose High,Week 2,2026-04-09,Dose Taken
SUB-0402,S07,Dose High,Week 4,2026-04-23,Dose Taken
SUB-0402,S07,Dose High,Week 8,2026-05-21,Dose Taken
SUB-0402,S07,Dose High,Week 12,2026-06-18,Dose Taken
SUB-0402,S07,Dose High,Week 16,2026-07-16,Dose Taken
SUB-0402,S07,Dose High,Week 24,2026-09-10,Dose Taken
SUB-0404,S07,Dose Low,Baseline,2026-06-19,Dose Taken
SUB-0404,S07,Dose Low,Week 2,2026-07-03,Dose Taken
SUB-0404,S07,Dose Low,Week 4,2026-07-17,Dose Taken
SUB-0404,S07,Dose Low,Week 8,2026-08-14,Dose Taken
SUB-0404,S07,Dose Low,Week 12,2026-09-11,Dose Taken
SUB-0407,S07,Dose High,Baseline,2026-03-17,Dose Taken
SUB-0407,S07,Dose High,Week 2,2026-03-31,Dose Taken
SUB-0407,S07,Dose High,Week 4,2026-04-14,Dose Taken
SUB-0407,S07,Dose High,Week 8,2026-05-12,Dose Taken
SUB-0407,S07,Dose High,Week 12,2026-06-09,Dose Taken
SUB-0407,S07,Dose High,Week 16,2026-07-07,Dose Taken
SUB-0407,S07,Dose High,Week 24,2026-09-01,Dose Taken
SUB-0410,S07,Dose Low,Baseline,2026-01-01,Dose Taken
SUB-0410,S07,Dose Low,Week 2,2026-01-15,Dose Taken
SUB-0410,S07,Dose Low,Week 4,2026-01-29,Dose Taken
SUB-0410,S07,Dose Low,Week 8,2026-02-26,Dose Taken
SUB-0410,S07,Dose Low,Week 12,2026-03-26,Dose Taken
SUB-0410,S07,Dose Low,Week 16,2026-04-23,Dose Taken
SUB-0410,S07,Dose Low,Week 24,2026-06-18,Dose Taken
SUB-0410,S07,Dose Low,Week 36,2026-09-10,Dose Taken
SUB-0411,S07,Dose High,Baseline,2026-09-06,Dose Taken
SUB-0411,S07,Dose High,Week 2,2026-09-20,Dose Taken
SUB-0412,S07,Dose High,Baseline,2026-05-07,Dose Taken
SUB-0412,S07,Dose High,Week 2,2026-05-21,Dose Taken
SUB-0412,S07,Dose High,Week 4,2026-06-04,Dose Taken
SUB-0412,S07,Dose High,Week 8,2026-07-02,Dose Taken
SUB-0412,S07,Dose High,Week 12,2026-07-30,Dose Taken
SUB-0412,S07,Dose High,Week 16,2026-08-27,Dose Taken
SUB-0414,S08,Dose Low,Baseline,2026-05-19,Dose Taken
SUB-0414,S08,Dose Low,Week 2,2026-06-02,Dose Taken
SUB-0414,S08,Dose Low,Week 4,2026-06-16,Dose Taken
SUB-0414,S08,Dose Low,Week 8,2026-07-14,Dose Taken
SUB-0414,S08,Dose Low,Week 12,2026-08-11,Dose Taken
SUB-0414,S08,Dose Low,Week 16,2026-09-08,Dose Taken
SUB-0417,S08,Dose Low,Baseline,2026-01-20,Dose Held (AE)
SUB-0417,S08,Dose Low,Week 2,2026-02-03,Dose Taken
SUB-0417,S08,Dose Low,Week 4,2026-02-17,Dose Taken
SUB-0417,S08,Dose Low,Week 8,2026-03-17,Dose Taken
SUB-0417,S08,Dose Low,Week 12,2026-04-14,Dose Taken
SUB-0417,S08,Dose Low,Week 16,2026-05-12,Dose Taken
SUB-0417,S08,Dose Low,Week 24,2026-07-07,Dose Taken
SUB-0417,S08,Dose Low,Week 36,2026-09-29,Dose Taken
SUB-0418,S08,Dose High,Baseline,2026-03-27,Dose Held (AE)
SUB-0418,S08,Dose High,Week 2,2026-04-10,Dose Taken
SUB-0418,S08,Dose High,Week 4,2026-04-24,Dose Taken
SUB-0418,S08,Dose High,Week 8,2026-05-22,Dose Taken
SUB-0418,S08,Dose High,Week 12,2026-06-19,Dose Missed
SUB-0418,S08,Dose High,Week 16,2026-07-17,Dose Taken
SUB-0418,S08,Dose High,Week 24,2026-09-11,Dose Taken
SUB-0419,S08,Dose Low,Baseline,2025-10-27,Dose Taken
SUB-0419,S08,Dose Low,Week 2,2025-11-10,Dose Taken
SUB-0419,S08,Dose Low,Week 4,2025-11-24,Dose Taken
SUB-0419,S08,Dose Low,Week 8,2025-12-22,Dose Taken
SUB-0419,S08,Dose Low,Week 12,2026-01-19,Dose Taken
SUB-0419,S08,Dose Low,Week 16,2026-02-16,Dose Taken
SUB-0419,S08,Dose Low,Week 24,2026-04-13,Dose Taken
SUB-0419,S08,Dose Low,Week 36,2026-07-06,Dose Taken
SUB-0423,S08,Dose Low,Baseline,2025-10-06,Dose Taken
SUB-0423,S08,Dose Low,Week 2,2025-10-20,Dose Taken
SUB-0423,S08,Dose Low,Week 4,2025-11-03,Dose Taken
SUB-0423,S08,Dose Low,Week 8,2025-12-01,Dose Taken
SUB-0423,S08,Dose Low,Week 12,2025-12-29,Dose Taken
SUB-0423,S08,Dose Low,Week 16,2026-01-26,Dose Taken
SUB-0423,S08,Dose Low,Week 24,2026-03-23,Dose Taken
SUB-0423,S08,Dose Low,Week 36,2026-06-15,Dose Taken
SUB-0425,S08,Dose Low,Baseline,2026-09-22,Dose Taken
SUB-0426,S08,Dose High,Baseline,2026-08-31,Dose Taken
SUB-0426,S08,Dose High,Week 2,2026-09-14,Dose Taken
SUB-0426,S08,Dose High,Week 4,2026-09-28,Dose Taken
SUB-0427,S08,Dose High,Baseline,2025-09-04,Dose Taken
SUB-0427,S08,Dose High,Week 2,2025-09-18,Dose Taken
SUB-0427,S08,Dose High,Week 4,2025-10-02,Dose Taken
SUB-0427,S08,Dose High,Week 8,2025-10-30,Dose Taken
SUB-0427,S08,Dose High,Week 12,2025-11-27,Dose Taken
SUB-0427,S08,Dose High,Week 16,2025-12-25,Dose Taken
SUB-0427,S08,Dose High,Week 24,2026-02-19,Dose Taken
SUB-0427,S08,Dose High,Week 36,2026-05-14,Dose Taken
SUB-0427,S08,Dose High,Week 52 / EOT,2026-09-03,Dose Taken
SUB-0428,S08,Dose Low,Baseline,2026-02-05,Dose Held (AE)
SUB-0428,S08,Dose Low,Week 2,2026-02-19,Dose Held (AE)
SUB-0428,S08,Dose Low,Week 4,2026-03-05,Dose Taken
SUB-0428,S08,Dose Low,Week 8,2026-04-02,Dose Taken
SUB-0428,S08,Dose Low,Week 12,2026-04-30,Dose Taken
SUB-0428,S08,Dose Low,Week 16,2026-05-28,Dose Taken
SUB-0428,S08,Dose Low,Week 24,2026-07-23,Dose Taken
SUB-0432,S08,Dose Low,Baseline,2026-09-17,Dose Taken
SUB-0434,S08,Dose Low,Baseline,2025-07-31,Dose Taken
SUB-0434,S08,Dose Low,Week 2,2025-08-14,Dose Taken
SUB-0434,S08,Dose Low,Week 4,2025-08-28,Dose Taken
SUB-0434,S08,Dose Low,Week 8,2025-09-25,Dose Taken
SUB-0434,S08,Dose Low,Week 12,2025-10-23,Dose Taken
SUB-0434,S08,Dose Low,Week 16,2025-11-20,Dose Taken
SUB-0434,S08,Dose Low,Week 24,2026-01-15,Dose Taken
SUB-0434,S08,Dose Low,Week 36,2026-04-09,Dose Taken
SUB-0434,S08,Dose Low,Week 52 / EOT,2026-07-30,Dose Taken
SUB-0435,S08,Dose High,Baseline,2026-01-29,Dose Taken
SUB-0435,S08,Dose High,Week 2,2026-02-12,Dose Taken
SUB-0435,S08,Dose High,Week 4,2026-02-26,Dose Taken
SUB-0435,S08,Dose High,Week 8,2026-03-26,Dose Taken
SUB-0435,S08,Dose High,Week 12,2026-04-23,Dose Taken
SUB-0435,S08,Dose High,Week 16,2026-05-21,Dose Taken
SUB-0435,S08,Dose High,Week 24,2026-07-16,Dose Taken
SUB-0436,S08,Dose High,Baseline,2026-09-14,Dose Taken
SUB-0436,S08,Dose High,Week 2,2026-09-28,Dose Taken
SUB-0437,S08,Dose High,Baseline,2025-06-26,Dose Taken
SUB-0437,S08,Dose High,Week 2,2025-07-10,Dose Held (AE)
SUB-0437,S08,Dose High,Week 4,2025-07-24,Dose Taken
SUB-0437,S08,Dose High,Week 8,2025-08-21,Dose Reduced
SUB-0437,S08,Dose High,Week 12,2025-09-18,Dose Taken
SUB-0437,S08,Dose High,Week 16,2025-10-16,Dose Taken
SUB-0437,S08,Dose High,Week 24,2025-12-11,Dose Taken
SUB-0437,S08,Dose High,Week 36,2026-03-05,Dose Taken
SUB-0437,S08,Dose High,Week 52 / EOT,2026-06-25,Dose Taken
SUB-0440,S08,Dose High,Baseline,2026-09-26,Dose Taken
SUB-0441,S08,Dose High,Baseline,2025-09-25,Dose Taken
SUB-0441,S08,Dose High,Week 2,2025-10-09,Dose Taken
SUB-0441,S08,Dose High,Week 4,2025-10-23,Dose Taken
SUB-0441,S08,Dose High,Week 8,2025-11-20,Dose Taken
SUB-0441,S08,Dose High,Week 12,2025-12-18,Dose Taken
SUB-0441,S08,Dose High,Week 16,2026-01-15,Dose Taken
SUB-0441,S08,Dose High,Week 24,2026-03-12,Dose Taken
SUB-0441,S08,Dose High,Week 36,2026-06-04,Dose Taken
SUB-0441,S08,Dose High,Week 52 / EOT,2026-09-24,Dose Taken
SUB-0442,S08,Dose High,Baseline,2025-08-10,Dose Taken
SUB-0442,S08,Dose High,Week 2,2025-08-24,Dose Taken
SUB-0442,S08,Dose High,Week 4,2025-09-07,Dose Taken
SUB-0442,S08,Dose High,Week 8,2025-10-05,Dose Taken
SUB-0442,S08,Dose High,Week 12,2025-11-02,Dose Taken
SUB-0442,S08,Dose High,Week 16,2025-11-30,Dose Taken
SUB-0442,S08,Dose High,Week 24,2026-01-25,Dose Taken
SUB-0442,S08,Dose High,Week 36,2026-04-19,Dose Taken
SUB-0442,S08,Dose High,Week 52 / EOT,2026-08-09,Dose Taken
SUB-0443,S08,Dose Low,Baseline,2026-06-28,Dose Taken
SUB-0443,S08,Dose Low,Week 2,2026-07-12,Dose Taken
SUB-0443,S08,Dose Low,Week 4,2026-07-26,Dose Taken
SUB-0443,S08,Dose Low,Week 8,2026-08-23,Dose Taken
SUB-0443,S08,Dose Low,Week 12,2026-09-20,Dose Taken
SUB-0446,S08,Dose Low,Baseline,2025-12-31,Dose Taken
SUB-0446,S08,Dose Low,Week 2,2026-01-14,Dose Taken
SUB-0446,S08,Dose Low,Week 4,2026-01-28,Dose Taken
SUB-0446,S08,Dose Low,Week 8,2026-02-25,Dose Taken
SUB-0446,S08,Dose Low,Week 12,2026-03-25,Dose Taken
SUB-0446,S08,Dose Low,Week 16,2026-04-22,Dose Taken
SUB-0446,S08,Dose Low,Week 24,2026-06-17,Dose Taken
SUB-0446,S08,Dose Low,Week 36,2026-09-09,Dose Taken
SUB-0447,S08,Dose High,Baseline,2025-07-14,Dose Taken
SUB-0447,S08,Dose High,Week 2,2025-07-28,Dose Taken
SUB-0447,S08,Dose High,Week 4,2025-08-11,Dose Taken
SUB-0447,S08,Dose High,Week 8,2025-09-08,Dose Taken
SUB-0447,S08,Dose High,Week 12,2025-10-06,Dose Taken
SUB-0447,S08,Dose High,Week 16,2025-11-03,Dose Taken
SUB-0447,S08,Dose High,Week 24,2025-12-29,Dose Taken
SUB-0447,S08,Dose High,Week 36,2026-03-23,Dose Taken
SUB-0447,S08,Dose High,Week 52 / EOT,2026-07-13,Dose Taken
SUB-0448,S08,Dose High,Baseline,2026-02-14,Dose Taken
SUB-0448,S08,Dose High,Week 2,2026-02-28,Dose Taken
SUB-0448,S08,Dose High,Week 4,2026-03-14,Dose Taken
SUB-0448,S08,Dose High,Week 8,2026-04-11,Dose Taken
SUB-0448,S08,Dose High,Week 12,2026-05-09,Dose Taken
SUB-0448,S08,Dose High,Week 16,2026-06-06,Dose Taken
SUB-0448,S08,Dose High,Week 24,2026-08-01,Dose Taken
SUB-0450,S08,Dose Low,Baseline,2025-08-01,Dose Taken
SUB-0450,S08,Dose Low,Week 2,2025-08-15,Dose Taken
SUB-0450,S08,Dose Low,Week 4,2025-08-29,Dose Taken
SUB-0450,S08,Dose Low,Week 8,2025-09-26,Dose Taken
SUB-0450,S08,Dose Low,Week 12,2025-10-24,Dose Missed
SUB-0450,S08,Dose Low,Week 16,2025-11-21,Dose Taken
SUB-0450,S08,Dose Low,Week 24,2026-01-16,Dose Taken
SUB-0450,S08,Dose Low,Week 36,2026-04-10,Dose Taken
SUB-0450,S08,Dose Low,Week 52 / EOT,2026-07-31,Dose Taken
SUB-0452,S08,Dose High,Baseline,2026-02-10,Dose Taken
SUB-0452,S08,Dose High,Week 2,2026-02-24,Dose Taken
SUB-0452,S08,Dose High,Week 4,2026-03-10,Dose Taken
SUB-0452,S08,Dose High,Week 8,2026-04-07,Dose Taken
SUB-0452,S08,Dose High,Week 12,2026-05-05,Dose Taken
SUB-0452,S08,Dose High,Week 16,2026-06-02,Dose Taken
SUB-0452,S08,Dose High,Week 24,2026-07-28,Dose Taken
SUB-0453,S08,Dose Low,Baseline,2026-02-24,Dose Taken
SUB-0453,S08,Dose Low,Week 2,2026-03-10,Dose Taken
SUB-0453,S08,Dose Low,Week 4,2026-03-24,Dose Taken
SUB-0453,S08,Dose Low,Week 8,2026-04-21,Dose Held (AE)
SUB-0453,S08,Dose Low,Week 12,2026-05-19,Dose Missed
SUB-0453,S08,Dose Low,Week 16,2026-06-16,Dose Taken
SUB-0453,S08,Dose Low,Week 24,2026-08-11,Dose Taken
SUB-0455,S08,Dose High,Baseline,2025-08-22,Dose Taken
SUB-0455,S08,Dose High,Week 2,2025-09-05,Dose Taken
SUB-0455,S08,Dose High,Week 4,2025-09-19,Dose Taken
SUB-0455,S08,Dose High,Week 8,2025-10-17,Dose Taken
SUB-0455,S08,Dose High,Week 12,2025-11-14,Dose Taken
SUB-0455,S08,Dose High,Week 16,2025-12-12,Dose Taken
SUB-0455,S08,Dose High,Week 24,2026-02-06,Dose Taken
SUB-0455,S08,Dose High,Week 36,2026-05-01,Dose Missed
SUB-0455,S08,Dose High,Week 52 / EOT,2026-08-21,Dose Missed
SUB-0457,S08,Dose High,Baseline,2025-12-18,Dose Taken
SUB-0457,S08,Dose High,Week 2,2026-01-01,Dose Taken
SUB-0457,S08,Dose High,Week 4,2026-01-15,Dose Taken
SUB-0457,S08,Dose High,Week 8,2026-02-12,Dose Taken
SUB-0457,S08,Dose High,Week 12,2026-03-12,Dose Taken
SUB-0457,S08,Dose High,Week 16,2026-04-09,Dose Taken
SUB-0457,S08,Dose High,Week 24,2026-06-04,Dose Taken
SUB-0457,S08,Dose High,Week 36,2026-08-27,Dose Taken
SUB-0458,S08,Dose Low,Baseline,2025-07-17,Dose Taken
SUB-0458,S08,Dose Low,Week 2,2025-07-31,Dose Taken
SUB-0458,S08,Dose Low,Week 4,2025-08-14,Dose Taken
SUB-0458,S08,Dose Low,Week 8,2025-09-11,Dose Taken
SUB-0458,S08,Dose Low,Week 12,2025-10-09,Dose Taken
SUB-0458,S08,Dose Low,Week 16,2025-11-06,Dose Taken
SUB-0458,S08,Dose Low,Week 24,2026-01-01,Dose Held (AE)
SUB-0458,S08,Dose Low,Week 36,2026-03-26,Dose Taken
SUB-0458,S08,Dose Low,Week 52 / EOT,2026-07-16,Dose Taken
SUB-0462,S08,Dose Low,Baseline,2025-07-07,Dose Taken
SUB-0462,S08,Dose Low,Week 2,2025-07-21,Dose Taken
SUB-0462,S08,Dose Low,Week 4,2025-08-04,Dose Taken
SUB-0462,S08,Dose Low,Week 8,2025-09-01,Dose Taken
SUB-0462,S08,Dose Low,Week 12,2025-09-29,Dose Taken
SUB-0462,S08,Dose Low,Week 16,2025-10-27,Dose Taken
SUB-0462,S08,Dose Low,Week 24,2025-12-22,Dose Taken
SUB-0462,S08,Dose Low,Week 36,2026-03-16,Dose Taken
SUB-0462,S08,Dose Low,Week 52 / EOT,2026-07-06,Dose Taken
SUB-0466,S08,Dose High,Baseline,2025-06-13,Dose Taken
SUB-0466,S08,Dose High,Week 2,2025-06-27,Dose Taken
SUB-0466,S08,Dose High,Week 4,2025-07-11,Dose Taken
SUB-0466,S08,Dose High,Week 8,2025-08-08,Dose Taken
SUB-0466,S08,Dose High,Week 12,2025-09-05,Dose Taken
SUB-0466,S08,Dose High,Week 16,2025-10-03,Dose Missed
SUB-0466,S08,Dose High,Week 24,2025-11-28,Dose Taken
SUB-0466,S08,Dose High,Week 36,2026-02-20,Dose Taken
SUB-0466,S08,Dose High,Week 52 / EOT,2026-06-12,Dose Reduced
SUB-0473,S08,Dose High,Baseline,2025-07-27,Dose Taken
SUB-0473,S08,Dose High,Week 2,2025-08-10,Dose Taken
SUB-0473,S08,Dose High,Week 4,2025-08-24,Dose Taken
SUB-0473,S08,Dose High,Week 8,2025-09-21,Dose Held (AE)
SUB-0473,S08,Dose High,Week 12,2025-10-19,Dose Taken
SUB-0473,S08,Dose High,Week 16,2025-11-16,Dose Taken
SUB-0473,S08,Dose High,Week 24,2026-01-11,Dose Taken
SUB-0473,S08,Dose High,Week 36,2026-04-05,Dose Taken
SUB-0473,S08,Dose High,Week 52 / EOT,2026-07-26,Dose Taken
SUB-0474,S08,Dose High,Baseline,2026-03-19,Dose Taken
SUB-0474,S08,Dose High,Week 2,2026-04-02,Dose Taken
SUB-0474,S08,Dose High,Week 4,2026-04-16,Dose Taken
SUB-0474,S08,Dose High,Week 8,2026-05-14,Dose Taken
SUB-0474,S08,Dose High,Week 12,2026-06-11,Dose Taken
SUB-0474,S08,Dose High,Week 16,2026-07-09,Dose Taken
SUB-0474,S08,Dose High,Week 24,2026-09-03,Dose Taken
SUB-0475,S08,Dose High,Baseline,2026-06-19,Dose Taken
SUB-0475,S08,Dose High,Week 2,2026-07-03,Dose Taken
SUB-0475,S08,Dose High,Week 4,2026-07-17,Dose Taken
SUB-0475,S08,Dose High,Week 8,2026-08-14,Dose Taken
SUB-0475,S08,Dose High,Week 12,2026-09-11,Dose Held (AE)
SUB-0476,S08,Dose High,Baseline,2026-03-19,Dose Taken
SUB-0476,S08,Dose High,Week 2,2026-04-02,Dose Taken
SUB-0476,S08,Dose High,Week 4,2026-04-16,Dose Taken
SUB-0476,S08,Dose High,Week 8,2026-05-14,Dose Taken
SUB-0476,S08,Dose High,Week 12,2026-06-11,Dose Taken
SUB-0476,S08,Dose High,Week 16,2026-07-09,Dose Taken
SUB-0476,S08,Dose High,Week 24,2026-09-03,Dose Taken
SUB-0478,S08,Dose High,Baseline,2025-06-17,Dose Taken
SUB-0478,S08,Dose High,Week 2,2025-07-01,Dose Taken
SUB-0478,S08,Dose High,Week 4,2025-07-15,Dose Taken
SUB-0478,S08,Dose High,Week 8,2025-08-12,Dose Taken
SUB-0478,S08,Dose High,Week 12,2025-09-09,Dose Taken
SUB-0478,S08,Dose High,Week 16,2025-10-07,Dose Taken
SUB-0478,S08,Dose High,Week 24,2025-12-02,Dose Taken
SUB-0478,S08,Dose High,Week 36,2026-02-24,Dose Taken
SUB-0478,S08,Dose High,Week 52 / EOT,2026-06-16,Dose Taken
SUB-0480,S08,Dose Low,Baseline,2026-01-01,Dose Taken
SUB-0480,S08,Dose Low,Week 2,2026-01-15,Dose Taken
SUB-0480,S08,Dose Low,Week 4,2026-01-29,Dose Taken
SUB-0480,S08,Dose Low,Week 8,2026-02-26,Dose Taken
SUB-0480,S08,Dose Low,Week 12,2026-03-26,Dose Taken
SUB-0480,S08,Dose Low,Week 16,2026-04-23,Dose Taken
SUB-0480,S08,Dose Low,Week 24,2026-06-18,Dose Taken
SUB-0480,S08,Dose Low,Week 36,2026-09-10,Dose Taken
SUB-0487,S09,Dose Low,Baseline,2026-08-12,Dose Taken
SUB-0487,S09,Dose Low,Week 2,2026-08-26,Dose Taken
SUB-0487,S09,Dose Low,Week 4,2026-09-09,Dose Reduced
SUB-0488,S09,Dose Low,Baseline,2025-12-03,Dose Taken
SUB-0488,S09,Dose Low,Week 2,2025-12-17,Dose Taken
SUB-0488,S09,Dose Low,Week 4,2025-12-31,Dose Taken
SUB-0488,S09,Dose Low,Week 8,2026-01-28,Dose Taken
SUB-0488,S09,Dose Low,Week 12,2026-02-25,Dose Taken
SUB-0488,S09,Dose Low,Week 16,2026-03-25,Dose Taken
SUB-0488,S09,Dose Low,Week 24,2026-05-20,Dose Taken
SUB-0488,S09,Dose Low,Week 36,2026-08-12,Dose Taken
SUB-0489,S09,Dose Low,Baseline,2026-08-27,Dose Taken
SUB-0489,S09,Dose Low,Week 2,2026-09-10,Dose Taken
SUB-0489,S09,Dose Low,Week 4,2026-09-24,Dose Taken
SUB-0491,S09,Dose Low,Baseline,2026-09-19,Dose Taken
SUB-0493,S09,Dose High,Baseline,2025-11-23,Dose Taken
SUB-0493,S09,Dose High,Week 2,2025-12-07,Dose Taken
SUB-0493,S09,Dose High,Week 4,2025-12-21,Dose Taken
SUB-0493,S09,Dose High,Week 8,2026-01-18,Dose Taken
SUB-0493,S09,Dose High,Week 12,2026-02-15,Dose Taken
SUB-0493,S09,Dose High,Week 16,2026-03-15,Dose Reduced
SUB-0493,S09,Dose High,Week 24,2026-05-10,Dose Taken
SUB-0493,S09,Dose High,Week 36,2026-08-02,Dose Taken
SUB-0496,S09,Dose Low,Baseline,2026-09-15,Dose Taken
SUB-0496,S09,Dose Low,Week 2,2026-09-29,Dose Taken
SUB-0497,S09,Dose High,Baseline,2026-09-07,Dose Taken
SUB-0497,S09,Dose High,Week 2,2026-09-21,Dose Taken
SUB-0500,S09,Dose Low,Baseline,2026-09-27,Dose Taken
SUB-0502,S09,Dose Low,Baseline,2026-09-24,Dose Taken
SUB-0504,S09,Dose High,Baseline,2025-12-19,Dose Taken
SUB-0504,S09,Dose High,Week 2,2026-01-02,Dose Taken
SUB-0504,S09,Dose High,Week 4,2026-01-16,Dose Taken
SUB-0504,S09,Dose High,Week 8,2026-02-13,Dose Taken
SUB-0504,S09,Dose High,Week 12,2026-03-13,Dose Taken
SUB-0504,S09,Dose High,Week 16,2026-04-10,Dose Taken
SUB-0504,S09,Dose High,Week 24,2026-06-05,Dose Taken
SUB-0504,S09,Dose High,Week 36,2026-08-28,Dose Taken
SUB-0505,S09,Dose Low,Baseline,2026-06-05,Dose Taken
SUB-0505,S09,Dose Low,Week 2,2026-06-19,Dose Taken
SUB-0505,S09,Dose Low,Week 4,2026-07-03,Dose Taken
SUB-0505,S09,Dose Low,Week 8,2026-07-31,Dose Taken
SUB-0505,S09,Dose Low,Week 12,2026-08-28,Dose Taken
SUB-0505,S09,Dose Low,Week 16,2026-09-25,Dose Taken
SUB-0509,S09,Dose High,Baseline,2025-11-25,Dose Taken
SUB-0509,S09,Dose High,Week 2,2025-12-09,Dose Taken
SUB-0509,S09,Dose High,Week 4,2025-12-23,Dose Taken
SUB-0509,S09,Dose High,Week 8,2026-01-20,Dose Taken
SUB-0509,S09,Dose High,Week 12,2026-02-17,Dose Taken
SUB-0509,S09,Dose High,Week 16,2026-03-17,Dose Taken
SUB-0509,S09,Dose High,Week 24,2026-05-12,Dose Taken
SUB-0509,S09,Dose High,Week 36,2026-08-04,Dose Taken
SUB-0520,S09,Dose Low,Baseline,2026-09-27,Dose Held (AE)
SUB-0521,S09,Dose Low,Baseline,2026-05-19,Dose Taken
SUB-0521,S09,Dose Low,Week 2,2026-06-02,Dose Taken
SUB-0521,S09,Dose Low,Week 4,2026-06-16,Dose Taken
SUB-0521,S09,Dose Low,Week 8,2026-07-14,Dose Taken
SUB-0521,S09,Dose Low,Week 12,2026-08-11,Dose Taken
SUB-0521,S09,Dose Low,Week 16,2026-09-08,Dose Taken
SUB-0525,S09,Dose Low,Baseline,2026-08-25,Dose Taken
SUB-0525,S09,Dose Low,Week 2,2026-09-08,Dose Taken
SUB-0525,S09,Dose Low,Week 4,2026-09-22,Dose Taken
SUB-0526,S09,Dose Low,Baseline,2026-04-10,Dose Taken
SUB-0526,S09,Dose Low,Week 2,2026-04-24,Dose Reduced
SUB-0526,S09,Dose Low,Week 4,2026-05-08,Dose Taken
SUB-0526,S09,Dose Low,Week 8,2026-06-05,Dose Taken
SUB-0526,S09,Dose Low,Week 12,2026-07-03,Dose Taken
SUB-0526,S09,Dose Low,Week 16,2026-07-31,Dose Taken
SUB-0526,S09,Dose Low,Week 24,2026-09-25,Dose Taken
SUB-0529,S09,Dose Low,Baseline,2026-09-21,Dose Taken
SUB-0530,S09,Dose High,Baseline,2025-11-01,Dose Taken
SUB-0530,S09,Dose High,Week 2,2025-11-15,Dose Taken
SUB-0530,S09,Dose High,Week 4,2025-11-29,Dose Taken
SUB-0530,S09,Dose High,Week 8,2025-12-27,Dose Taken
SUB-0530,S09,Dose High,Week 12,2026-01-24,Dose Taken
SUB-0530,S09,Dose High,Week 16,2026-02-21,Dose Taken
SUB-0530,S09,Dose High,Week 24,2026-04-18,Dose Held (AE)
SUB-0530,S09,Dose High,Week 36,2026-07-11,Dose Taken
SUB-0531,S09,Dose Low,Baseline,2026-01-30,Dose Held (AE)
SUB-0531,S09,Dose Low,Week 2,2026-02-13,Dose Taken
SUB-0531,S09,Dose Low,Week 4,2026-02-27,Dose Taken
SUB-0531,S09,Dose Low,Week 8,2026-03-27,Dose Taken
SUB-0531,S09,Dose Low,Week 12,2026-04-24,Dose Held (AE)
SUB-0531,S09,Dose Low,Week 16,2026-05-22,Dose Taken
SUB-0531,S09,Dose Low,Week 24,2026-07-17,Dose Taken
SUB-0534,S09,Dose Low,Baseline,2026-09-14,Dose Taken
SUB-0534,S09,Dose Low,Week 2,2026-09-28,Dose Held (AE)
SUB-0536,S09,Dose Low,Baseline,2026-09-26,Dose Taken
SUB-0538,S09,Dose High,Baseline,2025-09-14,Dose Taken
SUB-0538,S09,Dose High,Week 2,2025-09-28,Dose Taken
SUB-0538,S09,Dose High,Week 4,2025-10-12,Dose Taken
SUB-0538,S09,Dose High,Week 8,2025-11-09,Dose Taken
SUB-0538,S09,Dose High,Week 12,2025-12-07,Dose Taken
SUB-0538,S09,Dose High,Week 16,2026-01-04,Dose Reduced
SUB-0538,S09,Dose High,Week 24,2026-03-01,Dose Taken
SUB-0538,S09,Dose High,Week 36,2026-05-24,Dose Taken
SUB-0538,S09,Dose High,Week 52 / EOT,2026-09-13,Dose Taken
SUB-0540,S09,Dose High,Baseline,2026-02-12,Dose Taken
SUB-0540,S09,Dose High,Week 2,2026-02-26,Dose Taken
SUB-0540,S09,Dose High,Week 4,2026-03-12,Dose Taken
SUB-0540,S09,Dose High,Week 8,2026-04-09,Dose Taken
SUB-0540,S09,Dose High,Week 12,2026-05-07,Dose Taken
SUB-0540,S09,Dose High,Week 16,2026-06-04,Dose Taken
SUB-0540,S09,Dose High,Week 24,2026-07-30,Dose Taken
SUB-0545,S09,Dose Low,Baseline,2026-08-04,Dose Taken
SUB-0545,S09,Dose Low,Week 2,2026-08-18,Dose Taken
SUB-0545,S09,Dose Low,Week 4,2026-09-01,Dose Taken
SUB-0545,S09,Dose Low,Week 8,2026-09-29,Dose Taken
SUB-0546,S10,Dose Low,Baseline,2026-08-02,Dose Taken
SUB-0546,S10,Dose Low,Week 2,2026-08-16,Dose Taken
SUB-0546,S10,Dose Low,Week 4,2026-08-30,Dose Taken
SUB-0546,S10,Dose Low,Week 8,2026-09-27,Dose Taken
SUB-0548,S10,Dose Low,Baseline,2025-12-16,Dose Taken
SUB-0548,S10,Dose Low,Week 2,2025-12-30,Dose Taken
SUB-0548,S10,Dose Low,Week 4,2026-01-13,Dose Taken
SUB-0548,S10,Dose Low,Week 8,2026-02-10,Dose Taken
SUB-0548,S10,Dose Low,Week 12,2026-03-10,Dose Held (AE)
SUB-0548,S10,Dose Low,Week 16,2026-04-07,Dose Taken
SUB-0548,S10,Dose Low,Week 24,2026-06-02,Dose Taken
SUB-0548,S10,Dose Low,Week 36,2026-08-25,Dose Missed
SUB-0549,S10,Dose High,Baseline,2026-02-11,Dose Taken
SUB-0549,S10,Dose High,Week 2,2026-02-25,Dose Taken
SUB-0549,S10,Dose High,Week 4,2026-03-11,Dose Taken
SUB-0549,S10,Dose High,Week 8,2026-04-08,Dose Taken
SUB-0549,S10,Dose High,Week 12,2026-05-06,Dose Taken
SUB-0549,S10,Dose High,Week 16,2026-06-03,Dose Taken
SUB-0549,S10,Dose High,Week 24,2026-07-29,Dose Taken
SUB-0550,S10,Dose Low,Baseline,2026-05-17,Dose Taken
SUB-0550,S10,Dose Low,Week 2,2026-05-31,Dose Taken
SUB-0550,S10,Dose Low,Week 4,2026-06-14,Dose Taken
SUB-0550,S10,Dose Low,Week 8,2026-07-12,Dose Taken
SUB-0550,S10,Dose Low,Week 12,2026-08-09,Dose Taken
SUB-0550,S10,Dose Low,Week 16,2026-09-06,Dose Taken
SUB-0552,S10,Dose High,Baseline,2025-09-20,Dose Taken
SUB-0552,S10,Dose High,Week 2,2025-10-04,Dose Taken
SUB-0552,S10,Dose High,Week 4,2025-10-18,Dose Held (AE)
SUB-0552,S10,Dose High,Week 8,2025-11-15,Dose Taken
SUB-0552,S10,Dose High,Week 12,2025-12-13,Dose Taken
SUB-0552,S10,Dose High,Week 16,2026-01-10,Dose Taken
SUB-0552,S10,Dose High,Week 24,2026-03-07,Dose Taken
SUB-0552,S10,Dose High,Week 36,2026-05-30,Dose Taken
SUB-0552,S10,Dose High,Week 52 / EOT,2026-09-19,Dose Taken
SUB-0558,S10,Dose Low,Baseline,2025-11-14,Dose Taken
SUB-0558,S10,Dose Low,Week 2,2025-11-28,Dose Taken
SUB-0558,S10,Dose Low,Week 4,2025-12-12,Dose Taken
SUB-0558,S10,Dose Low,Week 8,2026-01-09,Dose Taken
SUB-0558,S10,Dose Low,Week 12,2026-02-06,Dose Taken
SUB-0558,S10,Dose Low,Week 16,2026-03-06,Dose Taken
SUB-0558,S10,Dose Low,Week 24,2026-05-01,Dose Taken
SUB-0558,S10,Dose Low,Week 36,2026-07-24,Dose Taken
SUB-0559,S10,Dose Low,Baseline,2025-10-27,Dose Taken
SUB-0559,S10,Dose Low,Week 2,2025-11-10,Dose Taken
SUB-0559,S10,Dose Low,Week 4,2025-11-24,Dose Taken
SUB-0559,S10,Dose Low,Week 8,2025-12-22,Dose Taken
SUB-0559,S10,Dose Low,Week 12,2026-01-19,Dose Taken
SUB-0559,S10,Dose Low,Week 16,2026-02-16,Dose Taken
SUB-0559,S10,Dose Low,Week 24,2026-04-13,Dose Taken
SUB-0559,S10,Dose Low,Week 36,2026-07-06,Dose Taken
SUB-0560,S10,Dose Low,Baseline,2026-03-30,Dose Taken
SUB-0560,S10,Dose Low,Week 2,2026-04-13,Dose Taken
SUB-0560,S10,Dose Low,Week 4,2026-04-27,Dose Taken
SUB-0560,S10,Dose Low,Week 8,2026-05-25,Dose Taken
SUB-0560,S10,Dose Low,Week 12,2026-06-22,Dose Taken
SUB-0560,S10,Dose Low,Week 16,2026-07-20,Dose Taken
SUB-0560,S10,Dose Low,Week 24,2026-09-14,Dose Taken
SUB-0564,S10,Dose High,Baseline,2026-09-04,Dose Taken
SUB-0564,S10,Dose High,Week 2,2026-09-18,Dose Taken
SUB-0568,S10,Dose High,Baseline,2026-09-21,Dose Taken
SUB-0569,S10,Dose Low,Baseline,2026-03-25,Dose Taken
SUB-0569,S10,Dose Low,Week 2,2026-04-08,Dose Taken
SUB-0569,S10,Dose Low,Week 4,2026-04-22,Dose Taken
SUB-0569,S10,Dose Low,Week 8,2026-05-20,Dose Taken
SUB-0569,S10,Dose Low,Week 12,2026-06-17,Dose Held (AE)
SUB-0569,S10,Dose Low,Week 16,2026-07-15,Dose Taken
SUB-0569,S10,Dose Low,Week 24,2026-09-09,Dose Taken
SUB-0572,S10,Dose Low,Baseline,2026-03-02,Dose Taken
SUB-0572,S10,Dose Low,Week 2,2026-03-16,Dose Held (AE)
SUB-0572,S10,Dose Low,Week 4,2026-03-30,Dose Held (AE)
SUB-0572,S10,Dose Low,Week 8,2026-04-27,Dose Held (AE)
SUB-0572,S10,Dose Low,Week 12,2026-05-25,Dose Taken
SUB-0572,S10,Dose Low,Week 16,2026-06-22,Dose Taken
SUB-0572,S10,Dose Low,Week 24,2026-08-17,Dose Taken
SUB-0573,S10,Dose High,Baseline,2026-09-26,Dose Taken
SUB-0574,S10,Dose Low,Baseline,2026-09-28,Dose Taken
SUB-0575,S10,Dose High,Baseline,2025-11-09,Dose Taken
SUB-0575,S10,Dose High,Week 2,2025-11-23,Dose Taken
SUB-0575,S10,Dose High,Week 4,2025-12-07,Dose Taken
SUB-0575,S10,Dose High,Week 8,2026-01-04,Dose Taken
SUB-0575,S10,Dose High,Week 12,2026-02-01,Dose Taken
SUB-0575,S10,Dose High,Week 16,2026-03-01,Dose Taken
SUB-0575,S10,Dose High,Week 24,2026-04-26,Dose Taken
SUB-0575,S10,Dose High,Week 36,2026-07-19,Dose Taken
SUB-0576,S10,Dose High,Baseline,2025-10-06,Dose Taken
SUB-0576,S10,Dose High,Week 2,2025-10-20,Dose Taken
SUB-0576,S10,Dose High,Week 4,2025-11-03,Dose Taken
SUB-0576,S10,Dose High,Week 8,2025-12-01,Dose Taken
SUB-0576,S10,Dose High,Week 12,2025-12-29,Dose Taken
SUB-0576,S10,Dose High,Week 16,2026-01-26,Dose Taken
SUB-0576,S10,Dose High,Week 24,2026-03-23,Dose Taken
SUB-0576,S10,Dose High,Week 36,2026-06-15,Dose Taken
SUB-0577,S10,Dose Low,Baseline,2026-02-27,Dose Taken
SUB-0577,S10,Dose Low,Week 2,2026-03-13,Dose Taken
SUB-0577,S10,Dose Low,Week 4,2026-03-27,Dose Taken
SUB-0577,S10,Dose Low,Week 8,2026-04-24,Dose Taken
SUB-0577,S10,Dose Low,Week 12,2026-05-22,Dose Taken
SUB-0577,S10,Dose Low,Week 16,2026-06-19,Dose Taken
SUB-0577,S10,Dose Low,Week 24,2026-08-14,Dose Taken
SUB-0578,S10,Dose Low,Baseline,2025-12-11,Dose Taken
SUB-0578,S10,Dose Low,Week 2,2025-12-25,Dose Taken
SUB-0578,S10,Dose Low,Week 4,2026-01-08,Dose Taken
SUB-0578,S10,Dose Low,Week 8,2026-02-05,Dose Taken
SUB-0578,S10,Dose Low,Week 12,2026-03-05,Dose Taken
SUB-0578,S10,Dose Low,Week 16,2026-04-02,Dose Taken
SUB-0578,S10,Dose Low,Week 24,2026-05-28,Dose Taken
SUB-0578,S10,Dose Low,Week 36,2026-08-20,Dose Taken
SUB-0580,S10,Dose High,Baseline,2026-09-07,Dose Reduced
SUB-0580,S10,Dose High,Week 2,2026-09-21,Dose Taken
SUB-0583,S10,Dose Low,Baseline,2025-10-31,Dose Taken
SUB-0583,S10,Dose Low,Week 2,2025-11-14,Dose Taken
SUB-0583,S10,Dose Low,Week 4,2025-11-28,Dose Taken
SUB-0583,S10,Dose Low,Week 8,2025-12-26,Dose Taken
SUB-0583,S10,Dose Low,Week 12,2026-01-23,Dose Taken
SUB-0583,S10,Dose Low,Week 16,2026-02-20,Dose Taken
SUB-0583,S10,Dose Low,Week 24,2026-04-17,Dose Taken
SUB-0583,S10,Dose Low,Week 36,2026-07-10,Dose Taken
SUB-0584,S10,Dose High,Baseline,2026-09-27,Dose Taken
SUB-0586,S10,Dose Low,Baseline,2025-11-24,Dose Taken
SUB-0586,S10,Dose Low,Week 2,2025-12-08,Dose Taken
SUB-0586,S10,Dose Low,Week 4,2025-12-22,Dose Taken
SUB-0586,S10,Dose Low,Week 8,2026-01-19,Dose Taken
SUB-0586,S10,Dose Low,Week 12,2026-02-16,Dose Taken
SUB-0586,S10,Dose Low,Week 16,2026-03-16,Dose Taken
SUB-0586,S10,Dose Low,Week 24,2026-05-11,Dose Taken
SUB-0586,S10,Dose Low,Week 36,2026-08-03,Dose Taken
SUB-0588,S10,Dose High,Baseline,2026-06-27,Dose Taken
SUB-0588,S10,Dose High,Week 2,2026-07-11,Dose Held (AE)
SUB-0588,S10,Dose High,Week 4,2026-07-25,Dose Taken
SUB-0588,S10,Dose High,Week 8,2026-08-22,Dose Taken
SUB-0588,S10,Dose High,Week 12,2026-09-19,Dose Held (AE)
SUB-0589,S10,Dose High,Baseline,2026-07-15,Dose Held (AE)
SUB-0589,S10,Dose High,Week 2,2026-07-29,Dose Taken
SUB-0589,S10,Dose High,Week 4,2026-08-12,Dose Taken
SUB-0589,S10,Dose High,Week 8,2026-09-09,Dose Taken
SUB-0590,S10,Dose Low,Baseline,2026-03-14,Dose Taken
SUB-0590,S10,Dose Low,Week 2,2026-03-28,Dose Taken
SUB-0590,S10,Dose Low,Week 4,2026-04-11,Dose Taken
SUB-0590,S10,Dose Low,Week 8,2026-05-09,Dose Taken
SUB-0590,S10,Dose Low,Week 12,2026-06-06,Dose Taken
SUB-0590,S10,Dose Low,Week 16,2026-07-04,Dose Held (AE)
SUB-0590,S10,Dose Low,Week 24,2026-08-29,Dose Taken
SUB-0591,S10,Dose Low,Baseline,2025-09-17,Dose Taken
SUB-0591,S10,Dose Low,Week 2,2025-10-01,Dose Held (AE)
SUB-0591,S10,Dose Low,Week 4,2025-10-15,Dose Taken
SUB-0591,S10,Dose Low,Week 8,2025-11-12,Dose Taken
SUB-0591,S10,Dose Low,Week 12,2025-12-10,Dose Taken
SUB-0591,S10,Dose Low,Week 16,2026-01-07,Dose Taken
SUB-0591,S10,Dose Low,Week 24,2026-03-04,Dose Taken
SUB-0591,S10,Dose Low,Week 36,2026-05-27,Dose Reduced
SUB-0591,S10,Dose Low,Week 52 / EOT,2026-09-16,Dose Taken
SUB-0593,S10,Dose Low,Baseline,2026-09-23,Dose Taken
SUB-0595,S10,Dose High,Baseline,2025-12-02,Dose Taken
SUB-0595,S10,Dose High,Week 2,2025-12-16,Dose Taken
SUB-0595,S10,Dose High,Week 4,2025-12-30,Dose Taken
SUB-0595,S10,Dose High,Week 8,2026-01-27,Dose Taken
SUB-0595,S10,Dose High,Week 12,2026-02-24,Dose Taken
SUB-0595,S10,Dose High,Week 16,2026-03-24,Dose Taken
SUB-0595,S10,Dose High,Week 24,2026-05-19,Dose Taken
SUB-0595,S10,Dose High,Week 36,2026-08-11,Dose Taken
SUB-0596,S10,Dose Low,Baseline,2025-06-27,Dose Taken
SUB-0596,S10,Dose Low,Week 2,2025-07-11,Dose Held (AE)
SUB-0596,S10,Dose Low,Week 4,2025-07-25,Dose Taken
SUB-0596,S10,Dose Low,Week 8,2025-08-22,Dose Taken
SUB-0596,S10,Dose Low,Week 12,2025-09-19,Dose Taken
SUB-0596,S10,Dose Low,Week 16,2025-10-17,Dose Taken
SUB-0596,S10,Dose Low,Week 24,2025-12-12,Dose Taken
SUB-0596,S10,Dose Low,Week 36,2026-03-06,Dose Taken
SUB-0596,S10,Dose Low,Week 52 / EOT,2026-06-26,Dose Taken
SUB-0597,S10,Dose Low,Baseline,2026-09-25,Dose Reduced
SUB-0598,S10,Dose High,Baseline,2025-11-28,Dose Taken
SUB-0598,S10,Dose High,Week 2,2025-12-12,Dose Taken
SUB-0598,S10,Dose High,Week 4,2025-12-26,Dose Taken
SUB-0598,S10,Dose High,Week 8,2026-01-23,Dose Taken
SUB-0598,S10,Dose High,Week 12,2026-02-20,Dose Held (AE)
SUB-0598,S10,Dose High,Week 16,2026-03-20,Dose Taken
SUB-0598,S10,Dose High,Week 24,2026-05-15,Dose Taken
SUB-0598,S10,Dose High,Week 36,2026-08-07,Dose Held (AE)
SUB-0599,S10,Dose High,Baseline,2025-11-03,Dose Taken
SUB-0599,S10,Dose High,Week 2,2025-11-17,Dose Taken
SUB-0599,S10,Dose High,Week 4,2025-12-01,Dose Taken
SUB-0599,S10,Dose High,Week 8,2025-12-29,Dose Taken
SUB-0599,S10,Dose High,Week 12,2026-01-26,Dose Taken
SUB-0599,S10,Dose High,Week 16,2026-02-23,Dose Held (AE)
SUB-0599,S10,Dose High,Week 24,2026-04-20,Dose Taken
SUB-0599,S10,Dose High,Week 36,2026-07-13,Dose Taken
SUB-0600,S10,Dose Low,Baseline,2026-03-04,Dose Taken
SUB-0600,S10,Dose Low,Week 2,2026-03-18,Dose Taken
SUB-0600,S10,Dose Low,Week 4,2026-04-01,Dose Taken
SUB-0600,S10,Dose Low,Week 8,2026-04-29,Dose Taken
SUB-0600,S10,Dose Low,Week 12,2026-05-27,Dose Taken
SUB-0600,S10,Dose Low,Week 16,2026-06-24,Dose Taken
SUB-0600,S10,Dose Low,Week 24,2026-08-19,Dose Taken
SUB-0607,S11,Dose Low,Baseline,2026-06-30,Dose Taken
SUB-0607,S11,Dose Low,Week 2,2026-07-14,Dose Taken
SUB-0607,S11,Dose Low,Week 4,2026-07-28,Dose Taken
SUB-0607,S11,Dose Low,Week 8,2026-08-25,Dose Taken
SUB-0607,S11,Dose Low,Week 12,2026-09-22,Dose Taken
SUB-0608,S11,Dose Low,Baseline,2025-07-09,Dose Taken
SUB-0608,S11,Dose Low,Week 2,2025-07-23,Dose Taken
SUB-0608,S11,Dose Low,Week 4,2025-08-06,Dose Taken
SUB-0608,S11,Dose Low,Week 8,2025-09-03,Dose Taken
SUB-0608,S11,Dose Low,Week 12,2025-10-01,Dose Taken
SUB-0608,S11,Dose Low,Week 16,2025-10-29,Dose Held (AE)
SUB-0608,S11,Dose Low,Week 24,2025-12-24,Dose Taken
SUB-0608,S11,Dose Low,Week 36,2026-03-18,Dose Taken
SUB-0608,S11,Dose Low,Week 52 / EOT,2026-07-08,Dose Taken
SUB-0611,S11,Dose High,Baseline,2026-08-21,Dose Taken
SUB-0611,S11,Dose High,Week 2,2026-09-04,Dose Taken
SUB-0611,S11,Dose High,Week 4,2026-09-18,Dose Taken
SUB-0614,S11,Dose Low,Baseline,2025-08-02,Dose Taken
SUB-0614,S11,Dose Low,Week 2,2025-08-16,Dose Taken
SUB-0614,S11,Dose Low,Week 4,2025-08-30,Dose Taken
SUB-0614,S11,Dose Low,Week 8,2025-09-27,Dose Taken
SUB-0614,S11,Dose Low,Week 12,2025-10-25,Dose Taken
SUB-0614,S11,Dose Low,Week 16,2025-11-22,Dose Taken
SUB-0614,S11,Dose Low,Week 24,2026-01-17,Dose Taken
SUB-0614,S11,Dose Low,Week 36,2026-04-11,Dose Taken
SUB-0614,S11,Dose Low,Week 52 / EOT,2026-08-01,Dose Taken
SUB-0615,S11,Dose High,Baseline,2026-07-07,Dose Taken
SUB-0615,S11,Dose High,Week 2,2026-07-21,Dose Taken
SUB-0615,S11,Dose High,Week 4,2026-08-04,Dose Taken
SUB-0615,S11,Dose High,Week 8,2026-09-01,Dose Taken
SUB-0615,S11,Dose High,Week 12,2026-09-29,Dose Taken
SUB-0616,S11,Dose High,Baseline,2025-10-20,Dose Taken
SUB-0616,S11,Dose High,Week 2,2025-11-03,Dose Held (AE)
SUB-0616,S11,Dose High,Week 4,2025-11-17,Dose Taken
SUB-0616,S11,Dose High,Week 8,2025-12-15,Dose Taken
SUB-0616,S11,Dose High,Week 12,2026-01-12,Dose Taken
SUB-0616,S11,Dose High,Week 16,2026-02-09,Dose Taken
SUB-0616,S11,Dose High,Week 24,2026-04-06,Dose Taken
SUB-0616,S11,Dose High,Week 36,2026-06-29,Dose Held (AE)
SUB-0617,S11,Dose Low,Baseline,2026-09-09,Dose Taken
SUB-0617,S11,Dose Low,Week 2,2026-09-23,Dose Taken
SUB-0618,S11,Dose Low,Baseline,2026-04-04,Dose Taken
SUB-0618,S11,Dose Low,Week 2,2026-04-18,Dose Taken
SUB-0618,S11,Dose Low,Week 4,2026-05-02,Dose Taken
SUB-0618,S11,Dose Low,Week 8,2026-05-30,Dose Reduced
SUB-0618,S11,Dose Low,Week 12,2026-06-27,Dose Taken
SUB-0618,S11,Dose Low,Week 16,2026-07-25,Dose Taken
SUB-0618,S11,Dose Low,Week 24,2026-09-19,Dose Taken
SUB-0620,S11,Dose High,Baseline,2025-08-24,Dose Taken
SUB-0620,S11,Dose High,Week 2,2025-09-07,Dose Taken
SUB-0620,S11,Dose High,Week 4,2025-09-21,Dose Reduced
SUB-0620,S11,Dose High,Week 8,2025-10-19,Dose Taken
SUB-0620,S11,Dose High,Week 12,2025-11-16,Dose Taken
SUB-0620,S11,Dose High,Week 16,2025-12-14,Dose Taken
SUB-0620,S11,Dose High,Week 24,2026-02-08,Dose Taken
SUB-0620,S11,Dose High,Week 36,2026-05-03,Dose Taken
SUB-0620,S11,Dose High,Week 52 / EOT,2026-08-23,Dose Taken
SUB-0622,S11,Dose High,Baseline,2026-09-23,Dose Taken
SUB-0624,S11,Dose Low,Baseline,2026-03-03,Dose Taken
SUB-0624,S11,Dose Low,Week 2,2026-03-17,Dose Taken
SUB-0624,S11,Dose Low,Week 4,2026-03-31,Dose Taken
SUB-0624,S11,Dose Low,Week 8,2026-04-28,Dose Taken
SUB-0624,S11,Dose Low,Week 12,2026-05-26,Dose Taken
SUB-0624,S11,Dose Low,Week 16,2026-06-23,Dose Taken
SUB-0624,S11,Dose Low,Week 24,2026-08-18,Dose Taken
SUB-0625,S11,Dose Low,Baseline,2026-04-08,Dose Taken
SUB-0625,S11,Dose Low,Week 2,2026-04-22,Dose Reduced
SUB-0625,S11,Dose Low,Week 4,2026-05-06,Dose Taken
SUB-0625,S11,Dose Low,Week 8,2026-06-03,Dose Taken
SUB-0625,S11,Dose Low,Week 12,2026-07-01,Dose Missed
SUB-0625,S11,Dose Low,Week 16,2026-07-29,Dose Reduced
SUB-0625,S11,Dose Low,Week 24,2026-09-23,Dose Taken
SUB-0626,S11,Dose High,Baseline,2025-10-15,Dose Taken
SUB-0626,S11,Dose High,Week 2,2025-10-29,Dose Taken
SUB-0626,S11,Dose High,Week 4,2025-11-12,Dose Taken
SUB-0626,S11,Dose High,Week 8,2025-12-10,Dose Taken
SUB-0626,S11,Dose High,Week 12,2026-01-07,Dose Taken
SUB-0626,S11,Dose High,Week 16,2026-02-04,Dose Taken
SUB-0626,S11,Dose High,Week 24,2026-04-01,Dose Taken
SUB-0626,S11,Dose High,Week 36,2026-06-24,Dose Taken
SUB-0628,S11,Dose Low,Baseline,2026-09-27,Dose Held (AE)
SUB-0630,S11,Dose Low,Baseline,2026-09-20,Dose Taken
SUB-0632,S11,Dose High,Baseline,2026-03-31,Dose Taken
SUB-0632,S11,Dose High,Week 2,2026-04-14,Dose Reduced
SUB-0632,S11,Dose High,Week 4,2026-04-28,Dose Taken
SUB-0632,S11,Dose High,Week 8,2026-05-26,Dose Taken
SUB-0632,S11,Dose High,Week 12,2026-06-23,Dose Taken
SUB-0632,S11,Dose High,Week 16,2026-07-21,Dose Taken
SUB-0632,S11,Dose High,Week 24,2026-09-15,Dose Taken
SUB-0633,S11,Dose Low,Baseline,2026-05-10,Dose Reduced
SUB-0633,S11,Dose Low,Week 2,2026-05-24,Dose Taken
SUB-0633,S11,Dose Low,Week 4,2026-06-07,Dose Taken
SUB-0633,S11,Dose Low,Week 8,2026-07-05,Dose Missed
SUB-0633,S11,Dose Low,Week 12,2026-08-02,Dose Taken
SUB-0633,S11,Dose Low,Week 16,2026-08-30,Dose Taken
SUB-0634,S11,Dose Low,Baseline,2026-02-13,Dose Taken
SUB-0634,S11,Dose Low,Week 2,2026-02-27,Dose Taken
SUB-0634,S11,Dose Low,Week 4,2026-03-13,Dose Taken
SUB-0634,S11,Dose Low,Week 8,2026-04-10,Dose Taken
SUB-0634,S11,Dose Low,Week 12,2026-05-08,Dose Taken
SUB-0634,S11,Dose Low,Week 16,2026-06-05,Dose Taken
SUB-0634,S11,Dose Low,Week 24,2026-07-31,Dose Taken
SUB-0636,S11,Dose High,Baseline,2025-07-11,Dose Taken
SUB-0636,S11,Dose High,Week 2,2025-07-25,Dose Taken
SUB-0636,S11,Dose High,Week 4,2025-08-08,Dose Taken
SUB-0636,S11,Dose High,Week 8,2025-09-05,Dose Taken
SUB-0636,S11,Dose High,Week 12,2025-10-03,Dose Taken
SUB-0636,S11,Dose High,Week 16,2025-10-31,Dose Taken
SUB-0636,S11,Dose High,Week 24,2025-12-26,Dose Taken
SUB-0636,S11,Dose High,Week 36,2026-03-20,Dose Held (AE)
SUB-0636,S11,Dose High,Week 52 / EOT,2026-07-10,Dose Taken
SUB-0638,S11,Dose Low,Baseline,2026-06-16,Dose Taken
SUB-0638,S11,Dose Low,Week 2,2026-06-30,Dose Taken
SUB-0638,S11,Dose Low,Week 4,2026-07-14,Dose Taken
SUB-0638,S11,Dose Low,Week 8,2026-08-11,Dose Taken
SUB-0638,S11,Dose Low,Week 12,2026-09-08,Dose Taken
SUB-0640,S11,Dose Low,Baseline,2025-10-10,Dose Taken
SUB-0640,S11,Dose Low,Week 2,2025-10-24,Dose Taken
SUB-0640,S11,Dose Low,Week 4,2025-11-07,Dose Taken
SUB-0640,S11,Dose Low,Week 8,2025-12-05,Dose Taken
SUB-0640,S11,Dose Low,Week 12,2026-01-02,Dose Taken
SUB-0640,S11,Dose Low,Week 16,2026-01-30,Dose Taken
SUB-0640,S11,Dose Low,Week 24,2026-03-27,Dose Taken
SUB-0640,S11,Dose Low,Week 36,2026-06-19,Dose Taken
SUB-0643,S11,Dose High,Baseline,2026-05-28,Dose Taken
SUB-0643,S11,Dose High,Week 2,2026-06-11,Dose Taken
SUB-0643,S11,Dose High,Week 4,2026-06-25,Dose Taken
SUB-0643,S11,Dose High,Week 8,2026-07-23,Dose Taken
SUB-0643,S11,Dose High,Week 12,2026-08-20,Dose Taken
SUB-0643,S11,Dose High,Week 16,2026-09-17,Dose Taken
SUB-0644,S11,Dose High,Baseline,2026-06-07,Dose Taken
SUB-0644,S11,Dose High,Week 2,2026-06-21,Dose Taken
SUB-0644,S11,Dose High,Week 4,2026-07-05,Dose Taken
SUB-0644,S11,Dose High,Week 8,2026-08-02,Dose Reduced
SUB-0644,S11,Dose High,Week 12,2026-08-30,Dose Reduced
SUB-0644,S11,Dose High,Week 16,2026-09-27,Dose Taken
SUB-0646,S11,Dose High,Baseline,2026-07-07,Dose Taken
SUB-0646,S11,Dose High,Week 2,2026-07-21,Dose Taken
SUB-0646,S11,Dose High,Week 4,2026-08-04,Dose Taken
SUB-0646,S11,Dose High,Week 8,2026-09-01,Dose Taken
SUB-0646,S11,Dose High,Week 12,2026-09-29,Dose Taken
SUB-0647,S11,Dose High,Baseline,2025-06-20,Dose Taken
SUB-0647,S11,Dose High,Week 2,2025-07-04,Dose Reduced
SUB-0647,S11,Dose High,Week 4,2025-07-18,Dose Taken
SUB-0647,S11,Dose High,Week 8,2025-08-15,Dose Taken
SUB-0647,S11,Dose High,Week 12,2025-09-12,Dose Taken
SUB-0647,S11,Dose High,Week 16,2025-10-10,Dose Taken
SUB-0647,S11,Dose High,Week 24,2025-12-05,Dose Reduced
SUB-0647,S11,Dose High,Week 36,2026-02-27,Dose Reduced
SUB-0647,S11,Dose High,Week 52 / EOT,2026-06-19,Dose Taken
SUB-0648,S11,Dose High,Baseline,2026-08-10,Dose Taken
SUB-0648,S11,Dose High,Week 2,2026-08-24,Dose Taken
SUB-0648,S11,Dose High,Week 4,2026-09-07,Dose Taken
SUB-0650,S11,Dose High,Baseline,2026-09-11,Dose Taken
SUB-0650,S11,Dose High,Week 2,2026-09-25,Dose Taken
SUB-0652,S11,Dose Low,Baseline,2026-06-27,Dose Taken
SUB-0652,S11,Dose Low,Week 2,2026-07-11,Dose Taken
SUB-0652,S11,Dose Low,Week 4,2026-07-25,Dose Taken
SUB-0652,S11,Dose Low,Week 8,2026-08-22,Dose Taken
SUB-0652,S11,Dose Low,Week 12,2026-09-19,Dose Taken
SUB-0662,S11,Dose High,Baseline,2025-08-15,Dose Taken
SUB-0662,S11,Dose High,Week 2,2025-08-29,Dose Taken
SUB-0662,S11,Dose High,Week 4,2025-09-12,Dose Missed
SUB-0662,S11,Dose High,Week 8,2025-10-10,Dose Taken
SUB-0662,S11,Dose High,Week 12,2025-11-07,Dose Taken
SUB-0662,S11,Dose High,Week 16,2025-12-05,Dose Taken
SUB-0662,S11,Dose High,Week 24,2026-01-30,Dose Taken
SUB-0662,S11,Dose High,Week 36,2026-04-24,Dose Taken
SUB-0662,S11,Dose High,Week 52 / EOT,2026-08-14,Dose Taken
SUB-0663,S11,Dose Low,Baseline,2026-04-02,Dose Taken
SUB-0663,S11,Dose Low,Week 2,2026-04-16,Dose Taken
SUB-0663,S11,Dose Low,Week 4,2026-04-30,Dose Taken
SUB-0663,S11,Dose Low,Week 8,2026-05-28,Dose Taken
SUB-0663,S11,Dose Low,Week 12,2026-06-25,Dose Taken
SUB-0663,S11,Dose Low,Week 16,2026-07-23,Dose Taken
SUB-0663,S11,Dose Low,Week 24,2026-09-17,Dose Taken
SUB-0665,S11,Dose Low,Baseline,2026-09-29,Dose Taken
SUB-0667,S11,Dose High,Baseline,2025-11-09,Dose Taken
SUB-0667,S11,Dose High,Week 2,2025-11-23,Dose Taken
SUB-0667,S11,Dose High,Week 4,2025-12-07,Dose Taken
SUB-0667,S11,Dose High,Week 8,2026-01-04,Dose Held (AE)
SUB-0667,S11,Dose High,Week 12,2026-02-01,Dose Taken
SUB-0667,S11,Dose High,Week 16,2026-03-01,Dose Taken
SUB-0667,S11,Dose High,Week 24,2026-04-26,Dose Taken
SUB-0667,S11,Dose High,Week 36,2026-07-19,Dose Taken
SUB-0668,S12,Dose High,Baseline,2026-08-04,Dose Held (AE)
SUB-0668,S12,Dose High,Week 2,2026-08-18,Dose Taken
SUB-0668,S12,Dose High,Week 4,2026-09-01,Dose Taken
SUB-0668,S12,Dose High,Week 8,2026-09-29,Dose Taken
SUB-0669,S12,Dose High,Baseline,2025-12-07,Dose Taken
SUB-0669,S12,Dose High,Week 2,2025-12-21,Dose Taken
SUB-0669,S12,Dose High,Week 4,2026-01-04,Dose Taken
SUB-0669,S12,Dose High,Week 8,2026-02-01,Dose Taken
SUB-0669,S12,Dose High,Week 12,2026-03-01,Dose Taken
SUB-0669,S12,Dose High,Week 16,2026-03-29,Dose Taken
SUB-0669,S12,Dose High,Week 24,2026-05-24,Dose Taken
SUB-0669,S12,Dose High,Week 36,2026-08-16,Dose Taken
SUB-0670,S12,Dose Low,Baseline,2026-09-17,Dose Taken
SUB-0673,S12,Dose Low,Baseline,2026-06-27,Dose Taken
SUB-0673,S12,Dose Low,Week 2,2026-07-11,Dose Taken
SUB-0673,S12,Dose Low,Week 4,2026-07-25,Dose Taken
SUB-0673,S12,Dose Low,Week 8,2026-08-22,Dose Taken
SUB-0673,S12,Dose Low,Week 12,2026-09-19,Dose Taken
SUB-0676,S12,Dose High,Baseline,2026-03-19,Dose Taken
SUB-0676,S12,Dose High,Week 2,2026-04-02,Dose Taken
SUB-0676,S12,Dose High,Week 4,2026-04-16,Dose Taken
SUB-0676,S12,Dose High,Week 8,2026-05-14,Dose Taken
SUB-0676,S12,Dose High,Week 12,2026-06-11,Dose Taken
SUB-0676,S12,Dose High,Week 16,2026-07-09,Dose Taken
SUB-0676,S12,Dose High,Week 24,2026-09-03,Dose Taken
SUB-0678,S12,Dose High,Baseline,2025-09-04,Dose Taken
SUB-0678,S12,Dose High,Week 2,2025-09-18,Dose Taken
SUB-0678,S12,Dose High,Week 4,2025-10-02,Dose Taken
SUB-0678,S12,Dose High,Week 8,2025-10-30,Dose Taken
SUB-0678,S12,Dose High,Week 12,2025-11-27,Dose Taken
SUB-0678,S12,Dose High,Week 16,2025-12-25,Dose Taken
SUB-0678,S12,Dose High,Week 24,2026-02-19,Dose Taken
SUB-0678,S12,Dose High,Week 36,2026-05-14,Dose Taken
SUB-0678,S12,Dose High,Week 52 / EOT,2026-09-03,Dose Taken
SUB-0680,S12,Dose Low,Baseline,2026-02-03,Dose Taken
SUB-0680,S12,Dose Low,Week 2,2026-02-17,Dose Taken
SUB-0680,S12,Dose Low,Week 4,2026-03-03,Dose Taken
SUB-0680,S12,Dose Low,Week 8,2026-03-31,Dose Taken
SUB-0680,S12,Dose Low,Week 12,2026-04-28,Dose Taken
SUB-0680,S12,Dose Low,Week 16,2026-05-26,Dose Taken
SUB-0680,S12,Dose Low,Week 24,2026-07-21,Dose Taken
SUB-0683,S12,Dose High,Baseline,2025-09-13,Dose Missed
SUB-0683,S12,Dose High,Week 2,2025-09-27,Dose Taken
SUB-0683,S12,Dose High,Week 4,2025-10-11,Dose Taken
SUB-0683,S12,Dose High,Week 8,2025-11-08,Dose Taken
SUB-0683,S12,Dose High,Week 12,2025-12-06,Dose Taken
SUB-0683,S12,Dose High,Week 16,2026-01-03,Dose Taken
SUB-0683,S12,Dose High,Week 24,2026-02-28,Dose Taken
SUB-0683,S12,Dose High,Week 36,2026-05-23,Dose Reduced
SUB-0683,S12,Dose High,Week 52 / EOT,2026-09-12,Dose Taken
SUB-0684,S12,Dose Low,Baseline,2026-02-09,Dose Taken
SUB-0684,S12,Dose Low,Week 2,2026-02-23,Dose Taken
SUB-0684,S12,Dose Low,Week 4,2026-03-09,Dose Taken
SUB-0684,S12,Dose Low,Week 8,2026-04-06,Dose Reduced
SUB-0684,S12,Dose Low,Week 12,2026-05-04,Dose Taken
SUB-0684,S12,Dose Low,Week 16,2026-06-01,Dose Taken
SUB-0684,S12,Dose Low,Week 24,2026-07-27,Dose Held (AE)
SUB-0688,S12,Dose High,Baseline,2025-12-30,Dose Missed
SUB-0688,S12,Dose High,Week 2,2026-01-13,Dose Taken
SUB-0688,S12,Dose High,Week 4,2026-01-27,Dose Taken
SUB-0688,S12,Dose High,Week 8,2026-02-24,Dose Taken
SUB-0688,S12,Dose High,Week 12,2026-03-24,Dose Taken
SUB-0688,S12,Dose High,Week 16,2026-04-21,Dose Taken
SUB-0688,S12,Dose High,Week 24,2026-06-16,Dose Taken
SUB-0688,S12,Dose High,Week 36,2026-09-08,Dose Taken
SUB-0695,S12,Dose Low,Baseline,2026-08-22,Dose Taken
SUB-0695,S12,Dose Low,Week 2,2026-09-05,Dose Held (AE)
SUB-0695,S12,Dose Low,Week 4,2026-09-19,Dose Taken
SUB-0698,S12,Dose Low,Baseline,2026-09-05,Dose Taken
SUB-0698,S12,Dose Low,Week 2,2026-09-19,Dose Reduced
SUB-0699,S12,Dose High,Baseline,2026-03-02,Dose Taken
SUB-0699,S12,Dose High,Week 2,2026-03-16,Dose Taken
SUB-0699,S12,Dose High,Week 4,2026-03-30,Dose Reduced
SUB-0699,S12,Dose High,Week 8,2026-04-27,Dose Taken
SUB-0699,S12,Dose High,Week 12,2026-05-25,Dose Taken
SUB-0699,S12,Dose High,Week 16,2026-06-22,Dose Taken
SUB-0699,S12,Dose High,Week 24,2026-08-17,Dose Taken
SUB-0700,S12,Dose High,Baseline,2026-01-16,Dose Taken
SUB-0700,S12,Dose High,Week 2,2026-01-30,Dose Taken
SUB-0700,S12,Dose High,Week 4,2026-02-13,Dose Taken
SUB-0700,S12,Dose High,Week 8,2026-03-13,Dose Taken
SUB-0700,S12,Dose High,Week 12,2026-04-10,Dose Taken
SUB-0700,S12,Dose High,Week 16,2026-05-08,Dose Reduced
SUB-0700,S12,Dose High,Week 24,2026-07-03,Dose Taken
SUB-0700,S12,Dose High,Week 36,2026-09-25,Dose Taken
SUB-0701,S12,Dose High,Baseline,2025-10-11,Dose Taken
SUB-0701,S12,Dose High,Week 2,2025-10-25,Dose Taken
SUB-0701,S12,Dose High,Week 4,2025-11-08,Dose Taken
SUB-0701,S12,Dose High,Week 8,2025-12-06,Dose Taken
SUB-0701,S12,Dose High,Week 12,2026-01-03,Dose Taken
SUB-0701,S12,Dose High,Week 16,2026-01-31,Dose Taken
SUB-0701,S12,Dose High,Week 24,2026-03-28,Dose Taken
SUB-0701,S12,Dose High,Week 36,2026-06-20,Dose Taken
SUB-0703,S12,Dose Low,Baseline,2025-12-30,Dose Taken
SUB-0703,S12,Dose Low,Week 2,2026-01-13,Dose Taken
SUB-0703,S12,Dose Low,Week 4,2026-01-27,Dose Taken
SUB-0703,S12,Dose Low,Week 8,2026-02-24,Dose Taken
SUB-0703,S12,Dose Low,Week 12,2026-03-24,Dose Taken
SUB-0703,S12,Dose Low,Week 16,2026-04-21,Dose Taken
SUB-0703,S12,Dose Low,Week 24,2026-06-16,Dose Taken
SUB-0703,S12,Dose Low,Week 36,2026-09-08,Dose Taken
SUB-0705,S12,Dose High,Baseline,2026-09-21,Dose Taken
SUB-0706,S12,Dose Low,Baseline,2026-04-15,Dose Taken
SUB-0706,S12,Dose Low,Week 2,2026-04-29,Dose Taken
SUB-0706,S12,Dose Low,Week 4,2026-05-13,Dose Taken
SUB-0706,S12,Dose Low,Week 8,2026-06-10,Dose Taken
SUB-0706,S12,Dose Low,Week 12,2026-07-08,Dose Missed
SUB-0706,S12,Dose Low,Week 16,2026-08-05,Dose Taken
SUB-0706,S12,Dose Low,Week 24,2026-09-30,Dose Taken
SUB-0707,S12,Dose Low,Baseline,2026-09-21,Dose Taken
SUB-0708,S12,Dose High,Baseline,2025-12-17,Dose Taken
SUB-0708,S12,Dose High,Week 2,2025-12-31,Dose Taken
SUB-0708,S12,Dose High,Week 4,2026-01-14,Dose Taken
SUB-0708,S12,Dose High,Week 8,2026-02-11,Dose Taken
SUB-0708,S12,Dose High,Week 12,2026-03-11,Dose Taken
SUB-0708,S12,Dose High,Week 16,2026-04-08,Dose Taken
SUB-0708,S12,Dose High,Week 24,2026-06-03,Dose Taken
SUB-0708,S12,Dose High,Week 36,2026-08-26,Dose Held (AE)
SUB-0712,S12,Dose High,Baseline,2025-09-08,Dose Taken
SUB-0712,S12,Dose High,Week 2,2025-09-22,Dose Taken
SUB-0712,S12,Dose High,Week 4,2025-10-06,Dose Taken
SUB-0712,S12,Dose High,Week 8,2025-11-03,Dose Taken
SUB-0712,S12,Dose High,Week 12,2025-12-01,Dose Missed
SUB-0712,S12,Dose High,Week 16,2025-12-29,Dose Taken
SUB-0712,S12,Dose High,Week 24,2026-02-23,Dose Taken
SUB-0712,S12,Dose High,Week 36,2026-05-18,Dose Taken
SUB-0712,S12,Dose High,Week 52 / EOT,2026-09-07,Dose Taken
SUB-0713,S12,Dose Low,Baseline,2025-09-14,Dose Taken
SUB-0713,S12,Dose Low,Week 2,2025-09-28,Dose Taken
SUB-0713,S12,Dose Low,Week 4,2025-10-12,Dose Taken
SUB-0713,S12,Dose Low,Week 8,2025-11-09,Dose Taken
SUB-0713,S12,Dose Low,Week 12,2025-12-07,Dose Taken
SUB-0713,S12,Dose Low,Week 16,2026-01-04,Dose Taken
SUB-0713,S12,Dose Low,Week 24,2026-03-01,Dose Taken
SUB-0713,S12,Dose Low,Week 36,2026-05-24,Dose Taken
SUB-0713,S12,Dose Low,Week 52 / EOT,2026-09-13,Dose Taken
SUB-0716,S12,Dose High,Baseline,2026-09-23,Dose Taken
SUB-0717,S12,Dose Low,Baseline,2026-01-21,Dose Taken
SUB-0717,S12,Dose Low,Week 2,2026-02-04,Dose Taken
SUB-0717,S12,Dose Low,Week 4,2026-02-18,Dose Taken
SUB-0717,S12,Dose Low,Week 8,2026-03-18,Dose Taken
SUB-0717,S12,Dose Low,Week 12,2026-04-15,Dose Taken
SUB-0717,S12,Dose Low,Week 16,2026-05-13,Dose Taken
SUB-0717,S12,Dose Low,Week 24,2026-07-08,Dose Taken
SUB-0717,S12,Dose Low,Week 36,2026-09-30,Dose Taken
SUB-0719,S12,Dose High,Baseline,2026-09-26,Dose Taken
SUB-0720,S12,Dose High,Baseline,2026-01-23,Dose Taken
SUB-0720,S12,Dose High,Week 2,2026-02-06,Dose Taken
SUB-0720,S12,Dose High,Week 4,2026-02-20,Dose Taken
SUB-0720,S12,Dose High,Week 8,2026-03-20,Dose Taken
SUB-0720,S12,Dose High,Week 12,2026-04-17,Dose Taken
SUB-0720,S12,Dose High,Week 16,2026-05-15,Dose Taken
SUB-0720,S12,Dose High,Week 24,2026-07-10,Dose Taken
SUB-0721,S12,Dose Low,Baseline,2026-03-22,Dose Taken
SUB-0721,S12,Dose Low,Week 2,2026-04-05,Dose Taken
SUB-0721,S12,Dose Low,Week 4,2026-04-19,Dose Taken
SUB-0721,S12,Dose Low,Week 8,2026-05-17,Dose Taken
SUB-0721,S12,Dose Low,Week 12,2026-06-14,Dose Taken
SUB-0721,S12,Dose Low,Week 16,2026-07-12,Dose Taken
SUB-0721,S12,Dose Low,Week 24,2026-09-06,Dose Taken
SUB-0723,S12,Dose High,Baseline,2026-08-18,Dose Taken
SUB-0723,S12,Dose High,Week 2,2026-09-01,Dose Held (AE)
SUB-0723,S12,Dose High,Week 4,2026-09-15,Dose Taken
SUB-0724,S12,Dose High,Baseline,2026-09-13,Dose Taken
SUB-0724,S12,Dose High,Week 2,2026-09-27,Dose Taken
SUB-0728,S12,Dose Low,Baseline,2025-10-03,Dose Taken
SUB-0728,S12,Dose Low,Week 2,2025-10-17,Dose Taken
SUB-0728,S12,Dose Low,Week 4,2025-10-31,Dose Taken
SUB-0728,S12,Dose Low,Week 8,2025-11-28,Dose Taken
SUB-0728,S12,Dose Low,Week 12,2025-12-26,Dose Taken
SUB-0728,S12,Dose Low,Week 16,2026-01-23,Dose Taken
SUB-0728,S12,Dose Low,Week 24,2026-03-20,Dose Taken
SUB-0728,S12,Dose Low,Week 36,2026-06-12,Dose Taken
SUB-0731,S12,Dose Low,Baseline,2025-09-09,Dose Taken
SUB-0731,S12,Dose Low,Week 2,2025-09-23,Dose Taken
SUB-0731,S12,Dose Low,Week 4,2025-10-07,Dose Taken
SUB-0731,S12,Dose Low,Week 8,2025-11-04,Dose Taken
SUB-0731,S12,Dose Low,Week 12,2025-12-02,Dose Taken
SUB-0731,S12,Dose Low,Week 16,2025-12-30,Dose Taken
SUB-0731,S12,Dose Low,Week 24,2026-02-24,Dose Taken
SUB-0731,S12,Dose Low,Week 36,2026-05-19,Dose Taken
SUB-0731,S12,Dose Low,Week 52 / EOT,2026-09-08,Dose Taken
SUB-0732,S12,Dose Low,Baseline,2026-04-16,Dose Taken
SUB-0732,S12,Dose Low,Week 2,2026-04-30,Dose Taken
SUB-0732,S12,Dose Low,Week 4,2026-05-14,Dose Taken
SUB-0732,S12,Dose Low,Week 8,2026-06-11,Dose Taken
SUB-0732,S12,Dose Low,Week 12,2026-07-09,Dose Taken
SUB-0732,S12,Dose Low,Week 16,2026-08-06,Dose Taken
SUB-0734,S13,Dose High,Baseline,2026-09-09,Dose Taken
SUB-0734,S13,Dose High,Week 2,2026-09-23,Dose Taken
SUB-0735,S13,Dose Low,Baseline,2026-04-23,Dose Taken
SUB-0735,S13,Dose Low,Week 2,2026-05-07,Dose Taken
SUB-0735,S13,Dose Low,Week 4,2026-05-21,Dose Taken
SUB-0735,S13,Dose Low,Week 8,2026-06-18,Dose Taken
SUB-0735,S13,Dose Low,Week 12,2026-07-16,Dose Taken
SUB-0735,S13,Dose Low,Week 16,2026-08-13,Dose Taken
SUB-0736,S13,Dose High,Baseline,2025-12-20,Dose Taken
SUB-0736,S13,Dose High,Week 2,2026-01-03,Dose Taken
SUB-0736,S13,Dose High,Week 4,2026-01-17,Dose Taken
SUB-0736,S13,Dose High,Week 8,2026-02-14,Dose Taken
SUB-0736,S13,Dose High,Week 12,2026-03-14,Dose Taken
SUB-0736,S13,Dose High,Week 16,2026-04-11,Dose Taken
SUB-0736,S13,Dose High,Week 24,2026-06-06,Dose Taken
SUB-0736,S13,Dose High,Week 36,2026-08-29,Dose Taken
SUB-0739,S13,Dose Low,Baseline,2025-12-24,Dose Taken
SUB-0739,S13,Dose Low,Week 2,2026-01-07,Dose Taken
SUB-0739,S13,Dose Low,Week 4,2026-01-21,Dose Taken
SUB-0739,S13,Dose Low,Week 8,2026-02-18,Dose Taken
SUB-0739,S13,Dose Low,Week 12,2026-03-18,Dose Taken
SUB-0739,S13,Dose Low,Week 16,2026-04-15,Dose Taken
SUB-0739,S13,Dose Low,Week 24,2026-06-10,Dose Taken
SUB-0739,S13,Dose Low,Week 36,2026-09-02,Dose Taken
SUB-0741,S13,Dose Low,Baseline,2026-07-13,Dose Taken
SUB-0741,S13,Dose Low,Week 2,2026-07-27,Dose Taken
SUB-0741,S13,Dose Low,Week 4,2026-08-10,Dose Taken
SUB-0741,S13,Dose Low,Week 8,2026-09-07,Dose Taken
SUB-0744,S13,Dose Low,Baseline,2026-01-28,Dose Taken
SUB-0744,S13,Dose Low,Week 2,2026-02-11,Dose Taken
SUB-0744,S13,Dose Low,Week 4,2026-02-25,Dose Taken
SUB-0744,S13,Dose Low,Week 8,2026-03-25,Dose Taken
SUB-0744,S13,Dose Low,Week 12,2026-04-22,Dose Taken
SUB-0744,S13,Dose Low,Week 16,2026-05-20,Dose Taken
SUB-0744,S13,Dose Low,Week 24,2026-07-15,Dose Taken
SUB-0746,S13,Dose High,Baseline,2026-06-07,Dose Taken
SUB-0746,S13,Dose High,Week 2,2026-06-21,Dose Held (AE)
SUB-0746,S13,Dose High,Week 4,2026-07-05,Dose Taken
SUB-0746,S13,Dose High,Week 8,2026-08-02,Dose Taken
SUB-0746,S13,Dose High,Week 12,2026-08-30,Dose Taken
SUB-0746,S13,Dose High,Week 16,2026-09-27,Dose Held (AE)
SUB-0749,S13,Dose High,Baseline,2026-09-06,Dose Taken
SUB-0749,S13,Dose High,Week 2,2026-09-20,Dose Taken
SUB-0750,S13,Dose High,Baseline,2026-04-21,Dose Taken
SUB-0750,S13,Dose High,Week 2,2026-05-05,Dose Taken
SUB-0750,S13,Dose High,Week 4,2026-05-19,Dose Taken
SUB-0750,S13,Dose High,Week 8,2026-06-16,Dose Taken
SUB-0750,S13,Dose High,Week 12,2026-07-14,Dose Taken
SUB-0750,S13,Dose High,Week 16,2026-08-11,Dose Taken
SUB-0751,S13,Dose Low,Baseline,2026-09-21,Dose Taken
SUB-0752,S13,Dose Low,Baseline,2026-09-21,Dose Taken
SUB-0753,S13,Dose Low,Baseline,2026-06-02,Dose Taken
SUB-0753,S13,Dose Low,Week 2,2026-06-16,Dose Reduced
SUB-0753,S13,Dose Low,Week 4,2026-06-30,Dose Taken
SUB-0753,S13,Dose Low,Week 8,2026-07-28,Dose Taken
SUB-0753,S13,Dose Low,Week 12,2026-08-25,Dose Taken
SUB-0753,S13,Dose Low,Week 16,2026-09-22,Dose Taken
SUB-0754,S13,Dose Low,Baseline,2026-05-13,Dose Taken
SUB-0754,S13,Dose Low,Week 2,2026-05-27,Dose Taken
SUB-0754,S13,Dose Low,Week 4,2026-06-10,Dose Taken
SUB-0754,S13,Dose Low,Week 8,2026-07-08,Dose Taken
SUB-0754,S13,Dose Low,Week 12,2026-08-05,Dose Taken
SUB-0754,S13,Dose Low,Week 16,2026-09-02,Dose Taken
SUB-0755,S13,Dose High,Baseline,2026-08-24,Dose Taken
SUB-0755,S13,Dose High,Week 2,2026-09-07,Dose Taken
SUB-0755,S13,Dose High,Week 4,2026-09-21,Dose Taken
SUB-0757,S13,Dose Low,Baseline,2025-09-19,Dose Taken
SUB-0757,S13,Dose Low,Week 2,2025-10-03,Dose Taken
SUB-0757,S13,Dose Low,Week 4,2025-10-17,Dose Taken
SUB-0757,S13,Dose Low,Week 8,2025-11-14,Dose Taken
SUB-0757,S13,Dose Low,Week 12,2025-12-12,Dose Taken
SUB-0757,S13,Dose Low,Week 16,2026-01-09,Dose Taken
SUB-0757,S13,Dose Low,Week 24,2026-03-06,Dose Taken
SUB-0757,S13,Dose Low,Week 36,2026-05-29,Dose Taken
SUB-0757,S13,Dose Low,Week 52 / EOT,2026-09-18,Dose Missed
SUB-0758,S13,Dose Low,Baseline,2026-08-23,Dose Taken
SUB-0758,S13,Dose Low,Week 2,2026-09-06,Dose Taken
SUB-0758,S13,Dose Low,Week 4,2026-09-20,Dose Taken
SUB-0759,S13,Dose Low,Baseline,2026-03-26,Dose Taken
SUB-0759,S13,Dose Low,Week 2,2026-04-09,Dose Taken
SUB-0759,S13,Dose Low,Week 4,2026-04-23,Dose Taken
SUB-0759,S13,Dose Low,Week 8,2026-05-21,Dose Taken
SUB-0759,S13,Dose Low,Week 12,2026-06-18,Dose Taken
SUB-0759,S13,Dose Low,Week 16,2026-07-16,Dose Taken
SUB-0759,S13,Dose Low,Week 24,2026-09-10,Dose Taken
SUB-0760,S13,Dose High,Baseline,2026-09-23,Dose Held (AE)
SUB-0763,S13,Dose Low,Baseline,2025-08-29,Dose Taken
SUB-0763,S13,Dose Low,Week 2,2025-09-12,Dose Taken
SUB-0763,S13,Dose Low,Week 4,2025-09-26,Dose Taken
SUB-0763,S13,Dose Low,Week 8,2025-10-24,Dose Taken
SUB-0763,S13,Dose Low,Week 12,2025-11-21,Dose Taken
SUB-0763,S13,Dose Low,Week 16,2025-12-19,Dose Taken
SUB-0763,S13,Dose Low,Week 24,2026-02-13,Dose Held (AE)
SUB-0763,S13,Dose Low,Week 36,2026-05-08,Dose Taken
SUB-0763,S13,Dose Low,Week 52 / EOT,2026-08-28,Dose Taken
SUB-0764,S13,Dose Low,Baseline,2026-09-29,Dose Taken
SUB-0765,S13,Dose High,Baseline,2026-09-21,Dose Taken
SUB-0768,S13,Dose Low,Baseline,2025-12-05,Dose Taken
SUB-0768,S13,Dose Low,Week 2,2025-12-19,Dose Taken
SUB-0768,S13,Dose Low,Week 4,2026-01-02,Dose Taken
SUB-0768,S13,Dose Low,Week 8,2026-01-30,Dose Taken
SUB-0768,S13,Dose Low,Week 12,2026-02-27,Dose Taken
SUB-0768,S13,Dose Low,Week 16,2026-03-27,Dose Taken
SUB-0768,S13,Dose Low,Week 24,2026-05-22,Dose Taken
SUB-0768,S13,Dose Low,Week 36,2026-08-14,Dose Taken
SUB-0769,S13,Dose High,Baseline,2026-04-02,Dose Taken
SUB-0769,S13,Dose High,Week 2,2026-04-16,Dose Missed
SUB-0769,S13,Dose High,Week 4,2026-04-30,Dose Taken
SUB-0769,S13,Dose High,Week 8,2026-05-28,Dose Taken
SUB-0769,S13,Dose High,Week 12,2026-06-25,Dose Taken
SUB-0769,S13,Dose High,Week 16,2026-07-23,Dose Taken
SUB-0769,S13,Dose High,Week 24,2026-09-17,Dose Taken
SUB-0770,S13,Dose Low,Baseline,2026-01-14,Dose Taken
SUB-0770,S13,Dose Low,Week 2,2026-01-28,Dose Taken
SUB-0770,S13,Dose Low,Week 4,2026-02-11,Dose Taken
SUB-0770,S13,Dose Low,Week 8,2026-03-11,Dose Taken
SUB-0770,S13,Dose Low,Week 12,2026-04-08,Dose Taken
SUB-0770,S13,Dose Low,Week 16,2026-05-06,Dose Held (AE)
SUB-0770,S13,Dose Low,Week 24,2026-07-01,Dose Taken
SUB-0770,S13,Dose Low,Week 36,2026-09-23,Dose Taken
SUB-0772,S13,Dose High,Baseline,2025-10-15,Dose Missed
SUB-0772,S13,Dose High,Week 2,2025-10-29,Dose Taken
SUB-0772,S13,Dose High,Week 4,2025-11-12,Dose Reduced
SUB-0772,S13,Dose High,Week 8,2025-12-10,Dose Taken
SUB-0772,S13,Dose High,Week 12,2026-01-07,Dose Missed
SUB-0772,S13,Dose High,Week 16,2026-02-04,Dose Taken
SUB-0772,S13,Dose High,Week 24,2026-04-01,Dose Taken
SUB-0772,S13,Dose High,Week 36,2026-06-24,Dose Taken
SUB-0773,S13,Dose Low,Baseline,2026-02-02,Dose Taken
SUB-0773,S13,Dose Low,Week 2,2026-02-16,Dose Taken
SUB-0773,S13,Dose Low,Week 4,2026-03-02,Dose Taken
SUB-0773,S13,Dose Low,Week 8,2026-03-30,Dose Reduced
SUB-0773,S13,Dose Low,Week 12,2026-04-27,Dose Taken
SUB-0773,S13,Dose Low,Week 16,2026-05-25,Dose Taken
SUB-0773,S13,Dose Low,Week 24,2026-07-20,Dose Taken
SUB-0774,S13,Dose Low,Baseline,2025-12-15,Dose Taken
SUB-0774,S13,Dose Low,Week 2,2025-12-29,Dose Taken
SUB-0774,S13,Dose Low,Week 4,2026-01-12,Dose Taken
SUB-0774,S13,Dose Low,Week 8,2026-02-09,Dose Taken
SUB-0774,S13,Dose Low,Week 12,2026-03-09,Dose Taken
SUB-0774,S13,Dose Low,Week 16,2026-04-06,Dose Taken
SUB-0774,S13,Dose Low,Week 24,2026-06-01,Dose Taken
SUB-0774,S13,Dose Low,Week 36,2026-08-24,Dose Taken
SUB-0782,S13,Dose High,Baseline,2025-11-13,Dose Taken
SUB-0782,S13,Dose High,Week 2,2025-11-27,Dose Taken
SUB-0782,S13,Dose High,Week 4,2025-12-11,Dose Taken
SUB-0782,S13,Dose High,Week 8,2026-01-08,Dose Taken
SUB-0782,S13,Dose High,Week 12,2026-02-05,Dose Taken
SUB-0782,S13,Dose High,Week 16,2026-03-05,Dose Taken
SUB-0782,S13,Dose High,Week 24,2026-04-30,Dose Taken
SUB-0782,S13,Dose High,Week 36,2026-07-23,Dose Taken
SUB-0784,S13,Dose Low,Baseline,2026-09-18,Dose Taken
SUB-0785,S13,Dose Low,Baseline,2026-08-08,Dose Taken
SUB-0785,S13,Dose Low,Week 2,2026-08-22,Dose Taken
SUB-0785,S13,Dose Low,Week 4,2026-09-05,Dose Taken
SUB-0787,S13,Dose Low,Baseline,2026-09-09,Dose Taken
SUB-0787,S13,Dose Low,Week 2,2026-09-23,Dose Taken
SUB-0789,S14,Dose High,Baseline,2026-03-16,Dose Taken
SUB-0789,S14,Dose High,Week 2,2026-03-30,Dose Taken
SUB-0789,S14,Dose High,Week 4,2026-04-13,Dose Taken
SUB-0789,S14,Dose High,Week 8,2026-05-11,Dose Taken
SUB-0789,S14,Dose High,Week 12,2026-06-08,Dose Taken
SUB-0789,S14,Dose High,Week 16,2026-07-06,Dose Taken
SUB-0789,S14,Dose High,Week 24,2026-08-31,Dose Taken
SUB-0792,S14,Dose Low,Baseline,2026-09-21,Dose Taken
SUB-0793,S14,Dose High,Baseline,2026-09-27,Dose Taken
SUB-0794,S14,Dose Low,Baseline,2026-09-09,Dose Taken
SUB-0794,S14,Dose Low,Week 2,2026-09-23,Dose Taken
SUB-0797,S14,Dose High,Baseline,2026-04-23,Dose Taken
SUB-0797,S14,Dose High,Week 2,2026-05-07,Dose Held (AE)
SUB-0797,S14,Dose High,Week 4,2026-05-21,Dose Taken
SUB-0797,S14,Dose High,Week 8,2026-06-18,Dose Taken
SUB-0797,S14,Dose High,Week 12,2026-07-16,Dose Held (AE)
SUB-0797,S14,Dose High,Week 16,2026-08-13,Dose Taken
SUB-0799,S14,Dose Low,Baseline,2026-01-11,Dose Taken
SUB-0799,S14,Dose Low,Week 2,2026-01-25,Dose Taken
SUB-0799,S14,Dose Low,Week 4,2026-02-08,Dose Taken
SUB-0799,S14,Dose Low,Week 8,2026-03-08,Dose Missed
SUB-0799,S14,Dose Low,Week 12,2026-04-05,Dose Taken
SUB-0799,S14,Dose Low,Week 16,2026-05-03,Dose Taken
SUB-0799,S14,Dose Low,Week 24,2026-06-28,Dose Taken
SUB-0799,S14,Dose Low,Week 36,2026-09-20,Dose Taken
SUB-0801,S14,Dose Low,Baseline,2026-08-22,Dose Held (AE)
SUB-0801,S14,Dose Low,Week 2,2026-09-05,Dose Taken
SUB-0801,S14,Dose Low,Week 4,2026-09-19,Dose Taken
SUB-0808,S14,Dose High,Baseline,2026-09-14,Dose Taken
SUB-0808,S14,Dose High,Week 2,2026-09-28,Dose Taken
SUB-0811,S14,Dose Low,Baseline,2026-09-16,Dose Taken
SUB-0811,S14,Dose Low,Week 2,2026-09-30,Dose Taken
SUB-0813,S14,Dose High,Baseline,2026-06-25,Dose Taken
SUB-0813,S14,Dose High,Week 2,2026-07-09,Dose Taken
SUB-0813,S14,Dose High,Week 4,2026-07-23,Dose Taken
SUB-0813,S14,Dose High,Week 8,2026-08-20,Dose Taken
SUB-0813,S14,Dose High,Week 12,2026-09-17,Dose Taken
SUB-0814,S14,Dose High,Baseline,2026-04-30,Dose Taken
SUB-0814,S14,Dose High,Week 2,2026-05-14,Dose Taken
SUB-0814,S14,Dose High,Week 4,2026-05-28,Dose Taken
SUB-0814,S14,Dose High,Week 8,2026-06-25,Dose Taken
SUB-0814,S14,Dose High,Week 12,2026-07-23,Dose Held (AE)
SUB-0814,S14,Dose High,Week 16,2026-08-20,Dose Taken
SUB-0815,S14,Dose High,Baseline,2026-03-25,Dose Taken
SUB-0815,S14,Dose High,Week 2,2026-04-08,Dose Taken
SUB-0815,S14,Dose High,Week 4,2026-04-22,Dose Taken
SUB-0815,S14,Dose High,Week 8,2026-05-20,Dose Taken
SUB-0815,S14,Dose High,Week 12,2026-06-17,Dose Taken
SUB-0815,S14,Dose High,Week 16,2026-07-15,Dose Taken
SUB-0815,S14,Dose High,Week 24,2026-09-09,Dose Missed
SUB-0816,S14,Dose High,Baseline,2026-06-11,Dose Taken
SUB-0816,S14,Dose High,Week 2,2026-06-25,Dose Taken
SUB-0816,S14,Dose High,Week 4,2026-07-09,Dose Held (AE)
SUB-0816,S14,Dose High,Week 8,2026-08-06,Dose Taken
SUB-0816,S14,Dose High,Week 12,2026-09-03,Dose Taken
SUB-0818,S14,Dose Low,Baseline,2026-09-03,Dose Taken
SUB-0818,S14,Dose Low,Week 2,2026-09-17,Dose Taken
SUB-0820,S14,Dose Low,Baseline,2026-09-28,Dose Taken
SUB-0824,S14,Dose High,Baseline,2026-09-08,Dose Taken
SUB-0824,S14,Dose High,Week 2,2026-09-22,Dose Taken
SUB-0826,S14,Dose High,Baseline,2026-03-10,Dose Taken
SUB-0826,S14,Dose High,Week 2,2026-03-24,Dose Taken
SUB-0826,S14,Dose High,Week 4,2026-04-07,Dose Taken
SUB-0826,S14,Dose High,Week 8,2026-05-05,Dose Taken
SUB-0826,S14,Dose High,Week 12,2026-06-02,Dose Taken
SUB-0826,S14,Dose High,Week 16,2026-06-30,Dose Taken
SUB-0826,S14,Dose High,Week 24,2026-08-25,Dose Taken
SUB-0829,S14,Dose Low,Baseline,2026-03-17,Dose Taken
SUB-0829,S14,Dose Low,Week 2,2026-03-31,Dose Taken
SUB-0829,S14,Dose Low,Week 4,2026-04-14,Dose Taken
SUB-0829,S14,Dose Low,Week 8,2026-05-12,Dose Taken
SUB-0829,S14,Dose Low,Week 12,2026-06-09,Dose Taken
SUB-0829,S14,Dose Low,Week 16,2026-07-07,Dose Taken
SUB-0829,S14,Dose Low,Week 24,2026-09-01,Dose Held (AE)
SUB-0830,S14,Dose Low,Baseline,2026-02-23,Dose Taken
SUB-0830,S14,Dose Low,Week 2,2026-03-09,Dose Taken
SUB-0830,S14,Dose Low,Week 4,2026-03-23,Dose Taken
SUB-0830,S14,Dose Low,Week 8,2026-04-20,Dose Taken
SUB-0830,S14,Dose Low,Week 12,2026-05-18,Dose Taken
SUB-0830,S14,Dose Low,Week 16,2026-06-15,Dose Taken
SUB-0830,S14,Dose Low,Week 24,2026-08-10,Dose Taken
SUB-0831,S14,Dose High,Baseline,2026-09-07,Dose Reduced
SUB-0831,S14,Dose High,Week 2,2026-09-21,Dose Taken
SUB-0832,S14,Dose High,Baseline,2026-09-29,Dose Taken
SUB-0833,S14,Dose Low,Baseline,2026-05-25,Dose Taken
SUB-0833,S14,Dose Low,Week 2,2026-06-08,Dose Taken
SUB-0833,S14,Dose Low,Week 4,2026-06-22,Dose Taken
SUB-0833,S14,Dose Low,Week 8,2026-07-20,Dose Taken
SUB-0833,S14,Dose Low,Week 12,2026-08-17,Dose Taken
SUB-0833,S14,Dose Low,Week 16,2026-09-14,Dose Taken
SUB-0837,S14,Dose Low,Baseline,2026-06-19,Dose Taken
SUB-0837,S14,Dose Low,Week 2,2026-07-03,Dose Taken
SUB-0837,S14,Dose Low,Week 4,2026-07-17,Dose Taken
SUB-0837,S14,Dose Low,Week 8,2026-08-14,Dose Taken
SUB-0837,S14,Dose Low,Week 12,2026-09-11,Dose Taken
SUB-0839,S14,Dose Low,Baseline,2026-01-11,Dose Taken
SUB-0839,S14,Dose Low,Week 2,2026-01-25,Dose Taken
SUB-0839,S14,Dose Low,Week 4,2026-02-08,Dose Taken
SUB-0839,S14,Dose Low,Week 8,2026-03-08,Dose Taken
SUB-0839,S14,Dose Low,Week 12,2026-04-05,Dose Taken
SUB-0839,S14,Dose Low,Week 16,2026-05-03,Dose Taken
SUB-0839,S14,Dose Low,Week 24,2026-06-28,Dose Taken
SUB-0839,S14,Dose Low,Week 36,2026-09-20,Dose Taken
SUB-0841,S14,Dose High,Baseline,2026-09-01,Dose Taken
SUB-0841,S14,Dose High,Week 2,2026-09-15,Dose Taken
SUB-0841,S14,Dose High,Week 4,2026-09-29,Dose Taken
SUB-0842,S14,Dose High,Baseline,2025-11-21,Dose Reduced
SUB-0842,S14,Dose High,Week 2,2025-12-05,Dose Held (AE)
SUB-0842,S14,Dose High,Week 4,2025-12-19,Dose Taken
SUB-0842,S14,Dose High,Week 8,2026-01-16,Dose Taken
SUB-0842,S14,Dose High,Week 12,2026-02-13,Dose Taken
SUB-0842,S14,Dose High,Week 16,2026-03-13,Dose Taken
SUB-0842,S14,Dose High,Week 24,2026-05-08,Dose Taken
SUB-0842,S14,Dose High,Week 36,2026-07-31,Dose Taken
SUB-0844,S14,Dose Low,Baseline,2026-09-27,Dose Taken
SUB-0845,S14,Dose High,Baseline,2026-09-28,Dose Taken
SUB-0848,S14,Dose High,Baseline,2026-05-05,Dose Taken
SUB-0848,S14,Dose High,Week 2,2026-05-19,Dose Taken
SUB-0848,S14,Dose High,Week 4,2026-06-02,Dose Taken
SUB-0848,S14,Dose High,Week 8,2026-06-30,Dose Taken
SUB-0848,S14,Dose High,Week 12,2026-07-28,Dose Taken
SUB-0848,S14,Dose High,Week 16,2026-08-25,Dose Reduced
SUB-0849,S14,Dose High,Baseline,2026-04-23,Dose Taken
SUB-0849,S14,Dose High,Week 2,2026-05-07,Dose Taken
SUB-0849,S14,Dose High,Week 4,2026-05-21,Dose Reduced
SUB-0849,S14,Dose High,Week 8,2026-06-18,Dose Taken
SUB-0849,S14,Dose High,Week 12,2026-07-16,Dose Taken
SUB-0849,S14,Dose High,Week 16,2026-08-13,Dose Taken
SUB-0853,S14,Dose High,Baseline,2026-09-29,Dose Held (AE)
SUB-0854,S14,Dose High,Baseline,2026-06-25,Dose Taken
SUB-0854,S14,Dose High,Week 2,2026-07-09,Dose Taken
SUB-0854,S14,Dose High,Week 4,2026-07-23,Dose Taken
SUB-0854,S14,Dose High,Week 8,2026-08-20,Dose Taken
SUB-0854,S14,Dose High,Week 12,2026-09-17,Dose Taken
SUB-0856,S15,Dose High,Baseline,2026-05-30,Dose Taken
SUB-0856,S15,Dose High,Week 2,2026-06-13,Dose Taken
SUB-0856,S15,Dose High,Week 4,2026-06-27,Dose Taken
SUB-0856,S15,Dose High,Week 8,2026-07-25,Dose Taken
SUB-0856,S15,Dose High,Week 12,2026-08-22,Dose Taken
SUB-0856,S15,Dose High,Week 16,2026-09-19,Dose Taken
SUB-0860,S15,Dose High,Baseline,2026-09-16,Dose Taken
SUB-0860,S15,Dose High,Week 2,2026-09-30,Dose Reduced
SUB-0862,S15,Dose Low,Baseline,2025-08-05,Dose Taken
SUB-0862,S15,Dose Low,Week 2,2025-08-19,Dose Taken
SUB-0862,S15,Dose Low,Week 4,2025-09-02,Dose Taken
SUB-0862,S15,Dose Low,Week 8,2025-09-30,Dose Taken
SUB-0862,S15,Dose Low,Week 12,2025-10-28,Dose Taken
SUB-0862,S15,Dose Low,Week 16,2025-11-25,Dose Taken
SUB-0862,S15,Dose Low,Week 24,2026-01-20,Dose Taken
SUB-0862,S15,Dose Low,Week 36,2026-04-14,Dose Taken
SUB-0862,S15,Dose Low,Week 52 / EOT,2026-08-04,Dose Taken
SUB-0865,S15,Dose High,Baseline,2026-02-21,Dose Taken
SUB-0865,S15,Dose High,Week 2,2026-03-07,Dose Taken
SUB-0865,S15,Dose High,Week 4,2026-03-21,Dose Taken
SUB-0865,S15,Dose High,Week 8,2026-04-18,Dose Taken
SUB-0865,S15,Dose High,Week 12,2026-05-16,Dose Taken
SUB-0865,S15,Dose High,Week 16,2026-06-13,Dose Taken
SUB-0865,S15,Dose High,Week 24,2026-08-08,Dose Taken
SUB-0868,S15,Dose Low,Baseline,2025-09-21,Dose Taken
SUB-0868,S15,Dose Low,Week 2,2025-10-05,Dose Taken
SUB-0868,S15,Dose Low,Week 4,2025-10-19,Dose Taken
SUB-0868,S15,Dose Low,Week 8,2025-11-16,Dose Taken
SUB-0868,S15,Dose Low,Week 12,2025-12-14,Dose Taken
SUB-0868,S15,Dose Low,Week 16,2026-01-11,Dose Taken
SUB-0868,S15,Dose Low,Week 24,2026-03-08,Dose Taken
SUB-0868,S15,Dose Low,Week 36,2026-05-31,Dose Taken
SUB-0868,S15,Dose Low,Week 52 / EOT,2026-09-20,Dose Taken
SUB-0876,S15,Dose Low,Baseline,2026-05-23,Dose Held (AE)
SUB-0876,S15,Dose Low,Week 2,2026-06-06,Dose Held (AE)
SUB-0876,S15,Dose Low,Week 4,2026-06-20,Dose Taken
SUB-0876,S15,Dose Low,Week 8,2026-07-18,Dose Taken
SUB-0876,S15,Dose Low,Week 12,2026-08-15,Dose Taken
SUB-0876,S15,Dose Low,Week 16,2026-09-12,Dose Reduced
SUB-0877,S15,Dose High,Baseline,2026-09-25,Dose Taken
SUB-0878,S15,Dose High,Baseline,2026-04-05,Dose Taken
SUB-0878,S15,Dose High,Week 2,2026-04-19,Dose Missed
SUB-0878,S15,Dose High,Week 4,2026-05-03,Dose Taken
SUB-0878,S15,Dose High,Week 8,2026-05-31,Dose Taken
SUB-0878,S15,Dose High,Week 12,2026-06-28,Dose Reduced
SUB-0878,S15,Dose High,Week 16,2026-07-26,Dose Held (AE)
SUB-0878,S15,Dose High,Week 24,2026-09-20,Dose Taken
SUB-0880,S15,Dose High,Baseline,2026-07-07,Dose Taken
SUB-0880,S15,Dose High,Week 2,2026-07-21,Dose Taken
SUB-0880,S15,Dose High,Week 4,2026-08-04,Dose Taken
SUB-0880,S15,Dose High,Week 8,2026-09-01,Dose Taken
SUB-0880,S15,Dose High,Week 12,2026-09-29,Dose Taken
SUB-0884,S15,Dose Low,Baseline,2026-09-05,Dose Taken
SUB-0884,S15,Dose Low,Week 2,2026-09-19,Dose Taken
SUB-0885,S15,Dose Low,Baseline,2026-04-08,Dose Taken
SUB-0885,S15,Dose Low,Week 2,2026-04-22,Dose Taken
SUB-0885,S15,Dose Low,Week 4,2026-05-06,Dose Taken
SUB-0885,S15,Dose Low,Week 8,2026-06-03,Dose Taken
SUB-0885,S15,Dose Low,Week 12,2026-07-01,Dose Taken
SUB-0885,S15,Dose Low,Week 16,2026-07-29,Dose Taken
SUB-0885,S15,Dose Low,Week 24,2026-09-23,Dose Taken
SUB-0889,S15,Dose Low,Baseline,2026-04-17,Dose Taken
SUB-0889,S15,Dose Low,Week 2,2026-05-01,Dose Taken
SUB-0889,S15,Dose Low,Week 4,2026-05-15,Dose Taken
SUB-0889,S15,Dose Low,Week 8,2026-06-12,Dose Taken
SUB-0889,S15,Dose Low,Week 12,2026-07-10,Dose Taken
SUB-0889,S15,Dose Low,Week 16,2026-08-07,Dose Missed
SUB-0894,S15,Dose Low,Baseline,2026-04-09,Dose Taken
SUB-0894,S15,Dose Low,Week 2,2026-04-23,Dose Taken
SUB-0894,S15,Dose Low,Week 4,2026-05-07,Dose Taken
SUB-0894,S15,Dose Low,Week 8,2026-06-04,Dose Taken
SUB-0894,S15,Dose Low,Week 12,2026-07-02,Dose Taken
SUB-0894,S15,Dose Low,Week 16,2026-07-30,Dose Taken
SUB-0894,S15,Dose Low,Week 24,2026-09-24,Dose Held (AE)
SUB-0895,S15,Dose Low,Baseline,2026-09-15,Dose Taken
SUB-0895,S15,Dose Low,Week 2,2026-09-29,Dose Taken
SUB-0896,S15,Dose Low,Baseline,2025-12-07,Dose Taken
SUB-0896,S15,Dose Low,Week 2,2025-12-21,Dose Reduced
SUB-0896,S15,Dose Low,Week 4,2026-01-04,Dose Taken
SUB-0896,S15,Dose Low,Week 8,2026-02-01,Dose Taken
SUB-0896,S15,Dose Low,Week 12,2026-03-01,Dose Taken
SUB-0896,S15,Dose Low,Week 16,2026-03-29,Dose Taken
SUB-0896,S15,Dose Low,Week 24,2026-05-24,Dose Taken
SUB-0896,S15,Dose Low,Week 36,2026-08-16,Dose Taken
SUB-0899,S15,Dose Low,Baseline,2026-03-09,Dose Taken
SUB-0899,S15,Dose Low,Week 2,2026-03-23,Dose Taken
SUB-0899,S15,Dose Low,Week 4,2026-04-06,Dose Taken
SUB-0899,S15,Dose Low,Week 8,2026-05-04,Dose Taken
SUB-0899,S15,Dose Low,Week 12,2026-06-01,Dose Taken
SUB-0899,S15,Dose Low,Week 16,2026-06-29,Dose Taken
SUB-0899,S15,Dose Low,Week 24,2026-08-24,Dose Taken
SUB-0901,S15,Dose High,Baseline,2026-02-02,Dose Taken
SUB-0901,S15,Dose High,Week 2,2026-02-16,Dose Reduced
SUB-0901,S15,Dose High,Week 4,2026-03-02,Dose Taken
SUB-0901,S15,Dose High,Week 8,2026-03-30,Dose Taken
SUB-0901,S15,Dose High,Week 12,2026-04-27,Dose Taken
SUB-0901,S15,Dose High,Week 16,2026-05-25,Dose Taken
SUB-0901,S15,Dose High,Week 24,2026-07-20,Dose Taken
SUB-0903,S15,Dose High,Baseline,2026-07-08,Dose Held (AE)
SUB-0903,S15,Dose High,Week 2,2026-07-22,Dose Taken
SUB-0903,S15,Dose High,Week 4,2026-08-05,Dose Taken
SUB-0903,S15,Dose High,Week 8,2026-09-02,Dose Taken
SUB-0903,S15,Dose High,Week 12,2026-09-30,Dose Taken
SUB-0904,S15,Dose High,Baseline,2026-09-12,Dose Taken
SUB-0904,S15,Dose High,Week 2,2026-09-26,Dose Taken
SUB-0905,S15,Dose Low,Baseline,2025-10-11,Dose Held (AE)
SUB-0905,S15,Dose Low,Week 2,2025-10-25,Dose Taken
SUB-0905,S15,Dose Low,Week 4,2025-11-08,Dose Taken
SUB-0905,S15,Dose Low,Week 8,2025-12-06,Dose Taken
SUB-0905,S15,Dose Low,Week 12,2026-01-03,Dose Taken
SUB-0905,S15,Dose Low,Week 16,2026-01-31,Dose Taken
SUB-0905,S15,Dose Low,Week 24,2026-03-28,Dose Taken
SUB-0905,S15,Dose Low,Week 36,2026-06-20,Dose Taken
SUB-0906,S15,Dose Low,Baseline,2026-04-21,Dose Taken
SUB-0906,S15,Dose Low,Week 2,2026-05-05,Dose Taken
SUB-0906,S15,Dose Low,Week 4,2026-05-19,Dose Taken
SUB-0906,S15,Dose Low,Week 8,2026-06-16,Dose Taken
SUB-0906,S15,Dose Low,Week 12,2026-07-14,Dose Taken
SUB-0906,S15,Dose Low,Week 16,2026-08-11,Dose Taken
SUB-0908,S15,Dose Low,Baseline,2026-01-18,Dose Taken
SUB-0908,S15,Dose Low,Week 2,2026-02-01,Dose Taken
SUB-0908,S15,Dose Low,Week 4,2026-02-15,Dose Taken
SUB-0908,S15,Dose Low,Week 8,2026-03-15,Dose Taken
SUB-0908,S15,Dose Low,Week 12,2026-04-12,Dose Taken
SUB-0908,S15,Dose Low,Week 16,2026-05-10,Dose Taken
SUB-0908,S15,Dose Low,Week 24,2026-07-05,Dose Taken
SUB-0908,S15,Dose Low,Week 36,2026-09-27,Dose Taken
SUB-0909,S15,Dose High,Baseline,2026-09-08,Dose Taken
SUB-0909,S15,Dose High,Week 2,2026-09-22,Dose Taken
SUB-0911,S15,Dose High,Baseline,2025-12-18,Dose Taken
SUB-0911,S15,Dose High,Week 2,2026-01-01,Dose Taken
SUB-0911,S15,Dose High,Week 4,2026-01-15,Dose Taken
SUB-0911,S15,Dose High,Week 8,2026-02-12,Dose Taken
SUB-0911,S15,Dose High,Week 12,2026-03-12,Dose Taken
SUB-0911,S15,Dose High,Week 16,2026-04-09,Dose Taken
SUB-0911,S15,Dose High,Week 24,2026-06-04,Dose Taken
SUB-0911,S15,Dose High,Week 36,2026-08-27,Dose Taken
SUB-0912,S15,Dose Low,Baseline,2026-09-08,Dose Held (AE)
SUB-0912,S15,Dose Low,Week 2,2026-09-22,Dose Taken
SUB-0914,S16,Dose Low,Baseline,2026-02-28,Dose Taken
SUB-0914,S16,Dose Low,Week 2,2026-03-14,Dose Missed
SUB-0914,S16,Dose Low,Week 4,2026-03-28,Dose Taken
SUB-0914,S16,Dose Low,Week 8,2026-04-25,Dose Taken
SUB-0914,S16,Dose Low,Week 12,2026-05-23,Dose Taken
SUB-0914,S16,Dose Low,Week 16,2026-06-20,Dose Taken
SUB-0914,S16,Dose Low,Week 24,2026-08-15,Dose Taken
SUB-0915,S16,Dose Low,Baseline,2026-09-03,Dose Taken
SUB-0915,S16,Dose Low,Week 2,2026-09-17,Dose Taken
SUB-0916,S16,Dose Low,Baseline,2026-02-05,Dose Taken
SUB-0916,S16,Dose Low,Week 2,2026-02-19,Dose Taken
SUB-0916,S16,Dose Low,Week 4,2026-03-05,Dose Taken
SUB-0916,S16,Dose Low,Week 8,2026-04-02,Dose Taken
SUB-0916,S16,Dose Low,Week 12,2026-04-30,Dose Taken
SUB-0916,S16,Dose Low,Week 16,2026-05-28,Dose Taken
SUB-0916,S16,Dose Low,Week 24,2026-07-23,Dose Taken
SUB-0918,S16,Dose Low,Baseline,2026-03-03,Dose Taken
SUB-0918,S16,Dose Low,Week 2,2026-03-17,Dose Taken
SUB-0918,S16,Dose Low,Week 4,2026-03-31,Dose Reduced
SUB-0918,S16,Dose Low,Week 8,2026-04-28,Dose Taken
SUB-0918,S16,Dose Low,Week 12,2026-05-26,Dose Taken
SUB-0918,S16,Dose Low,Week 16,2026-06-23,Dose Taken
SUB-0918,S16,Dose Low,Week 24,2026-08-18,Dose Taken
SUB-0921,S16,Dose Low,Baseline,2025-07-31,Dose Held (AE)
SUB-0921,S16,Dose Low,Week 2,2025-08-14,Dose Taken
SUB-0921,S16,Dose Low,Week 4,2025-08-28,Dose Taken
SUB-0921,S16,Dose Low,Week 8,2025-09-25,Dose Taken
SUB-0921,S16,Dose Low,Week 12,2025-10-23,Dose Taken
SUB-0921,S16,Dose Low,Week 16,2025-11-20,Dose Taken
SUB-0921,S16,Dose Low,Week 24,2026-01-15,Dose Taken
SUB-0921,S16,Dose Low,Week 36,2026-04-09,Dose Taken
SUB-0921,S16,Dose Low,Week 52 / EOT,2026-07-30,Dose Taken
SUB-0923,S16,Dose Low,Baseline,2026-07-31,Dose Taken
SUB-0923,S16,Dose Low,Week 2,2026-08-14,Dose Taken
SUB-0923,S16,Dose Low,Week 4,2026-08-28,Dose Taken
SUB-0923,S16,Dose Low,Week 8,2026-09-25,Dose Taken
SUB-0924,S16,Dose High,Baseline,2025-10-06,Dose Taken
SUB-0924,S16,Dose High,Week 2,2025-10-20,Dose Missed
SUB-0924,S16,Dose High,Week 4,2025-11-03,Dose Taken
SUB-0924,S16,Dose High,Week 8,2025-12-01,Dose Taken
SUB-0924,S16,Dose High,Week 12,2025-12-29,Dose Taken
SUB-0924,S16,Dose High,Week 16,2026-01-26,Dose Taken
SUB-0924,S16,Dose High,Week 24,2026-03-23,Dose Taken
SUB-0924,S16,Dose High,Week 36,2026-06-15,Dose Taken
SUB-0929,S16,Dose High,Baseline,2026-06-29,Dose Taken
SUB-0929,S16,Dose High,Week 2,2026-07-13,Dose Taken
SUB-0929,S16,Dose High,Week 4,2026-07-27,Dose Taken
SUB-0929,S16,Dose High,Week 8,2026-08-24,Dose Taken
SUB-0929,S16,Dose High,Week 12,2026-09-21,Dose Taken
SUB-0930,S16,Dose High,Baseline,2025-11-01,Dose Taken
SUB-0930,S16,Dose High,Week 2,2025-11-15,Dose Taken
SUB-0930,S16,Dose High,Week 4,2025-11-29,Dose Taken
SUB-0930,S16,Dose High,Week 8,2025-12-27,Dose Taken
SUB-0930,S16,Dose High,Week 12,2026-01-24,Dose Taken
SUB-0930,S16,Dose High,Week 16,2026-02-21,Dose Taken
SUB-0930,S16,Dose High,Week 24,2026-04-18,Dose Taken
SUB-0930,S16,Dose High,Week 36,2026-07-11,Dose Taken
SUB-0931,S16,Dose High,Baseline,2025-09-28,Dose Taken
SUB-0931,S16,Dose High,Week 2,2025-10-12,Dose Taken
SUB-0931,S16,Dose High,Week 4,2025-10-26,Dose Taken
SUB-0931,S16,Dose High,Week 8,2025-11-23,Dose Taken
SUB-0931,S16,Dose High,Week 12,2025-12-21,Dose Taken
SUB-0931,S16,Dose High,Week 16,2026-01-18,Dose Taken
SUB-0931,S16,Dose High,Week 24,2026-03-15,Dose Taken
SUB-0931,S16,Dose High,Week 36,2026-06-07,Dose Taken
SUB-0931,S16,Dose High,Week 52 / EOT,2026-09-27,Dose Taken
SUB-0933,S16,Dose High,Baseline,2025-06-16,Dose Taken
SUB-0933,S16,Dose High,Week 2,2025-06-30,Dose Taken
SUB-0933,S16,Dose High,Week 4,2025-07-14,Dose Reduced
SUB-0933,S16,Dose High,Week 8,2025-08-11,Dose Taken
SUB-0933,S16,Dose High,Week 12,2025-09-08,Dose Taken
SUB-0933,S16,Dose High,Week 16,2025-10-06,Dose Taken
SUB-0933,S16,Dose High,Week 24,2025-12-01,Dose Taken
SUB-0933,S16,Dose High,Week 36,2026-02-23,Dose Taken
SUB-0933,S16,Dose High,Week 52 / EOT,2026-06-15,Dose Taken
SUB-0937,S16,Dose High,Baseline,2026-03-22,Dose Taken
SUB-0937,S16,Dose High,Week 2,2026-04-05,Dose Taken
SUB-0937,S16,Dose High,Week 4,2026-04-19,Dose Held (AE)
SUB-0937,S16,Dose High,Week 8,2026-05-17,Dose Taken
SUB-0937,S16,Dose High,Week 12,2026-06-14,Dose Taken
SUB-0937,S16,Dose High,Week 16,2026-07-12,Dose Taken
SUB-0937,S16,Dose High,Week 24,2026-09-06,Dose Held (AE)
SUB-0940,S16,Dose High,Baseline,2026-09-24,Dose Taken
SUB-0942,S16,Dose High,Baseline,2025-08-22,Dose Taken
SUB-0942,S16,Dose High,Week 2,2025-09-05,Dose Taken
SUB-0942,S16,Dose High,Week 4,2025-09-19,Dose Taken
SUB-0942,S16,Dose High,Week 8,2025-10-17,Dose Taken
SUB-0942,S16,Dose High,Week 12,2025-11-14,Dose Taken
SUB-0942,S16,Dose High,Week 16,2025-12-12,Dose Taken
SUB-0942,S16,Dose High,Week 24,2026-02-06,Dose Taken
SUB-0942,S16,Dose High,Week 36,2026-05-01,Dose Taken
SUB-0942,S16,Dose High,Week 52 / EOT,2026-08-21,Dose Missed
SUB-0943,S16,Dose Low,Baseline,2026-09-08,Dose Taken
SUB-0943,S16,Dose Low,Week 2,2026-09-22,Dose Taken
SUB-0944,S16,Dose High,Baseline,2026-07-30,Dose Taken
SUB-0944,S16,Dose High,Week 2,2026-08-13,Dose Taken
SUB-0944,S16,Dose High,Week 4,2026-08-27,Dose Taken
SUB-0944,S16,Dose High,Week 8,2026-09-24,Dose Taken
SUB-0950,S16,Dose Low,Baseline,2026-05-20,Dose Taken
SUB-0950,S16,Dose Low,Week 2,2026-06-03,Dose Taken
SUB-0950,S16,Dose Low,Week 4,2026-06-17,Dose Taken
SUB-0950,S16,Dose Low,Week 8,2026-07-15,Dose Taken
SUB-0950,S16,Dose Low,Week 12,2026-08-12,Dose Taken
SUB-0950,S16,Dose Low,Week 16,2026-09-09,Dose Taken
SUB-0951,S16,Dose High,Baseline,2026-02-16,Dose Taken
SUB-0951,S16,Dose High,Week 2,2026-03-02,Dose Taken
SUB-0951,S16,Dose High,Week 4,2026-03-16,Dose Taken
SUB-0951,S16,Dose High,Week 8,2026-04-13,Dose Taken
SUB-0951,S16,Dose High,Week 12,2026-05-11,Dose Held (AE)
SUB-0951,S16,Dose High,Week 16,2026-06-08,Dose Taken
SUB-0951,S16,Dose High,Week 24,2026-08-03,Dose Taken
SUB-0953,S16,Dose Low,Baseline,2026-08-11,Dose Taken
SUB-0953,S16,Dose Low,Week 2,2026-08-25,Dose Taken
SUB-0953,S16,Dose Low,Week 4,2026-09-08,Dose Taken
SUB-0954,S16,Dose High,Baseline,2025-09-07,Dose Taken
SUB-0954,S16,Dose High,Week 2,2025-09-21,Dose Missed
SUB-0954,S16,Dose High,Week 4,2025-10-05,Dose Taken
SUB-0954,S16,Dose High,Week 8,2025-11-02,Dose Taken
SUB-0954,S16,Dose High,Week 12,2025-11-30,Dose Taken
SUB-0954,S16,Dose High,Week 16,2025-12-28,Dose Taken
SUB-0954,S16,Dose High,Week 24,2026-02-22,Dose Taken
SUB-0954,S16,Dose High,Week 36,2026-05-17,Dose Taken
SUB-0954,S16,Dose High,Week 52 / EOT,2026-09-06,Dose Taken
SUB-0956,S16,Dose Low,Baseline,2026-02-15,Dose Taken
SUB-0956,S16,Dose Low,Week 2,2026-03-01,Dose Taken
SUB-0956,S16,Dose Low,Week 4,2026-03-15,Dose Taken
SUB-0956,S16,Dose Low,Week 8,2026-04-12,Dose Reduced
SUB-0956,S16,Dose Low,Week 12,2026-05-10,Dose Taken
SUB-0956,S16,Dose Low,Week 16,2026-06-07,Dose Taken
SUB-0956,S16,Dose Low,Week 24,2026-08-02,Dose Taken
SUB-0957,S16,Dose High,Baseline,2026-03-27,Dose Taken
SUB-0957,S16,Dose High,Week 2,2026-04-10,Dose Taken
SUB-0957,S16,Dose High,Week 4,2026-04-24,Dose Taken
SUB-0957,S16,Dose High,Week 8,2026-05-22,Dose Taken
SUB-0957,S16,Dose High,Week 12,2026-06-19,Dose Taken
SUB-0957,S16,Dose High,Week 16,2026-07-17,Dose Taken
SUB-0957,S16,Dose High,Week 24,2026-09-11,Dose Taken
SUB-0958,S16,Dose Low,Baseline,2026-02-02,Dose Taken
SUB-0958,S16,Dose Low,Week 2,2026-02-16,Dose Taken
SUB-0958,S16,Dose Low,Week 4,2026-03-02,Dose Taken
SUB-0958,S16,Dose Low,Week 8,2026-03-30,Dose Taken
SUB-0958,S16,Dose Low,Week 12,2026-04-27,Dose Taken
SUB-0958,S16,Dose Low,Week 16,2026-05-25,Dose Reduced
SUB-0958,S16,Dose Low,Week 24,2026-07-20,Dose Taken
SUB-0959,S16,Dose High,Baseline,2026-03-10,Dose Taken
SUB-0959,S16,Dose High,Week 2,2026-03-24,Dose Taken
SUB-0959,S16,Dose High,Week 4,2026-04-07,Dose Taken
SUB-0959,S16,Dose High,Week 8,2026-05-05,Dose Taken
SUB-0959,S16,Dose High,Week 12,2026-06-02,Dose Taken
SUB-0959,S16,Dose High,Week 16,2026-06-30,Dose Taken
SUB-0959,S16,Dose High,Week 24,2026-08-25,Dose Taken
SUB-0961,S16,Dose Low,Baseline,2025-11-29,Dose Taken
SUB-0961,S16,Dose Low,Week 2,2025-12-13,Dose Taken
SUB-0961,S16,Dose Low,Week 4,2025-12-27,Dose Taken
SUB-0961,S16,Dose Low,Week 8,2026-01-24,Dose Taken
SUB-0961,S16,Dose Low,Week 12,2026-02-21,Dose Taken
SUB-0961,S16,Dose Low,Week 16,2026-03-21,Dose Taken
SUB-0961,S16,Dose Low,Week 24,2026-05-16,Dose Taken
SUB-0961,S16,Dose Low,Week 36,2026-08-08,Dose Taken
SUB-0962,S16,Dose Low,Baseline,2025-07-29,Dose Taken
SUB-0962,S16,Dose Low,Week 2,2025-08-12,Dose Taken
SUB-0962,S16,Dose Low,Week 4,2025-08-26,Dose Taken
SUB-0962,S16,Dose Low,Week 8,2025-09-23,Dose Taken
SUB-0962,S16,Dose Low,Week 12,2025-10-21,Dose Taken
SUB-0962,S16,Dose Low,Week 16,2025-11-18,Dose Taken
SUB-0962,S16,Dose Low,Week 24,2026-01-13,Dose Taken
SUB-0962,S16,Dose Low,Week 36,2026-04-07,Dose Taken
SUB-0962,S16,Dose Low,Week 52 / EOT,2026-07-28,Dose Taken
SUB-0963,S16,Dose High,Baseline,2026-06-01,Dose Taken
SUB-0963,S16,Dose High,Week 2,2026-06-15,Dose Taken
SUB-0963,S16,Dose High,Week 4,2026-06-29,Dose Taken
SUB-0963,S16,Dose High,Week 8,2026-07-27,Dose Taken
SUB-0963,S16,Dose High,Week 12,2026-08-24,Dose Taken
SUB-0963,S16,Dose High,Week 16,2026-09-21,Dose Taken
SUB-0965,S16,Dose High,Baseline,2026-01-21,Dose Taken
SUB-0965,S16,Dose High,Week 2,2026-02-04,Dose Taken
SUB-0965,S16,Dose High,Week 4,2026-02-18,Dose Taken
SUB-0965,S16,Dose High,Week 8,2026-03-18,Dose Taken
SUB-0965,S16,Dose High,Week 12,2026-04-15,Dose Reduced
SUB-0965,S16,Dose High,Week 16,2026-05-13,Dose Taken
SUB-0965,S16,Dose High,Week 24,2026-07-08,Dose Taken
SUB-0965,S16,Dose High,Week 36,2026-09-30,Dose Taken
SUB-0970,S16,Dose Low,Baseline,2026-07-10,Dose Taken
SUB-0970,S16,Dose Low,Week 2,2026-07-24,Dose Taken
SUB-0970,S16,Dose Low,Week 4,2026-08-07,Dose Taken
SUB-0970,S16,Dose Low,Week 8,2026-09-04,Dose Taken
SUB-0971,S17,Dose High,Baseline,2026-09-23,Dose Taken
SUB-0972,S17,Dose High,Baseline,2026-09-27,Dose Taken
SUB-0973,S17,Dose High,Baseline,2025-08-31,Dose Taken
SUB-0973,S17,Dose High,Week 2,2025-09-14,Dose Taken
SUB-0973,S17,Dose High,Week 4,2025-09-28,Dose Taken
SUB-0973,S17,Dose High,Week 8,2025-10-26,Dose Held (AE)
SUB-0973,S17,Dose High,Week 12,2025-11-23,Dose Taken
SUB-0973,S17,Dose High,Week 16,2025-12-21,Dose Taken
SUB-0973,S17,Dose High,Week 24,2026-02-15,Dose Taken
SUB-0973,S17,Dose High,Week 36,2026-05-10,Dose Taken
SUB-0973,S17,Dose High,Week 52 / EOT,2026-08-30,Dose Taken
SUB-0974,S17,Dose Low,Baseline,2025-10-16,Dose Taken
SUB-0974,S17,Dose Low,Week 2,2025-10-30,Dose Taken
SUB-0974,S17,Dose Low,Week 4,2025-11-13,Dose Taken
SUB-0974,S17,Dose Low,Week 8,2025-12-11,Dose Taken
SUB-0974,S17,Dose Low,Week 12,2026-01-08,Dose Held (AE)
SUB-0974,S17,Dose Low,Week 16,2026-02-05,Dose Taken
SUB-0974,S17,Dose Low,Week 24,2026-04-02,Dose Taken
SUB-0974,S17,Dose Low,Week 36,2026-06-25,Dose Taken
SUB-0975,S17,Dose High,Baseline,2026-08-08,Dose Taken
SUB-0975,S17,Dose High,Week 2,2026-08-22,Dose Taken
SUB-0975,S17,Dose High,Week 4,2026-09-05,Dose Taken
SUB-0981,S17,Dose Low,Baseline,2026-04-05,Dose Taken
SUB-0981,S17,Dose Low,Week 2,2026-04-19,Dose Taken
SUB-0981,S17,Dose Low,Week 4,2026-05-03,Dose Taken
SUB-0981,S17,Dose Low,Week 8,2026-05-31,Dose Taken
SUB-0981,S17,Dose Low,Week 12,2026-06-28,Dose Taken
SUB-0981,S17,Dose Low,Week 16,2026-07-26,Dose Taken
SUB-0981,S17,Dose Low,Week 24,2026-09-20,Dose Taken
SUB-0985,S17,Dose High,Baseline,2026-03-21,Dose Taken
SUB-0985,S17,Dose High,Week 2,2026-04-04,Dose Taken
SUB-0985,S17,Dose High,Week 4,2026-04-18,Dose Taken
SUB-0985,S17,Dose High,Week 8,2026-05-16,Dose Taken
SUB-0985,S17,Dose High,Week 12,2026-06-13,Dose Held (AE)
SUB-0985,S17,Dose High,Week 16,2026-07-11,Dose Taken
SUB-0985,S17,Dose High,Week 24,2026-09-05,Dose Taken
SUB-0986,S17,Dose Low,Baseline,2026-08-30,Dose Taken
SUB-0986,S17,Dose Low,Week 2,2026-09-13,Dose Taken
SUB-0986,S17,Dose Low,Week 4,2026-09-27,Dose Reduced
SUB-0987,S17,Dose Low,Baseline,2026-06-13,Dose Taken
SUB-0987,S17,Dose Low,Week 2,2026-06-27,Dose Taken
SUB-0987,S17,Dose Low,Week 4,2026-07-11,Dose Taken
SUB-0987,S17,Dose Low,Week 8,2026-08-08,Dose Taken
SUB-0987,S17,Dose Low,Week 12,2026-09-05,Dose Taken
SUB-0988,S17,Dose Low,Baseline,2026-09-22,Dose Reduced
SUB-0989,S17,Dose Low,Baseline,2026-09-22,Dose Taken
SUB-0990,S17,Dose Low,Baseline,2025-10-25,Dose Taken
SUB-0990,S17,Dose Low,Week 2,2025-11-08,Dose Taken
SUB-0990,S17,Dose Low,Week 4,2025-11-22,Dose Taken
SUB-0990,S17,Dose Low,Week 8,2025-12-20,Dose Taken
SUB-0990,S17,Dose Low,Week 12,2026-01-17,Dose Taken
SUB-0990,S17,Dose Low,Week 16,2026-02-14,Dose Taken
SUB-0990,S17,Dose Low,Week 24,2026-04-11,Dose Taken
SUB-0990,S17,Dose Low,Week 36,2026-07-04,Dose Taken
SUB-0991,S17,Dose High,Baseline,2026-09-20,Dose Taken
SUB-0992,S17,Dose Low,Baseline,2025-10-09,Dose Taken
SUB-0992,S17,Dose Low,Week 2,2025-10-23,Dose Taken
SUB-0992,S17,Dose Low,Week 4,2025-11-06,Dose Taken
SUB-0992,S17,Dose Low,Week 8,2025-12-04,Dose Taken
SUB-0992,S17,Dose Low,Week 12,2026-01-01,Dose Taken
SUB-0992,S17,Dose Low,Week 16,2026-01-29,Dose Taken
SUB-0992,S17,Dose Low,Week 24,2026-03-26,Dose Taken
SUB-0992,S17,Dose Low,Week 36,2026-06-18,Dose Taken
SUB-0993,S17,Dose High,Baseline,2025-11-25,Dose Taken
SUB-0993,S17,Dose High,Week 2,2025-12-09,Dose Taken
SUB-0993,S17,Dose High,Week 4,2025-12-23,Dose Reduced
SUB-0993,S17,Dose High,Week 8,2026-01-20,Dose Taken
SUB-0993,S17,Dose High,Week 12,2026-02-17,Dose Held (AE)
SUB-0993,S17,Dose High,Week 16,2026-03-17,Dose Taken
SUB-0993,S17,Dose High,Week 24,2026-05-12,Dose Taken
SUB-0993,S17,Dose High,Week 36,2026-08-04,Dose Taken
SUB-0996,S17,Dose High,Baseline,2026-03-17,Dose Taken
SUB-0996,S17,Dose High,Week 2,2026-03-31,Dose Taken
SUB-0996,S17,Dose High,Week 4,2026-04-14,Dose Taken
SUB-0996,S17,Dose High,Week 8,2026-05-12,Dose Taken
SUB-0996,S17,Dose High,Week 12,2026-06-09,Dose Missed
SUB-0996,S17,Dose High,Week 16,2026-07-07,Dose Taken
SUB-0996,S17,Dose High,Week 24,2026-09-01,Dose Taken
SUB-0997,S17,Dose Low,Baseline,2025-11-13,Dose Taken
SUB-0997,S17,Dose Low,Week 2,2025-11-27,Dose Taken
SUB-0997,S17,Dose Low,Week 4,2025-12-11,Dose Reduced
SUB-0997,S17,Dose Low,Week 8,2026-01-08,Dose Taken
SUB-0997,S17,Dose Low,Week 12,2026-02-05,Dose Taken
SUB-0997,S17,Dose Low,Week 16,2026-03-05,Dose Taken
SUB-0997,S17,Dose Low,Week 24,2026-04-30,Dose Taken
SUB-0997,S17,Dose Low,Week 36,2026-07-23,Dose Taken
SUB-0999,S17,Dose Low,Baseline,2026-09-14,Dose Reduced
SUB-0999,S17,Dose Low,Week 2,2026-09-28,Dose Taken
SUB-1001,S17,Dose High,Baseline,2026-02-17,Dose Taken
SUB-1001,S17,Dose High,Week 2,2026-03-03,Dose Taken
SUB-1001,S17,Dose High,Week 4,2026-03-17,Dose Taken
SUB-1001,S17,Dose High,Week 8,2026-04-14,Dose Taken
SUB-1001,S17,Dose High,Week 12,2026-05-12,Dose Taken
SUB-1001,S17,Dose High,Week 16,2026-06-09,Dose Taken
SUB-1001,S17,Dose High,Week 24,2026-08-04,Dose Taken
SUB-1002,S17,Dose Low,Baseline,2025-10-29,Dose Taken
SUB-1002,S17,Dose Low,Week 2,2025-11-12,Dose Taken
SUB-1002,S17,Dose Low,Week 4,2025-11-26,Dose Taken
SUB-1002,S17,Dose Low,Week 8,2025-12-24,Dose Taken
SUB-1002,S17,Dose Low,Week 12,2026-01-21,Dose Taken
SUB-1002,S17,Dose Low,Week 16,2026-02-18,Dose Taken
SUB-1002,S17,Dose Low,Week 24,2026-04-15,Dose Taken
SUB-1002,S17,Dose Low,Week 36,2026-07-08,Dose Taken
SUB-1003,S17,Dose High,Baseline,2026-02-27,Dose Taken
SUB-1003,S17,Dose High,Week 2,2026-03-13,Dose Taken
SUB-1003,S17,Dose High,Week 4,2026-03-27,Dose Reduced
SUB-1003,S17,Dose High,Week 8,2026-04-24,Dose Taken
SUB-1003,S17,Dose High,Week 12,2026-05-22,Dose Taken
SUB-1003,S17,Dose High,Week 16,2026-06-19,Dose Taken
SUB-1003,S17,Dose High,Week 24,2026-08-14,Dose Taken
SUB-1004,S17,Dose Low,Baseline,2026-09-27,Dose Taken
SUB-1013,S17,Dose High,Baseline,2026-02-19,Dose Taken
SUB-1013,S17,Dose High,Week 2,2026-03-05,Dose Taken
SUB-1013,S17,Dose High,Week 4,2026-03-19,Dose Taken
SUB-1013,S17,Dose High,Week 8,2026-04-16,Dose Taken
SUB-1013,S17,Dose High,Week 12,2026-05-14,Dose Reduced
SUB-1013,S17,Dose High,Week 16,2026-06-11,Dose Taken
SUB-1013,S17,Dose High,Week 24,2026-08-06,Dose Taken
SUB-1015,S17,Dose Low,Baseline,2026-09-28,Dose Taken
SUB-1016,S17,Dose High,Baseline,2026-09-20,Dose Taken
SUB-1017,S17,Dose Low,Baseline,2026-06-09,Dose Taken
SUB-1017,S17,Dose Low,Week 2,2026-06-23,Dose Taken
SUB-1017,S17,Dose Low,Week 4,2026-07-07,Dose Taken
SUB-1017,S17,Dose Low,Week 8,2026-08-04,Dose Taken
SUB-1017,S17,Dose Low,Week 12,2026-09-01,Dose Held (AE)
SUB-1017,S17,Dose Low,Week 16,2026-09-29,Dose Taken
SUB-1019,S17,Dose High,Baseline,2025-12-21,Dose Taken
SUB-1019,S17,Dose High,Week 2,2026-01-04,Dose Taken
SUB-1019,S17,Dose High,Week 4,2026-01-18,Dose Taken
SUB-1019,S17,Dose High,Week 8,2026-02-15,Dose Taken
SUB-1019,S17,Dose High,Week 12,2026-03-15,Dose Taken
SUB-1019,S17,Dose High,Week 16,2026-04-12,Dose Taken
SUB-1019,S17,Dose High,Week 24,2026-06-07,Dose Taken
SUB-1019,S17,Dose High,Week 36,2026-08-30,Dose Taken
SUB-1020,S17,Dose High,Baseline,2025-08-20,Dose Taken
SUB-1020,S17,Dose High,Week 2,2025-09-03,Dose Taken
SUB-1020,S17,Dose High,Week 4,2025-09-17,Dose Taken
SUB-1020,S17,Dose High,Week 8,2025-10-15,Dose Taken
SUB-1020,S17,Dose High,Week 12,2025-11-12,Dose Taken
SUB-1020,S17,Dose High,Week 16,2025-12-10,Dose Taken
SUB-1020,S17,Dose High,Week 24,2026-02-04,Dose Taken
SUB-1020,S17,Dose High,Week 36,2026-04-29,Dose Taken
SUB-1020,S17,Dose High,Week 52 / EOT,2026-08-19,Dose Taken
SUB-1021,S17,Dose High,Baseline,2026-09-29,Dose Taken
SUB-1022,S17,Dose High,Baseline,2026-06-18,Dose Held (AE)
SUB-1022,S17,Dose High,Week 2,2026-07-02,Dose Taken
SUB-1022,S17,Dose High,Week 4,2026-07-16,Dose Held (AE)
SUB-1022,S17,Dose High,Week 8,2026-08-13,Dose Taken
SUB-1022,S17,Dose High,Week 12,2026-09-10,Dose Taken
SUB-1024,S17,Dose High,Baseline,2026-01-15,Dose Taken
SUB-1024,S17,Dose High,Week 2,2026-01-29,Dose Taken
SUB-1024,S17,Dose High,Week 4,2026-02-12,Dose Taken
SUB-1024,S17,Dose High,Week 8,2026-03-12,Dose Taken
SUB-1024,S17,Dose High,Week 12,2026-04-09,Dose Taken
SUB-1024,S17,Dose High,Week 16,2026-05-07,Dose Taken
SUB-1024,S17,Dose High,Week 24,2026-07-02,Dose Held (AE)
SUB-1024,S17,Dose High,Week 36,2026-09-24,Dose Taken
SUB-1026,S17,Dose High,Baseline,2026-01-26,Dose Taken
SUB-1026,S17,Dose High,Week 2,2026-02-09,Dose Taken
SUB-1026,S17,Dose High,Week 4,2026-02-23,Dose Taken
SUB-1026,S17,Dose High,Week 8,2026-03-23,Dose Held (AE)
SUB-1026,S17,Dose High,Week 12,2026-04-20,Dose Taken
SUB-1026,S17,Dose High,Week 16,2026-05-18,Dose Taken
SUB-1026,S17,Dose High,Week 24,2026-07-13,Dose Taken
SUB-1027,S18,Dose High,Baseline,2025-11-29,Dose Taken
SUB-1027,S18,Dose High,Week 2,2025-12-13,Dose Taken
SUB-1027,S18,Dose High,Week 4,2025-12-27,Dose Taken
SUB-1027,S18,Dose High,Week 8,2026-01-24,Dose Taken
SUB-1027,S18,Dose High,Week 12,2026-02-21,Dose Taken
SUB-1027,S18,Dose High,Week 16,2026-03-21,Dose Taken
SUB-1027,S18,Dose High,Week 24,2026-05-16,Dose Taken
SUB-1027,S18,Dose High,Week 36,2026-08-08,Dose Taken
SUB-1028,S18,Dose Low,Baseline,2026-05-10,Dose Taken
SUB-1028,S18,Dose Low,Week 2,2026-05-24,Dose Taken
SUB-1028,S18,Dose Low,Week 4,2026-06-07,Dose Reduced
SUB-1028,S18,Dose Low,Week 8,2026-07-05,Dose Taken
SUB-1028,S18,Dose Low,Week 12,2026-08-02,Dose Taken
SUB-1028,S18,Dose Low,Week 16,2026-08-30,Dose Taken
SUB-1030,S18,Dose High,Baseline,2026-04-23,Dose Taken
SUB-1030,S18,Dose High,Week 2,2026-05-07,Dose Taken
SUB-1030,S18,Dose High,Week 4,2026-05-21,Dose Taken
SUB-1030,S18,Dose High,Week 8,2026-06-18,Dose Taken
SUB-1030,S18,Dose High,Week 12,2026-07-16,Dose Taken
SUB-1030,S18,Dose High,Week 16,2026-08-13,Dose Taken
SUB-1031,S18,Dose Low,Baseline,2025-10-23,Dose Taken
SUB-1031,S18,Dose Low,Week 2,2025-11-06,Dose Taken
SUB-1031,S18,Dose Low,Week 4,2025-11-20,Dose Taken
SUB-1031,S18,Dose Low,Week 8,2025-12-18,Dose Taken
SUB-1031,S18,Dose Low,Week 12,2026-01-15,Dose Taken
SUB-1031,S18,Dose Low,Week 16,2026-02-12,Dose Taken
SUB-1031,S18,Dose Low,Week 24,2026-04-09,Dose Taken
SUB-1031,S18,Dose Low,Week 36,2026-07-02,Dose Taken
SUB-1032,S18,Dose High,Baseline,2026-08-12,Dose Taken
SUB-1032,S18,Dose High,Week 2,2026-08-26,Dose Missed
SUB-1032,S18,Dose High,Week 4,2026-09-09,Dose Taken
SUB-1033,S18,Dose High,Baseline,2025-09-20,Dose Reduced
SUB-1033,S18,Dose High,Week 2,2025-10-04,Dose Taken
SUB-1033,S18,Dose High,Week 4,2025-10-18,Dose Taken
SUB-1033,S18,Dose High,Week 8,2025-11-15,Dose Taken
SUB-1033,S18,Dose High,Week 12,2025-12-13,Dose Taken
SUB-1033,S18,Dose High,Week 16,2026-01-10,Dose Taken
SUB-1033,S18,Dose High,Week 24,2026-03-07,Dose Taken
SUB-1033,S18,Dose High,Week 36,2026-05-30,Dose Taken
SUB-1033,S18,Dose High,Week 52 / EOT,2026-09-19,Dose Taken
SUB-1034,S18,Dose Low,Baseline,2025-10-17,Dose Taken
SUB-1034,S18,Dose Low,Week 2,2025-10-31,Dose Taken
SUB-1034,S18,Dose Low,Week 4,2025-11-14,Dose Taken
SUB-1034,S18,Dose Low,Week 8,2025-12-12,Dose Taken
SUB-1034,S18,Dose Low,Week 12,2026-01-09,Dose Taken
SUB-1034,S18,Dose Low,Week 16,2026-02-06,Dose Taken
SUB-1034,S18,Dose Low,Week 24,2026-04-03,Dose Taken
SUB-1034,S18,Dose Low,Week 36,2026-06-26,Dose Taken
SUB-1035,S18,Dose Low,Baseline,2025-07-27,Dose Taken
SUB-1035,S18,Dose Low,Week 2,2025-08-10,Dose Taken
SUB-1035,S18,Dose Low,Week 4,2025-08-24,Dose Taken
SUB-1035,S18,Dose Low,Week 8,2025-09-21,Dose Taken
SUB-1035,S18,Dose Low,Week 12,2025-10-19,Dose Taken
SUB-1035,S18,Dose Low,Week 16,2025-11-16,Dose Taken
SUB-1035,S18,Dose Low,Week 24,2026-01-11,Dose Taken
SUB-1035,S18,Dose Low,Week 36,2026-04-05,Dose Taken
SUB-1035,S18,Dose Low,Week 52 / EOT,2026-07-26,Dose Taken
SUB-1037,S18,Dose Low,Baseline,2026-09-27,Dose Taken
SUB-1039,S18,Dose High,Baseline,2026-08-06,Dose Taken
SUB-1039,S18,Dose High,Week 2,2026-08-20,Dose Taken
SUB-1039,S18,Dose High,Week 4,2026-09-03,Dose Taken
SUB-1040,S18,Dose High,Baseline,2025-09-25,Dose Taken
SUB-1040,S18,Dose High,Week 2,2025-10-09,Dose Taken
SUB-1040,S18,Dose High,Week 4,2025-10-23,Dose Taken
SUB-1040,S18,Dose High,Week 8,2025-11-20,Dose Taken
SUB-1040,S18,Dose High,Week 12,2025-12-18,Dose Taken
SUB-1040,S18,Dose High,Week 16,2026-01-15,Dose Taken
SUB-1040,S18,Dose High,Week 24,2026-03-12,Dose Taken
SUB-1040,S18,Dose High,Week 36,2026-06-04,Dose Taken
SUB-1040,S18,Dose High,Week 52 / EOT,2026-09-24,Dose Taken
SUB-1041,S18,Dose High,Baseline,2026-09-13,Dose Taken
SUB-1041,S18,Dose High,Week 2,2026-09-27,Dose Taken
SUB-1042,S18,Dose Low,Baseline,2026-09-25,Dose Taken
SUB-1043,S18,Dose Low,Baseline,2026-03-20,Dose Taken
SUB-1043,S18,Dose Low,Week 2,2026-04-03,Dose Taken
SUB-1043,S18,Dose Low,Week 4,2026-04-17,Dose Taken
SUB-1043,S18,Dose Low,Week 8,2026-05-15,Dose Taken
SUB-1043,S18,Dose Low,Week 12,2026-06-12,Dose Taken
SUB-1043,S18,Dose Low,Week 16,2026-07-10,Dose Taken
SUB-1043,S18,Dose Low,Week 24,2026-09-04,Dose Taken
SUB-1044,S18,Dose Low,Baseline,2025-10-05,Dose Taken
SUB-1044,S18,Dose Low,Week 2,2025-10-19,Dose Taken
SUB-1044,S18,Dose Low,Week 4,2025-11-02,Dose Taken
SUB-1044,S18,Dose Low,Week 8,2025-11-30,Dose Taken
SUB-1044,S18,Dose Low,Week 12,2025-12-28,Dose Held (AE)
SUB-1044,S18,Dose Low,Week 16,2026-01-25,Dose Taken
SUB-1044,S18,Dose Low,Week 24,2026-03-22,Dose Taken
SUB-1044,S18,Dose Low,Week 36,2026-06-14,Dose Taken
SUB-1045,S18,Dose High,Baseline,2026-09-14,Dose Taken
SUB-1045,S18,Dose High,Week 2,2026-09-28,Dose Taken
SUB-1051,S18,Dose High,Baseline,2026-03-14,Dose Taken
SUB-1051,S18,Dose High,Week 2,2026-03-28,Dose Taken
SUB-1051,S18,Dose High,Week 4,2026-04-11,Dose Taken
SUB-1051,S18,Dose High,Week 8,2026-05-09,Dose Taken
SUB-1051,S18,Dose High,Week 12,2026-06-06,Dose Taken
SUB-1051,S18,Dose High,Week 16,2026-07-04,Dose Taken
SUB-1051,S18,Dose High,Week 24,2026-08-29,Dose Taken
SUB-1052,S18,Dose Low,Baseline,2025-12-15,Dose Held (AE)
SUB-1052,S18,Dose Low,Week 2,2025-12-29,Dose Taken
SUB-1052,S18,Dose Low,Week 4,2026-01-12,Dose Taken
SUB-1052,S18,Dose Low,Week 8,2026-02-09,Dose Taken
SUB-1052,S18,Dose Low,Week 12,2026-03-09,Dose Taken
SUB-1052,S18,Dose Low,Week 16,2026-04-06,Dose Taken
SUB-1052,S18,Dose Low,Week 24,2026-06-01,Dose Taken
SUB-1052,S18,Dose Low,Week 36,2026-08-24,Dose Taken
SUB-1053,S18,Dose High,Baseline,2026-05-30,Dose Taken
SUB-1053,S18,Dose High,Week 2,2026-06-13,Dose Taken
SUB-1053,S18,Dose High,Week 4,2026-06-27,Dose Taken
SUB-1053,S18,Dose High,Week 8,2026-07-25,Dose Taken
SUB-1053,S18,Dose High,Week 12,2026-08-22,Dose Taken
SUB-1053,S18,Dose High,Week 16,2026-09-19,Dose Taken
SUB-1054,S18,Dose Low,Baseline,2026-05-10,Dose Taken
SUB-1054,S18,Dose Low,Week 2,2026-05-24,Dose Taken
SUB-1054,S18,Dose Low,Week 4,2026-06-07,Dose Taken
SUB-1054,S18,Dose Low,Week 8,2026-07-05,Dose Taken
SUB-1054,S18,Dose Low,Week 12,2026-08-02,Dose Taken
SUB-1054,S18,Dose Low,Week 16,2026-08-30,Dose Taken
SUB-1055,S18,Dose High,Baseline,2025-09-15,Dose Taken
SUB-1055,S18,Dose High,Week 2,2025-09-29,Dose Taken
SUB-1055,S18,Dose High,Week 4,2025-10-13,Dose Taken
SUB-1055,S18,Dose High,Week 8,2025-11-10,Dose Taken
SUB-1055,S18,Dose High,Week 12,2025-12-08,Dose Taken
SUB-1055,S18,Dose High,Week 16,2026-01-05,Dose Taken
SUB-1055,S18,Dose High,Week 24,2026-03-02,Dose Taken
SUB-1055,S18,Dose High,Week 36,2026-05-25,Dose Missed
SUB-1055,S18,Dose High,Week 52 / EOT,2026-09-14,Dose Taken
SUB-1057,S18,Dose Low,Baseline,2026-09-21,Dose Taken
SUB-1060,S18,Dose High,Baseline,2025-09-30,Dose Taken
SUB-1060,S18,Dose High,Week 2,2025-10-14,Dose Held (AE)
SUB-1060,S18,Dose High,Week 4,2025-10-28,Dose Taken
SUB-1060,S18,Dose High,Week 8,2025-11-25,Dose Taken
SUB-1060,S18,Dose High,Week 12,2025-12-23,Dose Taken
SUB-1060,S18,Dose High,Week 16,2026-01-20,Dose Taken
SUB-1060,S18,Dose High,Week 24,2026-03-17,Dose Taken
SUB-1060,S18,Dose High,Week 36,2026-06-09,Dose Taken
SUB-1060,S18,Dose High,Week 52 / EOT,2026-09-29,Dose Taken
SUB-1061,S18,Dose Low,Baseline,2025-11-19,Dose Held (AE)
SUB-1061,S18,Dose Low,Week 2,2025-12-03,Dose Reduced
SUB-1061,S18,Dose Low,Week 4,2025-12-17,Dose Taken
SUB-1061,S18,Dose Low,Week 8,2026-01-14,Dose Taken
SUB-1061,S18,Dose Low,Week 12,2026-02-11,Dose Taken
SUB-1061,S18,Dose Low,Week 16,2026-03-11,Dose Taken
SUB-1061,S18,Dose Low,Week 24,2026-05-06,Dose Taken
SUB-1061,S18,Dose Low,Week 36,2026-07-29,Dose Taken
SUB-1062,S18,Dose Low,Baseline,2025-11-11,Dose Taken
SUB-1062,S18,Dose Low,Week 2,2025-11-25,Dose Taken
SUB-1062,S18,Dose Low,Week 4,2025-12-09,Dose Taken
SUB-1062,S18,Dose Low,Week 8,2026-01-06,Dose Reduced
SUB-1062,S18,Dose Low,Week 12,2026-02-03,Dose Taken
SUB-1062,S18,Dose Low,Week 16,2026-03-03,Dose Taken
SUB-1062,S18,Dose Low,Week 24,2026-04-28,Dose Taken
SUB-1062,S18,Dose Low,Week 36,2026-07-21,Dose Taken
SUB-1063,S18,Dose Low,Baseline,2026-05-16,Dose Taken
SUB-1063,S18,Dose Low,Week 2,2026-05-30,Dose Taken
SUB-1063,S18,Dose Low,Week 4,2026-06-13,Dose Taken
SUB-1063,S18,Dose Low,Week 8,2026-07-11,Dose Held (AE)
SUB-1063,S18,Dose Low,Week 12,2026-08-08,Dose Reduced
SUB-1063,S18,Dose Low,Week 16,2026-09-05,Dose Taken
SUB-1066,S18,Dose High,Baseline,2025-12-21,Dose Taken
SUB-1066,S18,Dose High,Week 2,2026-01-04,Dose Taken
SUB-1066,S18,Dose High,Week 4,2026-01-18,Dose Reduced
SUB-1066,S18,Dose High,Week 8,2026-02-15,Dose Taken
SUB-1066,S18,Dose High,Week 12,2026-03-15,Dose Taken
SUB-1066,S18,Dose High,Week 16,2026-04-12,Dose Taken
SUB-1066,S18,Dose High,Week 24,2026-06-07,Dose Taken
SUB-1066,S18,Dose High,Week 36,2026-08-30,Dose Reduced
SUB-1067,S18,Dose Low,Baseline,2025-12-29,Dose Taken
SUB-1067,S18,Dose Low,Week 2,2026-01-12,Dose Taken
SUB-1067,S18,Dose Low,Week 4,2026-01-26,Dose Taken
SUB-1067,S18,Dose Low,Week 8,2026-02-23,Dose Taken
SUB-1067,S18,Dose Low,Week 12,2026-03-23,Dose Taken
SUB-1067,S18,Dose Low,Week 16,2026-04-20,Dose Taken
SUB-1067,S18,Dose Low,Week 24,2026-06-15,Dose Taken
SUB-1067,S18,Dose Low,Week 36,2026-09-07,Dose Taken
SUB-1070,S18,Dose High,Baseline,2026-09-18,Dose Taken
SUB-1071,S18,Dose Low,Baseline,2025-07-26,Dose Missed
SUB-1071,S18,Dose Low,Week 2,2025-08-09,Dose Taken
SUB-1071,S18,Dose Low,Week 4,2025-08-23,Dose Missed
SUB-1071,S18,Dose Low,Week 8,2025-09-20,Dose Taken
SUB-1071,S18,Dose Low,Week 12,2025-10-18,Dose Taken
SUB-1071,S18,Dose Low,Week 16,2025-11-15,Dose Taken
SUB-1071,S18,Dose Low,Week 24,2026-01-10,Dose Taken
SUB-1071,S18,Dose Low,Week 36,2026-04-04,Dose Taken
SUB-1071,S18,Dose Low,Week 52 / EOT,2026-07-25,Dose Taken
SUB-1072,S18,Dose High,Baseline,2025-10-11,Dose Taken
SUB-1072,S18,Dose High,Week 2,2025-10-25,Dose Taken
SUB-1072,S18,Dose High,Week 4,2025-11-08,Dose Taken
SUB-1072,S18,Dose High,Week 8,2025-12-06,Dose Reduced
SUB-1072,S18,Dose High,Week 12,2026-01-03,Dose Taken
SUB-1072,S18,Dose High,Week 16,2026-01-31,Dose Taken
SUB-1072,S18,Dose High,Week 24,2026-03-28,Dose Taken
SUB-1072,S18,Dose High,Week 36,2026-06-20,Dose Taken
SUB-1076,S18,Dose Low,Baseline,2025-12-30,Dose Taken
SUB-1076,S18,Dose Low,Week 2,2026-01-13,Dose Taken
SUB-1076,S18,Dose Low,Week 4,2026-01-27,Dose Taken
SUB-1076,S18,Dose Low,Week 8,2026-02-24,Dose Taken
SUB-1076,S18,Dose Low,Week 12,2026-03-24,Dose Taken
SUB-1076,S18,Dose Low,Week 16,2026-04-21,Dose Taken
SUB-1076,S18,Dose Low,Week 24,2026-06-16,Dose Taken
SUB-1076,S18,Dose Low,Week 36,2026-09-08,Dose Taken
SUB-1077,S18,Dose Low,Baseline,2025-11-08,Dose Taken
SUB-1077,S18,Dose Low,Week 2,2025-11-22,Dose Taken
SUB-1077,S18,Dose Low,Week 4,2025-12-06,Dose Taken
SUB-1077,S18,Dose Low,Week 8,2026-01-03,Dose Taken
SUB-1077,S18,Dose Low,Week 12,2026-01-31,Dose Taken
SUB-1077,S18,Dose Low,Week 16,2026-02-28,Dose Taken
SUB-1077,S18,Dose Low,Week 24,2026-04-25,Dose Taken
SUB-1077,S18,Dose Low,Week 36,2026-07-18,Dose Taken
SUB-1080,S18,Dose Low,Baseline,2025-12-04,Dose Taken
SUB-1080,S18,Dose Low,Week 2,2025-12-18,Dose Taken
SUB-1080,S18,Dose Low,Week 4,2026-01-01,Dose Held (AE)
SUB-1080,S18,Dose Low,Week 8,2026-01-29,Dose Taken
SUB-1080,S18,Dose Low,Week 12,2026-02-26,Dose Held (AE)
SUB-1080,S18,Dose Low,Week 16,2026-03-26,Dose Taken
SUB-1080,S18,Dose Low,Week 24,2026-05-21,Dose Taken
SUB-1080,S18,Dose Low,Week 36,2026-08-13,Dose Taken
SUB-1083,S18,Dose Low,Baseline,2025-10-16,Dose Taken
SUB-1083,S18,Dose Low,Week 2,2025-10-30,Dose Taken
SUB-1083,S18,Dose Low,Week 4,2025-11-13,Dose Taken
SUB-1083,S18,Dose Low,Week 8,2025-12-11,Dose Taken
SUB-1083,S18,Dose Low,Week 12,2026-01-08,Dose Taken
SUB-1083,S18,Dose Low,Week 16,2026-02-05,Dose Taken
SUB-1083,S18,Dose Low,Week 24,2026-04-02,Dose Taken
SUB-1083,S18,Dose Low,Week 36,2026-06-25,Dose Taken
SUB-1084,S18,Dose Low,Baseline,2026-01-16,Dose Taken
SUB-1084,S18,Dose Low,Week 2,2026-01-30,Dose Taken
SUB-1084,S18,Dose Low,Week 4,2026-02-13,Dose Taken
SUB-1084,S18,Dose Low,Week 8,2026-03-13,Dose Held (AE)
SUB-1084,S18,Dose Low,Week 12,2026-04-10,Dose Taken
SUB-1084,S18,Dose Low,Week 16,2026-05-08,Dose Taken
SUB-1084,S18,Dose Low,Week 24,2026-07-03,Dose Taken
SUB-1084,S18,Dose Low,Week 36,2026-09-25,Dose Taken
SUB-1085,S18,Dose High,Baseline,2025-12-20,Dose Taken
SUB-1085,S18,Dose High,Week 2,2026-01-03,Dose Taken
SUB-1085,S18,Dose High,Week 4,2026-01-17,Dose Taken
SUB-1085,S18,Dose High,Week 8,2026-02-14,Dose Taken
SUB-1085,S18,Dose High,Week 12,2026-03-14,Dose Taken
SUB-1085,S18,Dose High,Week 16,2026-04-11,Dose Taken
SUB-1085,S18,Dose High,Week 24,2026-06-06,Dose Taken
SUB-1085,S18,Dose High,Week 36,2026-08-29,Dose Taken
SUB-1086,S18,Dose Low,Baseline,2026-07-13,Dose Taken
SUB-1086,S18,Dose Low,Week 2,2026-07-27,Dose Taken
SUB-1086,S18,Dose Low,Week 4,2026-08-10,Dose Taken
SUB-1086,S18,Dose Low,Week 8,2026-09-07,Dose Taken
SUB-1087,S18,Dose Low,Baseline,2026-05-28,Dose Taken
SUB-1087,S18,Dose Low,Week 2,2026-06-11,Dose Taken
SUB-1087,S18,Dose Low,Week 4,2026-06-25,Dose Taken
SUB-1087,S18,Dose Low,Week 8,2026-07-23,Dose Taken
SUB-1087,S18,Dose Low,Week 12,2026-08-20,Dose Taken
SUB-1087,S18,Dose Low,Week 16,2026-09-17,Dose Taken
SUB-1089,S18,Dose Low,Baseline,2026-09-18,Dose Taken
SUB-1092,S18,Dose Low,Baseline,2026-02-03,Dose Taken
SUB-1092,S18,Dose Low,Week 2,2026-02-17,Dose Taken
SUB-1092,S18,Dose Low,Week 4,2026-03-03,Dose Taken
SUB-1092,S18,Dose Low,Week 8,2026-03-31,Dose Held (AE)
SUB-1092,S18,Dose Low,Week 12,2026-04-28,Dose Taken
SUB-1092,S18,Dose Low,Week 16,2026-05-26,Dose Taken
SUB-1092,S18,Dose Low,Week 24,2026-07-21,Dose Taken
SUB-1093,S19,Dose High,Baseline,2026-06-08,Dose Taken
SUB-1093,S19,Dose High,Week 2,2026-06-22,Dose Taken
SUB-1093,S19,Dose High,Week 4,2026-07-06,Dose Taken
SUB-1093,S19,Dose High,Week 8,2026-08-03,Dose Taken
SUB-1093,S19,Dose High,Week 12,2026-08-31,Dose Taken
SUB-1093,S19,Dose High,Week 16,2026-09-28,Dose Missed
SUB-1096,S19,Dose Low,Baseline,2026-03-02,Dose Taken
SUB-1096,S19,Dose Low,Week 2,2026-03-16,Dose Taken
SUB-1096,S19,Dose Low,Week 4,2026-03-30,Dose Taken
SUB-1096,S19,Dose Low,Week 8,2026-04-27,Dose Taken
SUB-1096,S19,Dose Low,Week 12,2026-05-25,Dose Taken
SUB-1096,S19,Dose Low,Week 16,2026-06-22,Dose Taken
SUB-1096,S19,Dose Low,Week 24,2026-08-17,Dose Taken
SUB-1099,S19,Dose Low,Baseline,2025-12-07,Dose Taken
SUB-1099,S19,Dose Low,Week 2,2025-12-21,Dose Taken
SUB-1099,S19,Dose Low,Week 4,2026-01-04,Dose Taken
SUB-1099,S19,Dose Low,Week 8,2026-02-01,Dose Taken
SUB-1099,S19,Dose Low,Week 12,2026-03-01,Dose Taken
SUB-1099,S19,Dose Low,Week 16,2026-03-29,Dose Taken
SUB-1099,S19,Dose Low,Week 24,2026-05-24,Dose Taken
SUB-1099,S19,Dose Low,Week 36,2026-08-16,Dose Taken
SUB-1100,S19,Dose Low,Baseline,2026-02-07,Dose Taken
SUB-1100,S19,Dose Low,Week 2,2026-02-21,Dose Taken
SUB-1100,S19,Dose Low,Week 4,2026-03-07,Dose Taken
SUB-1100,S19,Dose Low,Week 8,2026-04-04,Dose Taken
SUB-1100,S19,Dose Low,Week 12,2026-05-02,Dose Taken
SUB-1100,S19,Dose Low,Week 16,2026-05-30,Dose Taken
SUB-1100,S19,Dose Low,Week 24,2026-07-25,Dose Taken
SUB-1102,S19,Dose High,Baseline,2025-12-30,Dose Held (AE)
SUB-1102,S19,Dose High,Week 2,2026-01-13,Dose Taken
SUB-1102,S19,Dose High,Week 4,2026-01-27,Dose Taken
SUB-1102,S19,Dose High,Week 8,2026-02-24,Dose Missed
SUB-1102,S19,Dose High,Week 12,2026-03-24,Dose Taken
SUB-1102,S19,Dose High,Week 16,2026-04-21,Dose Taken
SUB-1102,S19,Dose High,Week 24,2026-06-16,Dose Held (AE)
SUB-1102,S19,Dose High,Week 36,2026-09-08,Dose Taken
SUB-1103,S19,Dose Low,Baseline,2025-11-25,Dose Taken
SUB-1103,S19,Dose Low,Week 2,2025-12-09,Dose Taken
SUB-1103,S19,Dose Low,Week 4,2025-12-23,Dose Taken
SUB-1103,S19,Dose Low,Week 8,2026-01-20,Dose Taken
SUB-1103,S19,Dose Low,Week 12,2026-02-17,Dose Taken
SUB-1103,S19,Dose Low,Week 16,2026-03-17,Dose Taken
SUB-1103,S19,Dose Low,Week 24,2026-05-12,Dose Taken
SUB-1103,S19,Dose Low,Week 36,2026-08-04,Dose Taken
SUB-1104,S19,Dose Low,Baseline,2026-02-04,Dose Taken
SUB-1104,S19,Dose Low,Week 2,2026-02-18,Dose Taken
SUB-1104,S19,Dose Low,Week 4,2026-03-04,Dose Taken
SUB-1104,S19,Dose Low,Week 8,2026-04-01,Dose Taken
SUB-1104,S19,Dose Low,Week 12,2026-04-29,Dose Held (AE)
SUB-1104,S19,Dose Low,Week 16,2026-05-27,Dose Taken
SUB-1104,S19,Dose Low,Week 24,2026-07-22,Dose Taken
SUB-1105,S19,Dose High,Baseline,2025-08-29,Dose Taken
SUB-1105,S19,Dose High,Week 2,2025-09-12,Dose Taken
SUB-1105,S19,Dose High,Week 4,2025-09-26,Dose Taken
SUB-1105,S19,Dose High,Week 8,2025-10-24,Dose Taken
SUB-1105,S19,Dose High,Week 12,2025-11-21,Dose Taken
SUB-1105,S19,Dose High,Week 16,2025-12-19,Dose Taken
SUB-1105,S19,Dose High,Week 24,2026-02-13,Dose Taken
SUB-1105,S19,Dose High,Week 36,2026-05-08,Dose Taken
SUB-1105,S19,Dose High,Week 52 / EOT,2026-08-28,Dose Taken
SUB-1106,S19,Dose High,Baseline,2026-08-01,Dose Taken
SUB-1106,S19,Dose High,Week 2,2026-08-15,Dose Taken
SUB-1106,S19,Dose High,Week 4,2026-08-29,Dose Taken
SUB-1106,S19,Dose High,Week 8,2026-09-26,Dose Taken
SUB-1107,S19,Dose High,Baseline,2026-06-08,Dose Taken
SUB-1107,S19,Dose High,Week 2,2026-06-22,Dose Taken
SUB-1107,S19,Dose High,Week 4,2026-07-06,Dose Taken
SUB-1107,S19,Dose High,Week 8,2026-08-03,Dose Taken
SUB-1107,S19,Dose High,Week 12,2026-08-31,Dose Taken
SUB-1107,S19,Dose High,Week 16,2026-09-28,Dose Taken
SUB-1111,S19,Dose Low,Baseline,2026-02-03,Dose Taken
SUB-1111,S19,Dose Low,Week 2,2026-02-17,Dose Taken
SUB-1111,S19,Dose Low,Week 4,2026-03-03,Dose Taken
SUB-1111,S19,Dose Low,Week 8,2026-03-31,Dose Taken
SUB-1111,S19,Dose Low,Week 12,2026-04-28,Dose Taken
SUB-1111,S19,Dose Low,Week 16,2026-05-26,Dose Taken
SUB-1111,S19,Dose Low,Week 24,2026-07-21,Dose Taken
SUB-1114,S19,Dose High,Baseline,2025-06-29,Dose Taken
SUB-1114,S19,Dose High,Week 2,2025-07-13,Dose Taken
SUB-1114,S19,Dose High,Week 4,2025-07-27,Dose Taken
SUB-1114,S19,Dose High,Week 8,2025-08-24,Dose Taken
SUB-1114,S19,Dose High,Week 12,2025-09-21,Dose Held (AE)
SUB-1114,S19,Dose High,Week 16,2025-10-19,Dose Taken
SUB-1114,S19,Dose High,Week 24,2025-12-14,Dose Taken
SUB-1114,S19,Dose High,Week 36,2026-03-08,Dose Taken
SUB-1114,S19,Dose High,Week 52 / EOT,2026-06-28,Dose Taken
SUB-1121,S19,Dose Low,Baseline,2025-11-27,Dose Taken
SUB-1121,S19,Dose Low,Week 2,2025-12-11,Dose Taken
SUB-1121,S19,Dose Low,Week 4,2025-12-25,Dose Taken
SUB-1121,S19,Dose Low,Week 8,2026-01-22,Dose Taken
SUB-1121,S19,Dose Low,Week 12,2026-02-19,Dose Taken
SUB-1121,S19,Dose Low,Week 16,2026-03-19,Dose Taken
SUB-1121,S19,Dose Low,Week 24,2026-05-14,Dose Taken
SUB-1121,S19,Dose Low,Week 36,2026-08-06,Dose Taken
SUB-1122,S19,Dose High,Baseline,2025-08-11,Dose Taken
SUB-1122,S19,Dose High,Week 2,2025-08-25,Dose Reduced
SUB-1122,S19,Dose High,Week 4,2025-09-08,Dose Taken
SUB-1122,S19,Dose High,Week 8,2025-10-06,Dose Taken
SUB-1122,S19,Dose High,Week 12,2025-11-03,Dose Taken
SUB-1122,S19,Dose High,Week 16,2025-12-01,Dose Taken
SUB-1122,S19,Dose High,Week 24,2026-01-26,Dose Taken
SUB-1122,S19,Dose High,Week 36,2026-04-20,Dose Taken
SUB-1122,S19,Dose High,Week 52 / EOT,2026-08-10,Dose Taken
SUB-1123,S19,Dose High,Baseline,2025-06-28,Dose Reduced
SUB-1123,S19,Dose High,Week 2,2025-07-12,Dose Taken
SUB-1123,S19,Dose High,Week 4,2025-07-26,Dose Taken
SUB-1123,S19,Dose High,Week 8,2025-08-23,Dose Taken
SUB-1123,S19,Dose High,Week 12,2025-09-20,Dose Taken
SUB-1123,S19,Dose High,Week 16,2025-10-18,Dose Taken
SUB-1123,S19,Dose High,Week 24,2025-12-13,Dose Taken
SUB-1123,S19,Dose High,Week 36,2026-03-07,Dose Taken
SUB-1123,S19,Dose High,Week 52 / EOT,2026-06-27,Dose Taken
SUB-1124,S19,Dose High,Baseline,2026-02-19,Dose Taken
SUB-1124,S19,Dose High,Week 2,2026-03-05,Dose Taken
SUB-1124,S19,Dose High,Week 4,2026-03-19,Dose Taken
SUB-1124,S19,Dose High,Week 8,2026-04-16,Dose Taken
SUB-1124,S19,Dose High,Week 12,2026-05-14,Dose Taken
SUB-1124,S19,Dose High,Week 16,2026-06-11,Dose Taken
SUB-1124,S19,Dose High,Week 24,2026-08-06,Dose Taken
SUB-1125,S19,Dose High,Baseline,2026-04-21,Dose Taken
SUB-1125,S19,Dose High,Week 2,2026-05-05,Dose Taken
SUB-1125,S19,Dose High,Week 4,2026-05-19,Dose Taken
SUB-1125,S19,Dose High,Week 8,2026-06-16,Dose Taken
SUB-1125,S19,Dose High,Week 12,2026-07-14,Dose Taken
SUB-1125,S19,Dose High,Week 16,2026-08-11,Dose Taken
SUB-1128,S19,Dose High,Baseline,2026-01-18,Dose Taken
SUB-1128,S19,Dose High,Week 2,2026-02-01,Dose Taken
SUB-1128,S19,Dose High,Week 4,2026-02-15,Dose Taken
SUB-1128,S19,Dose High,Week 8,2026-03-15,Dose Missed
SUB-1128,S19,Dose High,Week 12,2026-04-12,Dose Taken
SUB-1128,S19,Dose High,Week 16,2026-05-10,Dose Taken
SUB-1128,S19,Dose High,Week 24,2026-07-05,Dose Taken
SUB-1128,S19,Dose High,Week 36,2026-09-27,Dose Taken
SUB-1129,S19,Dose High,Baseline,2025-07-09,Dose Taken
SUB-1129,S19,Dose High,Week 2,2025-07-23,Dose Taken
SUB-1129,S19,Dose High,Week 4,2025-08-06,Dose Taken
SUB-1129,S19,Dose High,Week 8,2025-09-03,Dose Taken
SUB-1129,S19,Dose High,Week 12,2025-10-01,Dose Taken
SUB-1129,S19,Dose High,Week 16,2025-10-29,Dose Taken
SUB-1129,S19,Dose High,Week 24,2025-12-24,Dose Taken
SUB-1129,S19,Dose High,Week 36,2026-03-18,Dose Taken
SUB-1129,S19,Dose High,Week 52 / EOT,2026-07-08,Dose Held (AE)
SUB-1132,S19,Dose Low,Baseline,2026-06-02,Dose Taken
SUB-1132,S19,Dose Low,Week 2,2026-06-16,Dose Taken
SUB-1132,S19,Dose Low,Week 4,2026-06-30,Dose Reduced
SUB-1132,S19,Dose Low,Week 8,2026-07-28,Dose Taken
SUB-1132,S19,Dose Low,Week 12,2026-08-25,Dose Taken
SUB-1132,S19,Dose Low,Week 16,2026-09-22,Dose Taken
SUB-1133,S19,Dose High,Baseline,2026-03-15,Dose Taken
SUB-1133,S19,Dose High,Week 2,2026-03-29,Dose Taken
SUB-1133,S19,Dose High,Week 4,2026-04-12,Dose Taken
SUB-1133,S19,Dose High,Week 8,2026-05-10,Dose Taken
SUB-1133,S19,Dose High,Week 12,2026-06-07,Dose Taken
SUB-1133,S19,Dose High,Week 16,2026-07-05,Dose Taken
SUB-1133,S19,Dose High,Week 24,2026-08-30,Dose Taken
SUB-1135,S19,Dose Low,Baseline,2026-04-21,Dose Taken
SUB-1135,S19,Dose Low,Week 2,2026-05-05,Dose Taken
SUB-1135,S19,Dose Low,Week 4,2026-05-19,Dose Taken
SUB-1135,S19,Dose Low,Week 8,2026-06-16,Dose Taken
SUB-1135,S19,Dose Low,Week 12,2026-07-14,Dose Missed
SUB-1135,S19,Dose Low,Week 16,2026-08-11,Dose Taken
SUB-1138,S19,Dose High,Baseline,2026-03-13,Dose Taken
SUB-1138,S19,Dose High,Week 2,2026-03-27,Dose Taken
SUB-1138,S19,Dose High,Week 4,2026-04-10,Dose Taken
SUB-1138,S19,Dose High,Week 8,2026-05-08,Dose Taken
SUB-1138,S19,Dose High,Week 12,2026-06-05,Dose Taken
SUB-1138,S19,Dose High,Week 16,2026-07-03,Dose Taken
SUB-1138,S19,Dose High,Week 24,2026-08-28,Dose Taken
SUB-1140,S19,Dose High,Baseline,2025-12-04,Dose Taken
SUB-1140,S19,Dose High,Week 2,2025-12-18,Dose Taken
SUB-1140,S19,Dose High,Week 4,2026-01-01,Dose Taken
SUB-1140,S19,Dose High,Week 8,2026-01-29,Dose Taken
SUB-1140,S19,Dose High,Week 12,2026-02-26,Dose Taken
SUB-1140,S19,Dose High,Week 16,2026-03-26,Dose Taken
SUB-1140,S19,Dose High,Week 24,2026-05-21,Dose Taken
SUB-1140,S19,Dose High,Week 36,2026-08-13,Dose Taken
SUB-1143,S19,Dose Low,Baseline,2025-07-01,Dose Taken
SUB-1143,S19,Dose Low,Week 2,2025-07-15,Dose Reduced
SUB-1143,S19,Dose Low,Week 4,2025-07-29,Dose Taken
SUB-1143,S19,Dose Low,Week 8,2025-08-26,Dose Held (AE)
SUB-1143,S19,Dose Low,Week 12,2025-09-23,Dose Taken
SUB-1143,S19,Dose Low,Week 16,2025-10-21,Dose Taken
SUB-1143,S19,Dose Low,Week 24,2025-12-16,Dose Taken
SUB-1143,S19,Dose Low,Week 36,2026-03-10,Dose Taken
SUB-1143,S19,Dose Low,Week 52 / EOT,2026-06-30,Dose Taken
SUB-1144,S19,Dose Low,Baseline,2026-09-12,Dose Taken
SUB-1144,S19,Dose Low,Week 2,2026-09-26,Dose Taken
SUB-1147,S20,Dose High,Baseline,2026-04-14,Dose Taken
SUB-1147,S20,Dose High,Week 2,2026-04-28,Dose Taken
SUB-1147,S20,Dose High,Week 4,2026-05-12,Dose Taken
SUB-1147,S20,Dose High,Week 8,2026-06-09,Dose Taken
SUB-1147,S20,Dose High,Week 12,2026-07-07,Dose Taken
SUB-1147,S20,Dose High,Week 16,2026-08-04,Dose Taken
SUB-1147,S20,Dose High,Week 24,2026-09-29,Dose Taken
SUB-1149,S20,Dose High,Baseline,2026-03-29,Dose Taken
SUB-1149,S20,Dose High,Week 2,2026-04-12,Dose Taken
SUB-1149,S20,Dose High,Week 4,2026-04-26,Dose Taken
SUB-1149,S20,Dose High,Week 8,2026-05-24,Dose Taken
SUB-1149,S20,Dose High,Week 12,2026-06-21,Dose Taken
SUB-1149,S20,Dose High,Week 16,2026-07-19,Dose Taken
SUB-1149,S20,Dose High,Week 24,2026-09-13,Dose Taken
SUB-1151,S20,Dose Low,Baseline,2025-10-15,Dose Taken
SUB-1151,S20,Dose Low,Week 2,2025-10-29,Dose Taken
SUB-1151,S20,Dose Low,Week 4,2025-11-12,Dose Taken
SUB-1151,S20,Dose Low,Week 8,2025-12-10,Dose Taken
SUB-1151,S20,Dose Low,Week 12,2026-01-07,Dose Taken
SUB-1151,S20,Dose Low,Week 16,2026-02-04,Dose Taken
SUB-1151,S20,Dose Low,Week 24,2026-04-01,Dose Taken
SUB-1151,S20,Dose Low,Week 36,2026-06-24,Dose Held (AE)
SUB-1152,S20,Dose High,Baseline,2026-09-28,Dose Taken
SUB-1154,S20,Dose High,Baseline,2026-09-03,Dose Taken
SUB-1154,S20,Dose High,Week 2,2026-09-17,Dose Taken
SUB-1155,S20,Dose Low,Baseline,2025-10-30,Dose Taken
SUB-1155,S20,Dose Low,Week 2,2025-11-13,Dose Taken
SUB-1155,S20,Dose Low,Week 4,2025-11-27,Dose Taken
SUB-1155,S20,Dose Low,Week 8,2025-12-25,Dose Taken
SUB-1155,S20,Dose Low,Week 12,2026-01-22,Dose Taken
SUB-1155,S20,Dose Low,Week 16,2026-02-19,Dose Taken
SUB-1155,S20,Dose Low,Week 24,2026-04-16,Dose Taken
SUB-1155,S20,Dose Low,Week 36,2026-07-09,Dose Taken
SUB-1158,S20,Dose High,Baseline,2025-11-10,Dose Taken
SUB-1158,S20,Dose High,Week 2,2025-11-24,Dose Taken
SUB-1158,S20,Dose High,Week 4,2025-12-08,Dose Taken
SUB-1158,S20,Dose High,Week 8,2026-01-05,Dose Taken
SUB-1158,S20,Dose High,Week 12,2026-02-02,Dose Taken
SUB-1158,S20,Dose High,Week 16,2026-03-02,Dose Taken
SUB-1158,S20,Dose High,Week 24,2026-04-27,Dose Taken
SUB-1158,S20,Dose High,Week 36,2026-07-20,Dose Taken
SUB-1160,S20,Dose High,Baseline,2026-01-19,Dose Taken
SUB-1160,S20,Dose High,Week 2,2026-02-02,Dose Taken
SUB-1160,S20,Dose High,Week 4,2026-02-16,Dose Taken
SUB-1160,S20,Dose High,Week 8,2026-03-16,Dose Taken
SUB-1160,S20,Dose High,Week 12,2026-04-13,Dose Taken
SUB-1160,S20,Dose High,Week 16,2026-05-11,Dose Taken
SUB-1160,S20,Dose High,Week 24,2026-07-06,Dose Reduced
SUB-1160,S20,Dose High,Week 36,2026-09-28,Dose Taken
SUB-1163,S20,Dose Low,Baseline,2025-12-06,Dose Taken
SUB-1163,S20,Dose Low,Week 2,2025-12-20,Dose Taken
SUB-1163,S20,Dose Low,Week 4,2026-01-03,Dose Taken
SUB-1163,S20,Dose Low,Week 8,2026-01-31,Dose Taken
SUB-1163,S20,Dose Low,Week 12,2026-02-28,Dose Taken
SUB-1163,S20,Dose Low,Week 16,2026-03-28,Dose Taken
SUB-1163,S20,Dose Low,Week 24,2026-05-23,Dose Taken
SUB-1163,S20,Dose Low,Week 36,2026-08-15,Dose Taken
SUB-1164,S20,Dose Low,Baseline,2026-02-18,Dose Taken
SUB-1164,S20,Dose Low,Week 2,2026-03-04,Dose Held (AE)
SUB-1164,S20,Dose Low,Week 4,2026-03-18,Dose Taken
SUB-1164,S20,Dose Low,Week 8,2026-04-15,Dose Taken
SUB-1164,S20,Dose Low,Week 12,2026-05-13,Dose Taken
SUB-1164,S20,Dose Low,Week 16,2026-06-10,Dose Taken
SUB-1164,S20,Dose Low,Week 24,2026-08-05,Dose Taken
SUB-1169,S20,Dose Low,Baseline,2026-08-09,Dose Taken
SUB-1169,S20,Dose Low,Week 2,2026-08-23,Dose Taken
SUB-1169,S20,Dose Low,Week 4,2026-09-06,Dose Held (AE)
SUB-1171,S20,Dose High,Baseline,2026-04-22,Dose Taken
SUB-1171,S20,Dose High,Week 2,2026-05-06,Dose Held (AE)
SUB-1171,S20,Dose High,Week 4,2026-05-20,Dose Taken
SUB-1171,S20,Dose High,Week 8,2026-06-17,Dose Taken
SUB-1171,S20,Dose High,Week 12,2026-07-15,Dose Taken
SUB-1171,S20,Dose High,Week 16,2026-08-12,Dose Taken
SUB-1172,S20,Dose High,Baseline,2026-08-24,Dose Taken
SUB-1172,S20,Dose High,Week 2,2026-09-07,Dose Taken
SUB-1172,S20,Dose High,Week 4,2026-09-21,Dose Taken
SUB-1176,S20,Dose Low,Baseline,2025-11-12,Dose Taken
SUB-1176,S20,Dose Low,Week 2,2025-11-26,Dose Taken
SUB-1176,S20,Dose Low,Week 4,2025-12-10,Dose Held (AE)
SUB-1176,S20,Dose Low,Week 8,2026-01-07,Dose Taken
SUB-1176,S20,Dose Low,Week 12,2026-02-04,Dose Taken
SUB-1176,S20,Dose Low,Week 16,2026-03-04,Dose Taken
SUB-1176,S20,Dose Low,Week 24,2026-04-29,Dose Taken
SUB-1176,S20,Dose Low,Week 36,2026-07-22,Dose Taken
SUB-1177,S20,Dose Low,Baseline,2026-09-08,Dose Taken
SUB-1177,S20,Dose Low,Week 2,2026-09-22,Dose Taken
SUB-1183,S20,Dose High,Baseline,2026-01-09,Dose Taken
SUB-1183,S20,Dose High,Week 2,2026-01-23,Dose Missed
SUB-1183,S20,Dose High,Week 4,2026-02-06,Dose Taken
SUB-1183,S20,Dose High,Week 8,2026-03-06,Dose Taken
SUB-1183,S20,Dose High,Week 12,2026-04-03,Dose Taken
SUB-1183,S20,Dose High,Week 16,2026-05-01,Dose Taken
SUB-1183,S20,Dose High,Week 24,2026-06-26,Dose Taken
SUB-1183,S20,Dose High,Week 36,2026-09-18,Dose Taken
SUB-1186,S20,Dose High,Baseline,2026-01-27,Dose Taken
SUB-1186,S20,Dose High,Week 2,2026-02-10,Dose Taken
SUB-1186,S20,Dose High,Week 4,2026-02-24,Dose Taken
SUB-1186,S20,Dose High,Week 8,2026-03-24,Dose Taken
SUB-1186,S20,Dose High,Week 12,2026-04-21,Dose Taken
SUB-1186,S20,Dose High,Week 16,2026-05-19,Dose Taken
SUB-1186,S20,Dose High,Week 24,2026-07-14,Dose Taken
SUB-1188,S20,Dose High,Baseline,2026-04-27,Dose Taken
SUB-1188,S20,Dose High,Week 2,2026-05-11,Dose Taken
SUB-1188,S20,Dose High,Week 4,2026-05-25,Dose Taken
SUB-1188,S20,Dose High,Week 8,2026-06-22,Dose Taken
SUB-1188,S20,Dose High,Week 12,2026-07-20,Dose Taken
SUB-1188,S20,Dose High,Week 16,2026-08-17,Dose Taken
SUB-1189,S20,Dose High,Baseline,2026-09-07,Dose Taken
SUB-1189,S20,Dose High,Week 2,2026-09-21,Dose Taken
SUB-1190,S20,Dose Low,Baseline,2025-07-25,Dose Taken
SUB-1190,S20,Dose Low,Week 2,2025-08-08,Dose Taken
SUB-1190,S20,Dose Low,Week 4,2025-08-22,Dose Taken
SUB-1190,S20,Dose Low,Week 8,2025-09-19,Dose Taken
SUB-1190,S20,Dose Low,Week 12,2025-10-17,Dose Taken
SUB-1190,S20,Dose Low,Week 16,2025-11-14,Dose Taken
SUB-1190,S20,Dose Low,Week 24,2026-01-09,Dose Taken
SUB-1190,S20,Dose Low,Week 36,2026-04-03,Dose Taken
SUB-1190,S20,Dose Low,Week 52 / EOT,2026-07-24,Dose Taken
SUB-1191,S20,Dose Low,Baseline,2025-08-18,Dose Taken
SUB-1191,S20,Dose Low,Week 2,2025-09-01,Dose Taken
SUB-1191,S20,Dose Low,Week 4,2025-09-15,Dose Taken
SUB-1191,S20,Dose Low,Week 8,2025-10-13,Dose Taken
SUB-1191,S20,Dose Low,Week 12,2025-11-10,Dose Taken
SUB-1191,S20,Dose Low,Week 16,2025-12-08,Dose Taken
SUB-1191,S20,Dose Low,Week 24,2026-02-02,Dose Taken
SUB-1191,S20,Dose Low,Week 36,2026-04-27,Dose Taken
SUB-1191,S20,Dose Low,Week 52 / EOT,2026-08-17,Dose Taken
SUB-1194,S20,Dose Low,Baseline,2025-12-07,Dose Taken
SUB-1194,S20,Dose Low,Week 2,2025-12-21,Dose Taken
SUB-1194,S20,Dose Low,Week 4,2026-01-04,Dose Taken
SUB-1194,S20,Dose Low,Week 8,2026-02-01,Dose Taken
SUB-1194,S20,Dose Low,Week 12,2026-03-01,Dose Taken
SUB-1194,S20,Dose Low,Week 16,2026-03-29,Dose Taken
SUB-1194,S20,Dose Low,Week 24,2026-05-24,Dose Taken
SUB-1194,S20,Dose Low,Week 36,2026-08-16,Dose Taken
SUB-1196,S20,Dose High,Baseline,2025-09-25,Dose Taken
SUB-1196,S20,Dose High,Week 2,2025-10-09,Dose Taken
SUB-1196,S20,Dose High,Week 4,2025-10-23,Dose Missed
SUB-1196,S20,Dose High,Week 8,2025-11-20,Dose Taken
SUB-1196,S20,Dose High,Week 12,2025-12-18,Dose Taken
SUB-1196,S20,Dose High,Week 16,2026-01-15,Dose Taken
SUB-1196,S20,Dose High,Week 24,2026-03-12,Dose Taken
SUB-1196,S20,Dose High,Week 36,2026-06-04,Dose Taken
SUB-1196,S20,Dose High,Week 52 / EOT,2026-09-24,Dose Taken
SUB-1200,S20,Dose Low,Baseline,2026-02-02,Dose Taken
SUB-1200,S20,Dose Low,Week 2,2026-02-16,Dose Taken
SUB-1200,S20,Dose Low,Week 4,2026-03-02,Dose Taken
SUB-1200,S20,Dose Low,Week 8,2026-03-30,Dose Taken
SUB-1200,S20,Dose Low,Week 12,2026-04-27,Dose Taken
SUB-1200,S20,Dose Low,Week 16,2026-05-25,Dose Missed
SUB-1200,S20,Dose Low,Week 24,2026-07-20,Dose Taken
SUB-1201,S20,Dose Low,Baseline,2026-01-03,Dose Taken
SUB-1201,S20,Dose Low,Week 2,2026-01-17,Dose Taken
SUB-1201,S20,Dose Low,Week 4,2026-01-31,Dose Reduced
SUB-1201,S20,Dose Low,Week 8,2026-02-28,Dose Taken
SUB-1201,S20,Dose Low,Week 12,2026-03-28,Dose Taken
SUB-1201,S20,Dose Low,Week 16,2026-04-25,Dose Taken
SUB-1201,S20,Dose Low,Week 24,2026-06-20,Dose Taken
SUB-1201,S20,Dose Low,Week 36,2026-09-12,Dose Taken
SUB-1204,S21,Dose Low,Baseline,2026-02-21,Dose Taken
SUB-1204,S21,Dose Low,Week 2,2026-03-07,Dose Taken
SUB-1204,S21,Dose Low,Week 4,2026-03-21,Dose Taken
SUB-1204,S21,Dose Low,Week 8,2026-04-18,Dose Taken
SUB-1204,S21,Dose Low,Week 12,2026-05-16,Dose Taken
SUB-1204,S21,Dose Low,Week 16,2026-06-13,Dose Taken
SUB-1204,S21,Dose Low,Week 24,2026-08-08,Dose Taken
SUB-1206,S21,Dose Low,Baseline,2026-09-03,Dose Taken
SUB-1206,S21,Dose Low,Week 2,2026-09-17,Dose Taken
SUB-1211,S21,Dose Low,Baseline,2026-01-19,Dose Taken
SUB-1211,S21,Dose Low,Week 2,2026-02-02,Dose Taken
SUB-1211,S21,Dose Low,Week 4,2026-02-16,Dose Taken
SUB-1211,S21,Dose Low,Week 8,2026-03-16,Dose Taken
SUB-1211,S21,Dose Low,Week 12,2026-04-13,Dose Taken
SUB-1211,S21,Dose Low,Week 16,2026-05-11,Dose Taken
SUB-1211,S21,Dose Low,Week 24,2026-07-06,Dose Taken
SUB-1211,S21,Dose Low,Week 36,2026-09-28,Dose Taken
SUB-1212,S21,Dose Low,Baseline,2026-03-02,Dose Taken
SUB-1212,S21,Dose Low,Week 2,2026-03-16,Dose Taken
SUB-1212,S21,Dose Low,Week 4,2026-03-30,Dose Taken
SUB-1212,S21,Dose Low,Week 8,2026-04-27,Dose Taken
SUB-1212,S21,Dose Low,Week 12,2026-05-25,Dose Taken
SUB-1212,S21,Dose Low,Week 16,2026-06-22,Dose Taken
SUB-1212,S21,Dose Low,Week 24,2026-08-17,Dose Taken
SUB-1213,S21,Dose High,Baseline,2026-09-17,Dose Taken
SUB-1215,S21,Dose High,Baseline,2025-07-13,Dose Taken
SUB-1215,S21,Dose High,Week 2,2025-07-27,Dose Taken
SUB-1215,S21,Dose High,Week 4,2025-08-10,Dose Taken
SUB-1215,S21,Dose High,Week 8,2025-09-07,Dose Taken
SUB-1215,S21,Dose High,Week 12,2025-10-05,Dose Taken
SUB-1215,S21,Dose High,Week 16,2025-11-02,Dose Taken
SUB-1215,S21,Dose High,Week 24,2025-12-28,Dose Taken
SUB-1215,S21,Dose High,Week 36,2026-03-22,Dose Taken
SUB-1215,S21,Dose High,Week 52 / EOT,2026-07-12,Dose Taken
SUB-1216,S21,Dose High,Baseline,2026-07-26,Dose Taken
SUB-1216,S21,Dose High,Week 2,2026-08-09,Dose Taken
SUB-1216,S21,Dose High,Week 4,2026-08-23,Dose Taken
SUB-1216,S21,Dose High,Week 8,2026-09-20,Dose Taken
SUB-1218,S21,Dose Low,Baseline,2025-05-15,Dose Taken
SUB-1218,S21,Dose Low,Week 2,2025-05-29,Dose Taken
SUB-1218,S21,Dose Low,Week 4,2025-06-12,Dose Taken
SUB-1218,S21,Dose Low,Week 8,2025-07-10,Dose Taken
SUB-1218,S21,Dose Low,Week 12,2025-08-07,Dose Taken
SUB-1218,S21,Dose Low,Week 16,2025-09-04,Dose Taken
SUB-1218,S21,Dose Low,Week 24,2025-10-30,Dose Reduced
SUB-1218,S21,Dose Low,Week 36,2026-01-22,Dose Taken
SUB-1218,S21,Dose Low,Week 52 / EOT,2026-05-14,Dose Taken
SUB-1219,S21,Dose High,Baseline,2025-05-13,Dose Reduced
SUB-1219,S21,Dose High,Week 2,2025-05-27,Dose Taken
SUB-1219,S21,Dose High,Week 4,2025-06-10,Dose Taken
SUB-1219,S21,Dose High,Week 8,2025-07-08,Dose Reduced
SUB-1219,S21,Dose High,Week 12,2025-08-05,Dose Taken
SUB-1219,S21,Dose High,Week 16,2025-09-02,Dose Taken
SUB-1219,S21,Dose High,Week 24,2025-10-28,Dose Taken
SUB-1219,S21,Dose High,Week 36,2026-01-20,Dose Taken
SUB-1219,S21,Dose High,Week 52 / EOT,2026-05-12,Dose Taken
SUB-1220,S21,Dose Low,Baseline,2026-03-17,Dose Taken
SUB-1220,S21,Dose Low,Week 2,2026-03-31,Dose Taken
SUB-1220,S21,Dose Low,Week 4,2026-04-14,Dose Taken
SUB-1220,S21,Dose Low,Week 8,2026-05-12,Dose Taken
SUB-1220,S21,Dose Low,Week 12,2026-06-09,Dose Taken
SUB-1220,S21,Dose Low,Week 16,2026-07-07,Dose Taken
SUB-1220,S21,Dose Low,Week 24,2026-09-01,Dose Taken
SUB-1221,S21,Dose High,Baseline,2026-01-20,Dose Taken
SUB-1221,S21,Dose High,Week 2,2026-02-03,Dose Reduced
SUB-1221,S21,Dose High,Week 4,2026-02-17,Dose Taken
SUB-1221,S21,Dose High,Week 8,2026-03-17,Dose Taken
SUB-1221,S21,Dose High,Week 12,2026-04-14,Dose Taken
SUB-1221,S21,Dose High,Week 16,2026-05-12,Dose Taken
SUB-1221,S21,Dose High,Week 24,2026-07-07,Dose Taken
SUB-1221,S21,Dose High,Week 36,2026-09-29,Dose Taken
SUB-1222,S21,Dose High,Baseline,2025-04-29,Dose Taken
SUB-1222,S21,Dose High,Week 2,2025-05-13,Dose Taken
SUB-1222,S21,Dose High,Week 4,2025-05-27,Dose Taken
SUB-1222,S21,Dose High,Week 8,2025-06-24,Dose Taken
SUB-1222,S21,Dose High,Week 12,2025-07-22,Dose Taken
SUB-1222,S21,Dose High,Week 16,2025-08-19,Dose Taken
SUB-1222,S21,Dose High,Week 24,2025-10-14,Dose Taken
SUB-1222,S21,Dose High,Week 36,2026-01-06,Dose Taken
SUB-1222,S21,Dose High,Week 52 / EOT,2026-04-28,Dose Taken
SUB-1225,S21,Dose High,Baseline,2025-05-18,Dose Taken
SUB-1225,S21,Dose High,Week 2,2025-06-01,Dose Taken
SUB-1225,S21,Dose High,Week 4,2025-06-15,Dose Reduced
SUB-1225,S21,Dose High,Week 8,2025-07-13,Dose Taken
SUB-1225,S21,Dose High,Week 12,2025-08-10,Dose Taken
SUB-1225,S21,Dose High,Week 16,2025-09-07,Dose Taken
SUB-1225,S21,Dose High,Week 24,2025-11-02,Dose Taken
SUB-1225,S21,Dose High,Week 36,2026-01-25,Dose Taken
SUB-1225,S21,Dose High,Week 52 / EOT,2026-05-17,Dose Taken
SUB-1226,S21,Dose High,Baseline,2025-08-27,Dose Held (AE)
SUB-1226,S21,Dose High,Week 2,2025-09-10,Dose Taken
SUB-1226,S21,Dose High,Week 4,2025-09-24,Dose Taken
SUB-1226,S21,Dose High,Week 8,2025-10-22,Dose Reduced
SUB-1226,S21,Dose High,Week 12,2025-11-19,Dose Taken
SUB-1226,S21,Dose High,Week 16,2025-12-17,Dose Taken
SUB-1226,S21,Dose High,Week 24,2026-02-11,Dose Taken
SUB-1226,S21,Dose High,Week 36,2026-05-06,Dose Taken
SUB-1226,S21,Dose High,Week 52 / EOT,2026-08-26,Dose Taken
SUB-1228,S21,Dose High,Baseline,2025-06-14,Dose Taken
SUB-1228,S21,Dose High,Week 2,2025-06-28,Dose Taken
SUB-1228,S21,Dose High,Week 4,2025-07-12,Dose Taken
SUB-1228,S21,Dose High,Week 8,2025-08-09,Dose Taken
SUB-1228,S21,Dose High,Week 12,2025-09-06,Dose Taken
SUB-1228,S21,Dose High,Week 16,2025-10-04,Dose Taken
SUB-1228,S21,Dose High,Week 24,2025-11-29,Dose Taken
SUB-1228,S21,Dose High,Week 36,2026-02-21,Dose Taken
SUB-1228,S21,Dose High,Week 52 / EOT,2026-06-13,Dose Taken
SUB-1229,S21,Dose Low,Baseline,2025-10-08,Dose Taken
SUB-1229,S21,Dose Low,Week 2,2025-10-22,Dose Taken
SUB-1229,S21,Dose Low,Week 4,2025-11-05,Dose Taken
SUB-1229,S21,Dose Low,Week 8,2025-12-03,Dose Taken
SUB-1229,S21,Dose Low,Week 12,2025-12-31,Dose Taken
SUB-1229,S21,Dose Low,Week 16,2026-01-28,Dose Taken
SUB-1229,S21,Dose Low,Week 24,2026-03-25,Dose Held (AE)
SUB-1229,S21,Dose Low,Week 36,2026-06-17,Dose Taken
SUB-1230,S21,Dose High,Baseline,2025-06-01,Dose Taken
SUB-1230,S21,Dose High,Week 2,2025-06-15,Dose Taken
SUB-1230,S21,Dose High,Week 4,2025-06-29,Dose Taken
SUB-1230,S21,Dose High,Week 8,2025-07-27,Dose Taken
SUB-1230,S21,Dose High,Week 12,2025-08-24,Dose Taken
SUB-1230,S21,Dose High,Week 16,2025-09-21,Dose Taken
SUB-1230,S21,Dose High,Week 24,2025-11-16,Dose Held (AE)
SUB-1230,S21,Dose High,Week 36,2026-02-08,Dose Taken
SUB-1230,S21,Dose High,Week 52 / EOT,2026-05-31,Dose Taken
SUB-1231,S21,Dose Low,Baseline,2026-06-22,Dose Taken
SUB-1231,S21,Dose Low,Week 2,2026-07-06,Dose Taken
SUB-1231,S21,Dose Low,Week 4,2026-07-20,Dose Taken
SUB-1231,S21,Dose Low,Week 8,2026-08-17,Dose Taken
SUB-1231,S21,Dose Low,Week 12,2026-09-14,Dose Taken
SUB-1232,S21,Dose Low,Baseline,2025-04-10,Dose Taken
SUB-1232,S21,Dose Low,Week 2,2025-04-24,Dose Taken
SUB-1232,S21,Dose Low,Week 4,2025-05-08,Dose Taken
SUB-1232,S21,Dose Low,Week 8,2025-06-05,Dose Taken
SUB-1232,S21,Dose Low,Week 12,2025-07-03,Dose Taken
SUB-1232,S21,Dose Low,Week 16,2025-07-31,Dose Taken
SUB-1232,S21,Dose Low,Week 24,2025-09-25,Dose Taken
SUB-1232,S21,Dose Low,Week 36,2025-12-18,Dose Taken
SUB-1232,S21,Dose Low,Week 52 / EOT,2026-04-09,Dose Held (AE)
SUB-1233,S21,Dose Low,Baseline,2025-06-16,Dose Taken
SUB-1233,S21,Dose Low,Week 2,2025-06-30,Dose Taken
SUB-1233,S21,Dose Low,Week 4,2025-07-14,Dose Taken
SUB-1233,S21,Dose Low,Week 8,2025-08-11,Dose Reduced
SUB-1233,S21,Dose Low,Week 12,2025-09-08,Dose Taken
SUB-1233,S21,Dose Low,Week 16,2025-10-06,Dose Taken
SUB-1233,S21,Dose Low,Week 24,2025-12-01,Dose Taken
SUB-1233,S21,Dose Low,Week 36,2026-02-23,Dose Taken
SUB-1233,S21,Dose Low,Week 52 / EOT,2026-06-15,Dose Taken
SUB-1236,S21,Dose High,Baseline,2026-09-23,Dose Missed
SUB-1237,S21,Dose High,Baseline,2026-06-20,Dose Taken
SUB-1237,S21,Dose High,Week 2,2026-07-04,Dose Taken
SUB-1237,S21,Dose High,Week 4,2026-07-18,Dose Taken
SUB-1237,S21,Dose High,Week 8,2026-08-15,Dose Taken
SUB-1237,S21,Dose High,Week 12,2026-09-12,Dose Taken
SUB-1238,S21,Dose Low,Baseline,2026-05-02,Dose Taken
SUB-1238,S21,Dose Low,Week 2,2026-05-16,Dose Taken
SUB-1238,S21,Dose Low,Week 4,2026-05-30,Dose Taken
SUB-1238,S21,Dose Low,Week 8,2026-06-27,Dose Taken
SUB-1238,S21,Dose Low,Week 12,2026-07-25,Dose Taken
SUB-1238,S21,Dose Low,Week 16,2026-08-22,Dose Taken
SUB-1239,S21,Dose Low,Baseline,2026-01-05,Dose Taken
SUB-1239,S21,Dose Low,Week 2,2026-01-19,Dose Taken
SUB-1239,S21,Dose Low,Week 4,2026-02-02,Dose Taken
SUB-1239,S21,Dose Low,Week 8,2026-03-02,Dose Taken
SUB-1239,S21,Dose Low,Week 12,2026-03-30,Dose Taken
SUB-1239,S21,Dose Low,Week 16,2026-04-27,Dose Taken
SUB-1239,S21,Dose Low,Week 24,2026-06-22,Dose Taken
SUB-1239,S21,Dose Low,Week 36,2026-09-14,Dose Taken
SUB-1240,S21,Dose High,Baseline,2025-08-07,Dose Taken
SUB-1240,S21,Dose High,Week 2,2025-08-21,Dose Taken
SUB-1240,S21,Dose High,Week 4,2025-09-04,Dose Taken
SUB-1240,S21,Dose High,Week 8,2025-10-02,Dose Taken
SUB-1240,S21,Dose High,Week 12,2025-10-30,Dose Taken
SUB-1240,S21,Dose High,Week 16,2025-11-27,Dose Taken
SUB-1240,S21,Dose High,Week 24,2026-01-22,Dose Taken
SUB-1240,S21,Dose High,Week 36,2026-04-16,Dose Taken
SUB-1240,S21,Dose High,Week 52 / EOT,2026-08-06,Dose Taken
SUB-1241,S21,Dose Low,Baseline,2026-01-13,Dose Taken
SUB-1241,S21,Dose Low,Week 2,2026-01-27,Dose Taken
SUB-1241,S21,Dose Low,Week 4,2026-02-10,Dose Taken
SUB-1241,S21,Dose Low,Week 8,2026-03-10,Dose Taken
SUB-1241,S21,Dose Low,Week 12,2026-04-07,Dose Taken
SUB-1241,S21,Dose Low,Week 16,2026-05-05,Dose Taken
SUB-1241,S21,Dose Low,Week 24,2026-06-30,Dose Taken
SUB-1241,S21,Dose Low,Week 36,2026-09-22,Dose Taken
SUB-1242,S21,Dose High,Baseline,2025-11-05,Dose Taken
SUB-1242,S21,Dose High,Week 2,2025-11-19,Dose Taken
SUB-1242,S21,Dose High,Week 4,2025-12-03,Dose Taken
SUB-1242,S21,Dose High,Week 8,2025-12-31,Dose Taken
SUB-1242,S21,Dose High,Week 12,2026-01-28,Dose Taken
SUB-1242,S21,Dose High,Week 16,2026-02-25,Dose Taken
SUB-1242,S21,Dose High,Week 24,2026-04-22,Dose Taken
SUB-1242,S21,Dose High,Week 36,2026-07-15,Dose Missed
SUB-1245,S21,Dose Low,Baseline,2026-08-31,Dose Held (AE)
SUB-1245,S21,Dose Low,Week 2,2026-09-14,Dose Taken
SUB-1245,S21,Dose Low,Week 4,2026-09-28,Dose Taken
SUB-1247,S21,Dose High,Baseline,2025-07-25,Dose Taken
SUB-1247,S21,Dose High,Week 2,2025-08-08,Dose Taken
SUB-1247,S21,Dose High,Week 4,2025-08-22,Dose Taken
SUB-1247,S21,Dose High,Week 8,2025-09-19,Dose Missed
SUB-1247,S21,Dose High,Week 12,2025-10-17,Dose Taken
SUB-1247,S21,Dose High,Week 16,2025-11-14,Dose Taken
SUB-1247,S21,Dose High,Week 24,2026-01-09,Dose Taken
SUB-1247,S21,Dose High,Week 36,2026-04-03,Dose Taken
SUB-1247,S21,Dose High,Week 52 / EOT,2026-07-24,Dose Taken
SUB-1248,S21,Dose Low,Baseline,2025-10-07,Dose Taken
SUB-1248,S21,Dose Low,Week 2,2025-10-21,Dose Taken
SUB-1248,S21,Dose Low,Week 4,2025-11-04,Dose Taken
SUB-1248,S21,Dose Low,Week 8,2025-12-02,Dose Taken
SUB-1248,S21,Dose Low,Week 12,2025-12-30,Dose Taken
SUB-1248,S21,Dose Low,Week 16,2026-01-27,Dose Taken
SUB-1248,S21,Dose Low,Week 24,2026-03-24,Dose Taken
SUB-1248,S21,Dose Low,Week 36,2026-06-16,Dose Taken
SUB-1249,S21,Dose Low,Baseline,2026-03-03,Dose Taken
SUB-1249,S21,Dose Low,Week 2,2026-03-17,Dose Taken
SUB-1249,S21,Dose Low,Week 4,2026-03-31,Dose Reduced
SUB-1249,S21,Dose Low,Week 8,2026-04-28,Dose Taken
SUB-1249,S21,Dose Low,Week 12,2026-05-26,Dose Taken
SUB-1249,S21,Dose Low,Week 16,2026-06-23,Dose Taken
SUB-1249,S21,Dose Low,Week 24,2026-08-18,Dose Taken
SUB-1254,S21,Dose Low,Baseline,2025-12-10,Dose Taken
SUB-1254,S21,Dose Low,Week 2,2025-12-24,Dose Taken
SUB-1254,S21,Dose Low,Week 4,2026-01-07,Dose Taken
SUB-1254,S21,Dose Low,Week 8,2026-02-04,Dose Taken
SUB-1254,S21,Dose Low,Week 12,2026-03-04,Dose Taken
SUB-1254,S21,Dose Low,Week 16,2026-04-01,Dose Taken
SUB-1254,S21,Dose Low,Week 24,2026-05-27,Dose Taken
SUB-1254,S21,Dose Low,Week 36,2026-08-19,Dose Taken
SUB-1255,S22,Dose High,Baseline,2026-09-29,Dose Taken
SUB-1261,S22,Dose High,Baseline,2025-08-09,Dose Held (AE)
SUB-1261,S22,Dose High,Week 2,2025-08-23,Dose Taken
SUB-1261,S22,Dose High,Week 4,2025-09-06,Dose Taken
SUB-1261,S22,Dose High,Week 8,2025-10-04,Dose Taken
SUB-1261,S22,Dose High,Week 12,2025-11-01,Dose Taken
SUB-1261,S22,Dose High,Week 16,2025-11-29,Dose Taken
SUB-1261,S22,Dose High,Week 24,2026-01-24,Dose Taken
SUB-1261,S22,Dose High,Week 36,2026-04-18,Dose Taken
SUB-1261,S22,Dose High,Week 52 / EOT,2026-08-08,Dose Taken
SUB-1262,S22,Dose Low,Baseline,2026-03-10,Dose Taken
SUB-1262,S22,Dose Low,Week 2,2026-03-24,Dose Taken
SUB-1262,S22,Dose Low,Week 4,2026-04-07,Dose Taken
SUB-1262,S22,Dose Low,Week 8,2026-05-05,Dose Taken
SUB-1262,S22,Dose Low,Week 12,2026-06-02,Dose Taken
SUB-1262,S22,Dose Low,Week 16,2026-06-30,Dose Taken
SUB-1262,S22,Dose Low,Week 24,2026-08-25,Dose Reduced
SUB-1265,S22,Dose High,Baseline,2026-05-22,Dose Taken
SUB-1265,S22,Dose High,Week 2,2026-06-05,Dose Taken
SUB-1265,S22,Dose High,Week 4,2026-06-19,Dose Taken
SUB-1265,S22,Dose High,Week 8,2026-07-17,Dose Taken
SUB-1265,S22,Dose High,Week 12,2026-08-14,Dose Taken
SUB-1265,S22,Dose High,Week 16,2026-09-11,Dose Taken
SUB-1266,S22,Dose High,Baseline,2026-09-20,Dose Taken
SUB-1267,S22,Dose Low,Baseline,2025-09-04,Dose Taken
SUB-1267,S22,Dose Low,Week 2,2025-09-18,Dose Taken
SUB-1267,S22,Dose Low,Week 4,2025-10-02,Dose Taken
SUB-1267,S22,Dose Low,Week 8,2025-10-30,Dose Taken
SUB-1267,S22,Dose Low,Week 12,2025-11-27,Dose Taken
SUB-1267,S22,Dose Low,Week 16,2025-12-25,Dose Taken
SUB-1267,S22,Dose Low,Week 24,2026-02-19,Dose Taken
SUB-1267,S22,Dose Low,Week 36,2026-05-14,Dose Taken
SUB-1267,S22,Dose Low,Week 52 / EOT,2026-09-03,Dose Taken
SUB-1269,S22,Dose High,Baseline,2026-09-11,Dose Taken
SUB-1269,S22,Dose High,Week 2,2026-09-25,Dose Taken
SUB-1270,S22,Dose High,Baseline,2025-09-10,Dose Taken
SUB-1270,S22,Dose High,Week 2,2025-09-24,Dose Taken
SUB-1270,S22,Dose High,Week 4,2025-10-08,Dose Taken
SUB-1270,S22,Dose High,Week 8,2025-11-05,Dose Taken
SUB-1270,S22,Dose High,Week 12,2025-12-03,Dose Taken
SUB-1270,S22,Dose High,Week 16,2025-12-31,Dose Missed
SUB-1270,S22,Dose High,Week 24,2026-02-25,Dose Taken
SUB-1270,S22,Dose High,Week 36,2026-05-20,Dose Taken
SUB-1270,S22,Dose High,Week 52 / EOT,2026-09-09,Dose Taken
SUB-1271,S22,Dose Low,Baseline,2025-09-25,Dose Taken
SUB-1271,S22,Dose Low,Week 2,2025-10-09,Dose Taken
SUB-1271,S22,Dose Low,Week 4,2025-10-23,Dose Taken
SUB-1271,S22,Dose Low,Week 8,2025-11-20,Dose Taken
SUB-1271,S22,Dose Low,Week 12,2025-12-18,Dose Taken
SUB-1271,S22,Dose Low,Week 16,2026-01-15,Dose Taken
SUB-1271,S22,Dose Low,Week 24,2026-03-12,Dose Held (AE)
SUB-1271,S22,Dose Low,Week 36,2026-06-04,Dose Taken
SUB-1271,S22,Dose Low,Week 52 / EOT,2026-09-24,Dose Taken
SUB-1272,S22,Dose High,Baseline,2025-09-19,Dose Taken
SUB-1272,S22,Dose High,Week 2,2025-10-03,Dose Taken
SUB-1272,S22,Dose High,Week 4,2025-10-17,Dose Taken
SUB-1272,S22,Dose High,Week 8,2025-11-14,Dose Taken
SUB-1272,S22,Dose High,Week 12,2025-12-12,Dose Taken
SUB-1272,S22,Dose High,Week 16,2026-01-09,Dose Reduced
SUB-1272,S22,Dose High,Week 24,2026-03-06,Dose Taken
SUB-1272,S22,Dose High,Week 36,2026-05-29,Dose Taken
SUB-1272,S22,Dose High,Week 52 / EOT,2026-09-18,Dose Taken
SUB-1273,S22,Dose High,Baseline,2026-09-21,Dose Taken
SUB-1274,S22,Dose Low,Baseline,2026-01-21,Dose Taken
SUB-1274,S22,Dose Low,Week 2,2026-02-04,Dose Held (AE)
SUB-1274,S22,Dose Low,Week 4,2026-02-18,Dose Reduced
SUB-1274,S22,Dose Low,Week 8,2026-03-18,Dose Taken
SUB-1274,S22,Dose Low,Week 12,2026-04-15,Dose Taken
SUB-1274,S22,Dose Low,Week 16,2026-05-13,Dose Taken
SUB-1274,S22,Dose Low,Week 24,2026-07-08,Dose Taken
SUB-1274,S22,Dose Low,Week 36,2026-09-30,Dose Missed
SUB-1275,S22,Dose High,Baseline,2025-10-03,Dose Taken
SUB-1275,S22,Dose High,Week 2,2025-10-17,Dose Taken
SUB-1275,S22,Dose High,Week 4,2025-10-31,Dose Taken
SUB-1275,S22,Dose High,Week 8,2025-11-28,Dose Taken
SUB-1275,S22,Dose High,Week 12,2025-12-26,Dose Taken
SUB-1275,S22,Dose High,Week 16,2026-01-23,Dose Taken
SUB-1275,S22,Dose High,Week 24,2026-03-20,Dose Taken
SUB-1275,S22,Dose High,Week 36,2026-06-12,Dose Taken
SUB-1277,S22,Dose Low,Baseline,2026-02-14,Dose Held (AE)
SUB-1277,S22,Dose Low,Week 2,2026-02-28,Dose Taken
SUB-1277,S22,Dose Low,Week 4,2026-03-14,Dose Taken
SUB-1277,S22,Dose Low,Week 8,2026-04-11,Dose Taken
SUB-1277,S22,Dose Low,Week 12,2026-05-09,Dose Taken
SUB-1277,S22,Dose Low,Week 16,2026-06-06,Dose Missed
SUB-1277,S22,Dose Low,Week 24,2026-08-01,Dose Taken
SUB-1279,S22,Dose High,Baseline,2026-09-11,Dose Reduced
SUB-1279,S22,Dose High,Week 2,2026-09-25,Dose Taken
SUB-1280,S22,Dose High,Baseline,2026-08-28,Dose Taken
SUB-1280,S22,Dose High,Week 2,2026-09-11,Dose Held (AE)
SUB-1280,S22,Dose High,Week 4,2026-09-25,Dose Taken
SUB-1281,S22,Dose High,Baseline,2026-05-03,Dose Missed
SUB-1281,S22,Dose High,Week 2,2026-05-17,Dose Taken
SUB-1281,S22,Dose High,Week 4,2026-05-31,Dose Held (AE)
SUB-1281,S22,Dose High,Week 8,2026-06-28,Dose Taken
SUB-1281,S22,Dose High,Week 12,2026-07-26,Dose Held (AE)
SUB-1281,S22,Dose High,Week 16,2026-08-23,Dose Taken
SUB-1285,S22,Dose Low,Baseline,2026-04-18,Dose Held (AE)
SUB-1285,S22,Dose Low,Week 2,2026-05-02,Dose Taken
SUB-1285,S22,Dose Low,Week 4,2026-05-16,Dose Taken
SUB-1285,S22,Dose Low,Week 8,2026-06-13,Dose Taken
SUB-1285,S22,Dose Low,Week 12,2026-07-11,Dose Taken
SUB-1285,S22,Dose Low,Week 16,2026-08-08,Dose Taken
SUB-1287,S22,Dose High,Baseline,2026-05-29,Dose Taken
SUB-1287,S22,Dose High,Week 2,2026-06-12,Dose Taken
SUB-1287,S22,Dose High,Week 4,2026-06-26,Dose Taken
SUB-1287,S22,Dose High,Week 8,2026-07-24,Dose Taken
SUB-1287,S22,Dose High,Week 12,2026-08-21,Dose Taken
SUB-1287,S22,Dose High,Week 16,2026-09-18,Dose Taken
SUB-1288,S22,Dose High,Baseline,2026-09-24,Dose Taken
SUB-1291,S22,Dose Low,Baseline,2026-07-07,Dose Taken
SUB-1291,S22,Dose Low,Week 2,2026-07-21,Dose Held (AE)
SUB-1291,S22,Dose Low,Week 4,2026-08-04,Dose Taken
SUB-1291,S22,Dose Low,Week 8,2026-09-01,Dose Taken
SUB-1291,S22,Dose Low,Week 12,2026-09-29,Dose Taken
SUB-1292,S22,Dose High,Baseline,2025-12-17,Dose Taken
SUB-1292,S22,Dose High,Week 2,2025-12-31,Dose Missed
SUB-1292,S22,Dose High,Week 4,2026-01-14,Dose Taken
SUB-1292,S22,Dose High,Week 8,2026-02-11,Dose Taken
SUB-1292,S22,Dose High,Week 12,2026-03-11,Dose Taken
SUB-1292,S22,Dose High,Week 16,2026-04-08,Dose Reduced
SUB-1292,S22,Dose High,Week 24,2026-06-03,Dose Taken
SUB-1292,S22,Dose High,Week 36,2026-08-26,Dose Held (AE)
SUB-1293,S22,Dose Low,Baseline,2026-09-07,Dose Taken
SUB-1293,S22,Dose Low,Week 2,2026-09-21,Dose Taken
SUB-1294,S22,Dose High,Baseline,2026-09-24,Dose Taken
SUB-1297,S22,Dose High,Baseline,2026-05-20,Dose Taken
SUB-1297,S22,Dose High,Week 2,2026-06-03,Dose Taken
SUB-1297,S22,Dose High,Week 4,2026-06-17,Dose Taken
SUB-1297,S22,Dose High,Week 8,2026-07-15,Dose Taken
SUB-1297,S22,Dose High,Week 12,2026-08-12,Dose Taken
SUB-1297,S22,Dose High,Week 16,2026-09-09,Dose Taken
SUB-1299,S22,Dose Low,Baseline,2026-09-23,Dose Taken
SUB-1301,S22,Dose High,Baseline,2026-09-20,Dose Taken
SUB-1303,S22,Dose Low,Baseline,2026-03-08,Dose Taken
SUB-1303,S22,Dose Low,Week 2,2026-03-22,Dose Taken
SUB-1303,S22,Dose Low,Week 4,2026-04-05,Dose Reduced
SUB-1303,S22,Dose Low,Week 8,2026-05-03,Dose Taken
SUB-1303,S22,Dose Low,Week 12,2026-05-31,Dose Taken
SUB-1303,S22,Dose Low,Week 16,2026-06-28,Dose Taken
SUB-1303,S22,Dose Low,Week 24,2026-08-23,Dose Taken
SUB-1306,S22,Dose High,Baseline,2026-06-01,Dose Taken
SUB-1306,S22,Dose High,Week 2,2026-06-15,Dose Taken
SUB-1306,S22,Dose High,Week 4,2026-06-29,Dose Taken
SUB-1306,S22,Dose High,Week 8,2026-07-27,Dose Taken
SUB-1306,S22,Dose High,Week 12,2026-08-24,Dose Missed
SUB-1306,S22,Dose High,Week 16,2026-09-21,Dose Taken
SUB-1309,S23,Dose High,Baseline,2025-12-11,Dose Taken
SUB-1309,S23,Dose High,Week 2,2025-12-25,Dose Taken
SUB-1309,S23,Dose High,Week 4,2026-01-08,Dose Taken
SUB-1309,S23,Dose High,Week 8,2026-02-05,Dose Taken
SUB-1309,S23,Dose High,Week 12,2026-03-05,Dose Taken
SUB-1309,S23,Dose High,Week 16,2026-04-02,Dose Taken
SUB-1309,S23,Dose High,Week 24,2026-05-28,Dose Taken
SUB-1309,S23,Dose High,Week 36,2026-08-20,Dose Taken
SUB-1310,S23,Dose High,Baseline,2025-08-03,Dose Taken
SUB-1310,S23,Dose High,Week 2,2025-08-17,Dose Taken
SUB-1310,S23,Dose High,Week 4,2025-08-31,Dose Reduced
SUB-1310,S23,Dose High,Week 8,2025-09-28,Dose Taken
SUB-1310,S23,Dose High,Week 12,2025-10-26,Dose Taken
SUB-1310,S23,Dose High,Week 16,2025-11-23,Dose Taken
SUB-1310,S23,Dose High,Week 24,2026-01-18,Dose Taken
SUB-1310,S23,Dose High,Week 36,2026-04-12,Dose Taken
SUB-1310,S23,Dose High,Week 52 / EOT,2026-08-02,Dose Taken
SUB-1311,S23,Dose High,Baseline,2026-02-15,Dose Taken
SUB-1311,S23,Dose High,Week 2,2026-03-01,Dose Taken
SUB-1311,S23,Dose High,Week 4,2026-03-15,Dose Taken
SUB-1311,S23,Dose High,Week 8,2026-04-12,Dose Taken
SUB-1311,S23,Dose High,Week 12,2026-05-10,Dose Taken
SUB-1311,S23,Dose High,Week 16,2026-06-07,Dose Taken
SUB-1311,S23,Dose High,Week 24,2026-08-02,Dose Taken
SUB-1312,S23,Dose High,Baseline,2026-09-24,Dose Taken
SUB-1313,S23,Dose High,Baseline,2026-01-15,Dose Taken
SUB-1313,S23,Dose High,Week 2,2026-01-29,Dose Taken
SUB-1313,S23,Dose High,Week 4,2026-02-12,Dose Taken
SUB-1313,S23,Dose High,Week 8,2026-03-12,Dose Taken
SUB-1313,S23,Dose High,Week 12,2026-04-09,Dose Taken
SUB-1313,S23,Dose High,Week 16,2026-05-07,Dose Taken
SUB-1313,S23,Dose High,Week 24,2026-07-02,Dose Taken
SUB-1313,S23,Dose High,Week 36,2026-09-24,Dose Held (AE)
SUB-1314,S23,Dose Low,Baseline,2025-11-22,Dose Held (AE)
SUB-1314,S23,Dose Low,Week 2,2025-12-06,Dose Taken
SUB-1314,S23,Dose Low,Week 4,2025-12-20,Dose Taken
SUB-1314,S23,Dose Low,Week 8,2026-01-17,Dose Held (AE)
SUB-1314,S23,Dose Low,Week 12,2026-02-14,Dose Taken
SUB-1314,S23,Dose Low,Week 16,2026-03-14,Dose Taken
SUB-1314,S23,Dose Low,Week 24,2026-05-09,Dose Taken
SUB-1314,S23,Dose Low,Week 36,2026-08-01,Dose Taken
SUB-1315,S23,Dose High,Baseline,2026-07-04,Dose Taken
SUB-1315,S23,Dose High,Week 2,2026-07-18,Dose Taken
SUB-1315,S23,Dose High,Week 4,2026-08-01,Dose Taken
SUB-1315,S23,Dose High,Week 8,2026-08-29,Dose Taken
SUB-1315,S23,Dose High,Week 12,2026-09-26,Dose Taken
SUB-1317,S23,Dose Low,Baseline,2026-02-02,Dose Taken
SUB-1317,S23,Dose Low,Week 2,2026-02-16,Dose Taken
SUB-1317,S23,Dose Low,Week 4,2026-03-02,Dose Taken
SUB-1317,S23,Dose Low,Week 8,2026-03-30,Dose Taken
SUB-1317,S23,Dose Low,Week 12,2026-04-27,Dose Taken
SUB-1317,S23,Dose Low,Week 16,2026-05-25,Dose Taken
SUB-1317,S23,Dose Low,Week 24,2026-07-20,Dose Reduced
SUB-1319,S23,Dose High,Baseline,2026-04-21,Dose Taken
SUB-1319,S23,Dose High,Week 2,2026-05-05,Dose Taken
SUB-1319,S23,Dose High,Week 4,2026-05-19,Dose Taken
SUB-1319,S23,Dose High,Week 8,2026-06-16,Dose Taken
SUB-1319,S23,Dose High,Week 12,2026-07-14,Dose Taken
SUB-1319,S23,Dose High,Week 16,2026-08-11,Dose Taken
SUB-1322,S23,Dose High,Baseline,2025-07-07,Dose Taken
SUB-1322,S23,Dose High,Week 2,2025-07-21,Dose Taken
SUB-1322,S23,Dose High,Week 4,2025-08-04,Dose Reduced
SUB-1322,S23,Dose High,Week 8,2025-09-01,Dose Taken
SUB-1322,S23,Dose High,Week 12,2025-09-29,Dose Taken
SUB-1322,S23,Dose High,Week 16,2025-10-27,Dose Taken
SUB-1322,S23,Dose High,Week 24,2025-12-22,Dose Taken
SUB-1322,S23,Dose High,Week 36,2026-03-16,Dose Taken
SUB-1322,S23,Dose High,Week 52 / EOT,2026-07-06,Dose Taken
SUB-1323,S23,Dose High,Baseline,2026-01-15,Dose Taken
SUB-1323,S23,Dose High,Week 2,2026-01-29,Dose Taken
SUB-1323,S23,Dose High,Week 4,2026-02-12,Dose Held (AE)
SUB-1323,S23,Dose High,Week 8,2026-03-12,Dose Taken
SUB-1323,S23,Dose High,Week 12,2026-04-09,Dose Taken
SUB-1323,S23,Dose High,Week 16,2026-05-07,Dose Taken
SUB-1323,S23,Dose High,Week 24,2026-07-02,Dose Taken
SUB-1323,S23,Dose High,Week 36,2026-09-24,Dose Taken
SUB-1324,S23,Dose High,Baseline,2025-12-25,Dose Taken
SUB-1324,S23,Dose High,Week 2,2026-01-08,Dose Taken
SUB-1324,S23,Dose High,Week 4,2026-01-22,Dose Taken
SUB-1324,S23,Dose High,Week 8,2026-02-19,Dose Taken
SUB-1324,S23,Dose High,Week 12,2026-03-19,Dose Taken
SUB-1324,S23,Dose High,Week 16,2026-04-16,Dose Taken
SUB-1324,S23,Dose High,Week 24,2026-06-11,Dose Held (AE)
SUB-1324,S23,Dose High,Week 36,2026-09-03,Dose Taken
SUB-1328,S23,Dose Low,Baseline,2026-03-19,Dose Taken
SUB-1328,S23,Dose Low,Week 2,2026-04-02,Dose Taken
SUB-1328,S23,Dose Low,Week 4,2026-04-16,Dose Taken
SUB-1328,S23,Dose Low,Week 8,2026-05-14,Dose Taken
SUB-1328,S23,Dose Low,Week 12,2026-06-11,Dose Taken
SUB-1328,S23,Dose Low,Week 16,2026-07-09,Dose Taken
SUB-1328,S23,Dose Low,Week 24,2026-09-03,Dose Taken
SUB-1329,S23,Dose Low,Baseline,2026-09-28,Dose Taken
SUB-1330,S23,Dose High,Baseline,2026-08-07,Dose Taken
SUB-1330,S23,Dose High,Week 2,2026-08-21,Dose Taken
SUB-1330,S23,Dose High,Week 4,2026-09-04,Dose Taken
SUB-1331,S23,Dose High,Baseline,2025-10-09,Dose Taken
SUB-1331,S23,Dose High,Week 2,2025-10-23,Dose Taken
SUB-1331,S23,Dose High,Week 4,2025-11-06,Dose Held (AE)
SUB-1331,S23,Dose High,Week 8,2025-12-04,Dose Taken
SUB-1331,S23,Dose High,Week 12,2026-01-01,Dose Taken
SUB-1331,S23,Dose High,Week 16,2026-01-29,Dose Taken
SUB-1331,S23,Dose High,Week 24,2026-03-26,Dose Taken
SUB-1331,S23,Dose High,Week 36,2026-06-18,Dose Taken
SUB-1334,S23,Dose Low,Baseline,2026-01-17,Dose Taken
SUB-1334,S23,Dose Low,Week 2,2026-01-31,Dose Taken
SUB-1334,S23,Dose Low,Week 4,2026-02-14,Dose Taken
SUB-1334,S23,Dose Low,Week 8,2026-03-14,Dose Taken
SUB-1334,S23,Dose Low,Week 12,2026-04-11,Dose Taken
SUB-1334,S23,Dose Low,Week 16,2026-05-09,Dose Taken
SUB-1334,S23,Dose Low,Week 24,2026-07-04,Dose Taken
SUB-1334,S23,Dose Low,Week 36,2026-09-26,Dose Taken
SUB-1336,S23,Dose Low,Baseline,2026-01-13,Dose Taken
SUB-1336,S23,Dose Low,Week 2,2026-01-27,Dose Taken
SUB-1336,S23,Dose Low,Week 4,2026-02-10,Dose Taken
SUB-1336,S23,Dose Low,Week 8,2026-03-10,Dose Taken
SUB-1336,S23,Dose Low,Week 12,2026-04-07,Dose Taken
SUB-1336,S23,Dose Low,Week 16,2026-05-05,Dose Taken
SUB-1336,S23,Dose Low,Week 24,2026-06-30,Dose Taken
SUB-1336,S23,Dose Low,Week 36,2026-09-22,Dose Taken
SUB-1339,S23,Dose Low,Baseline,2026-08-30,Dose Taken
SUB-1339,S23,Dose Low,Week 2,2026-09-13,Dose Taken
SUB-1339,S23,Dose Low,Week 4,2026-09-27,Dose Taken
SUB-1340,S23,Dose Low,Baseline,2025-09-11,Dose Held (AE)
SUB-1340,S23,Dose Low,Week 2,2025-09-25,Dose Taken
SUB-1340,S23,Dose Low,Week 4,2025-10-09,Dose Taken
SUB-1340,S23,Dose Low,Week 8,2025-11-06,Dose Taken
SUB-1340,S23,Dose Low,Week 12,2025-12-04,Dose Taken
SUB-1340,S23,Dose Low,Week 16,2026-01-01,Dose Taken
SUB-1340,S23,Dose Low,Week 24,2026-02-26,Dose Taken
SUB-1340,S23,Dose Low,Week 36,2026-05-21,Dose Taken
SUB-1340,S23,Dose Low,Week 52 / EOT,2026-09-10,Dose Taken
SUB-1343,S23,Dose Low,Baseline,2026-02-23,Dose Taken
SUB-1343,S23,Dose Low,Week 2,2026-03-09,Dose Taken
SUB-1343,S23,Dose Low,Week 4,2026-03-23,Dose Taken
SUB-1343,S23,Dose Low,Week 8,2026-04-20,Dose Taken
SUB-1343,S23,Dose Low,Week 12,2026-05-18,Dose Taken
SUB-1343,S23,Dose Low,Week 16,2026-06-15,Dose Taken
SUB-1343,S23,Dose Low,Week 24,2026-08-10,Dose Taken
SUB-1344,S23,Dose High,Baseline,2026-05-21,Dose Taken
SUB-1344,S23,Dose High,Week 2,2026-06-04,Dose Taken
SUB-1344,S23,Dose High,Week 4,2026-06-18,Dose Taken
SUB-1344,S23,Dose High,Week 8,2026-07-16,Dose Taken
SUB-1344,S23,Dose High,Week 12,2026-08-13,Dose Taken
SUB-1344,S23,Dose High,Week 16,2026-09-10,Dose Taken
SUB-1346,S23,Dose Low,Baseline,2026-02-07,Dose Taken
SUB-1346,S23,Dose Low,Week 2,2026-02-21,Dose Taken
SUB-1346,S23,Dose Low,Week 4,2026-03-07,Dose Reduced
SUB-1346,S23,Dose Low,Week 8,2026-04-04,Dose Taken
SUB-1346,S23,Dose Low,Week 12,2026-05-02,Dose Taken
SUB-1346,S23,Dose Low,Week 16,2026-05-30,Dose Taken
SUB-1346,S23,Dose Low,Week 24,2026-07-25,Dose Taken
SUB-1347,S23,Dose Low,Baseline,2025-08-25,Dose Taken
SUB-1347,S23,Dose Low,Week 2,2025-09-08,Dose Taken
SUB-1347,S23,Dose Low,Week 4,2025-09-22,Dose Taken
SUB-1347,S23,Dose Low,Week 8,2025-10-20,Dose Taken
SUB-1347,S23,Dose Low,Week 12,2025-11-17,Dose Taken
SUB-1347,S23,Dose Low,Week 16,2025-12-15,Dose Taken
SUB-1347,S23,Dose Low,Week 24,2026-02-09,Dose Held (AE)
SUB-1347,S23,Dose Low,Week 36,2026-05-04,Dose Taken
SUB-1347,S23,Dose Low,Week 52 / EOT,2026-08-24,Dose Taken
SUB-1350,S23,Dose High,Baseline,2026-09-22,Dose Reduced
SUB-1352,S23,Dose Low,Baseline,2026-09-24,Dose Taken
SUB-1353,S23,Dose Low,Baseline,2025-11-20,Dose Taken
SUB-1353,S23,Dose Low,Week 2,2025-12-04,Dose Taken
SUB-1353,S23,Dose Low,Week 4,2025-12-18,Dose Taken
SUB-1353,S23,Dose Low,Week 8,2026-01-15,Dose Taken
SUB-1353,S23,Dose Low,Week 12,2026-02-12,Dose Taken
SUB-1353,S23,Dose Low,Week 16,2026-03-12,Dose Taken
SUB-1353,S23,Dose Low,Week 24,2026-05-07,Dose Taken
SUB-1353,S23,Dose Low,Week 36,2026-07-30,Dose Taken
SUB-1355,S23,Dose Low,Baseline,2026-08-06,Dose Taken
SUB-1355,S23,Dose Low,Week 2,2026-08-20,Dose Taken
SUB-1355,S23,Dose Low,Week 4,2026-09-03,Dose Taken
SUB-1356,S23,Dose Low,Baseline,2025-11-15,Dose Taken
SUB-1356,S23,Dose Low,Week 2,2025-11-29,Dose Taken
SUB-1356,S23,Dose Low,Week 4,2025-12-13,Dose Taken
SUB-1356,S23,Dose Low,Week 8,2026-01-10,Dose Taken
SUB-1356,S23,Dose Low,Week 12,2026-02-07,Dose Taken
SUB-1356,S23,Dose Low,Week 16,2026-03-07,Dose Taken
SUB-1356,S23,Dose Low,Week 24,2026-05-02,Dose Taken
SUB-1356,S23,Dose Low,Week 36,2026-07-25,Dose Taken
SUB-1359,S23,Dose High,Baseline,2026-03-31,Dose Taken
SUB-1359,S23,Dose High,Week 2,2026-04-14,Dose Taken
SUB-1359,S23,Dose High,Week 4,2026-04-28,Dose Taken
SUB-1359,S23,Dose High,Week 8,2026-05-26,Dose Taken
SUB-1359,S23,Dose High,Week 12,2026-06-23,Dose Taken
SUB-1359,S23,Dose High,Week 16,2026-07-21,Dose Taken
SUB-1359,S23,Dose High,Week 24,2026-09-15,Dose Taken
SUB-1360,S24,Dose High,Baseline,2025-11-22,Dose Taken
SUB-1360,S24,Dose High,Week 2,2025-12-06,Dose Taken
SUB-1360,S24,Dose High,Week 4,2025-12-20,Dose Taken
SUB-1360,S24,Dose High,Week 8,2026-01-17,Dose Taken
SUB-1360,S24,Dose High,Week 12,2026-02-14,Dose Taken
SUB-1360,S24,Dose High,Week 16,2026-03-14,Dose Taken
SUB-1360,S24,Dose High,Week 24,2026-05-09,Dose Taken
SUB-1360,S24,Dose High,Week 36,2026-08-01,Dose Taken
SUB-1361,S24,Dose High,Baseline,2025-06-10,Dose Taken
SUB-1361,S24,Dose High,Week 2,2025-06-24,Dose Taken
SUB-1361,S24,Dose High,Week 4,2025-07-08,Dose Taken
SUB-1361,S24,Dose High,Week 8,2025-08-05,Dose Taken
SUB-1361,S24,Dose High,Week 12,2025-09-02,Dose Taken
SUB-1361,S24,Dose High,Week 16,2025-09-30,Dose Taken
SUB-1361,S24,Dose High,Week 24,2025-11-25,Dose Taken
SUB-1361,S24,Dose High,Week 36,2026-02-17,Dose Taken
SUB-1361,S24,Dose High,Week 52 / EOT,2026-06-09,Dose Taken
SUB-1362,S24,Dose High,Baseline,2026-09-25,Dose Taken
SUB-1363,S24,Dose Low,Baseline,2026-09-21,Dose Taken
SUB-1364,S24,Dose Low,Baseline,2025-06-20,Dose Taken
SUB-1364,S24,Dose Low,Week 2,2025-07-04,Dose Taken
SUB-1364,S24,Dose Low,Week 4,2025-07-18,Dose Taken
SUB-1364,S24,Dose Low,Week 8,2025-08-15,Dose Taken
SUB-1364,S24,Dose Low,Week 12,2025-09-12,Dose Taken
SUB-1364,S24,Dose Low,Week 16,2025-10-10,Dose Taken
SUB-1364,S24,Dose Low,Week 24,2025-12-05,Dose Taken
SUB-1364,S24,Dose Low,Week 36,2026-02-27,Dose Taken
SUB-1364,S24,Dose Low,Week 52 / EOT,2026-06-19,Dose Taken
SUB-1366,S24,Dose High,Baseline,2026-05-28,Dose Taken
SUB-1366,S24,Dose High,Week 2,2026-06-11,Dose Taken
SUB-1366,S24,Dose High,Week 4,2026-06-25,Dose Taken
SUB-1366,S24,Dose High,Week 8,2026-07-23,Dose Taken
SUB-1366,S24,Dose High,Week 12,2026-08-20,Dose Taken
SUB-1366,S24,Dose High,Week 16,2026-09-17,Dose Taken
SUB-1371,S24,Dose High,Baseline,2026-02-10,Dose Taken
SUB-1371,S24,Dose High,Week 2,2026-02-24,Dose Held (AE)
SUB-1371,S24,Dose High,Week 4,2026-03-10,Dose Taken
SUB-1371,S24,Dose High,Week 8,2026-04-07,Dose Taken
SUB-1371,S24,Dose High,Week 12,2026-05-05,Dose Taken
SUB-1371,S24,Dose High,Week 16,2026-06-02,Dose Taken
SUB-1371,S24,Dose High,Week 24,2026-07-28,Dose Taken
SUB-1373,S24,Dose Low,Baseline,2026-06-22,Dose Taken
SUB-1373,S24,Dose Low,Week 2,2026-07-06,Dose Taken
SUB-1373,S24,Dose Low,Week 4,2026-07-20,Dose Taken
SUB-1373,S24,Dose Low,Week 8,2026-08-17,Dose Taken
SUB-1373,S24,Dose Low,Week 12,2026-09-14,Dose Taken
SUB-1374,S24,Dose High,Baseline,2025-07-29,Dose Taken
SUB-1374,S24,Dose High,Week 2,2025-08-12,Dose Taken
SUB-1374,S24,Dose High,Week 4,2025-08-26,Dose Taken
SUB-1374,S24,Dose High,Week 8,2025-09-23,Dose Taken
SUB-1374,S24,Dose High,Week 12,2025-10-21,Dose Taken
SUB-1374,S24,Dose High,Week 16,2025-11-18,Dose Taken
SUB-1374,S24,Dose High,Week 24,2026-01-13,Dose Missed
SUB-1374,S24,Dose High,Week 36,2026-04-07,Dose Taken
SUB-1374,S24,Dose High,Week 52 / EOT,2026-07-28,Dose Taken
SUB-1375,S24,Dose Low,Baseline,2026-05-23,Dose Taken
SUB-1375,S24,Dose Low,Week 2,2026-06-06,Dose Taken
SUB-1375,S24,Dose Low,Week 4,2026-06-20,Dose Taken
SUB-1375,S24,Dose Low,Week 8,2026-07-18,Dose Taken
SUB-1375,S24,Dose Low,Week 12,2026-08-15,Dose Taken
SUB-1375,S24,Dose Low,Week 16,2026-09-12,Dose Taken
SUB-1376,S24,Dose Low,Baseline,2026-09-28,Dose Taken
SUB-1378,S24,Dose High,Baseline,2026-03-31,Dose Taken
SUB-1378,S24,Dose High,Week 2,2026-04-14,Dose Taken
SUB-1378,S24,Dose High,Week 4,2026-04-28,Dose Taken
SUB-1378,S24,Dose High,Week 8,2026-05-26,Dose Taken
SUB-1378,S24,Dose High,Week 12,2026-06-23,Dose Taken
SUB-1378,S24,Dose High,Week 16,2026-07-21,Dose Taken
SUB-1378,S24,Dose High,Week 24,2026-09-15,Dose Reduced
SUB-1381,S24,Dose Low,Baseline,2025-10-10,Dose Held (AE)
SUB-1381,S24,Dose Low,Week 2,2025-10-24,Dose Taken
SUB-1381,S24,Dose Low,Week 4,2025-11-07,Dose Taken
SUB-1381,S24,Dose Low,Week 8,2025-12-05,Dose Taken
SUB-1381,S24,Dose Low,Week 12,2026-01-02,Dose Taken
SUB-1381,S24,Dose Low,Week 16,2026-01-30,Dose Taken
SUB-1381,S24,Dose Low,Week 24,2026-03-27,Dose Taken
SUB-1381,S24,Dose Low,Week 36,2026-06-19,Dose Taken
SUB-1382,S24,Dose High,Baseline,2026-08-31,Dose Taken
SUB-1382,S24,Dose High,Week 2,2026-09-14,Dose Taken
SUB-1382,S24,Dose High,Week 4,2026-09-28,Dose Taken
SUB-1383,S24,Dose High,Baseline,2026-07-10,Dose Taken
SUB-1383,S24,Dose High,Week 2,2026-07-24,Dose Taken
SUB-1383,S24,Dose High,Week 4,2026-08-07,Dose Taken
SUB-1383,S24,Dose High,Week 8,2026-09-04,Dose Taken
SUB-1385,S24,Dose Low,Baseline,2025-06-23,Dose Taken
SUB-1385,S24,Dose Low,Week 2,2025-07-07,Dose Taken
SUB-1385,S24,Dose Low,Week 4,2025-07-21,Dose Taken
SUB-1385,S24,Dose Low,Week 8,2025-08-18,Dose Taken
SUB-1385,S24,Dose Low,Week 12,2025-09-15,Dose Taken
SUB-1385,S24,Dose Low,Week 16,2025-10-13,Dose Taken
SUB-1385,S24,Dose Low,Week 24,2025-12-08,Dose Taken
SUB-1385,S24,Dose Low,Week 36,2026-03-02,Dose Taken
SUB-1385,S24,Dose Low,Week 52 / EOT,2026-06-22,Dose Taken
SUB-1386,S24,Dose Low,Baseline,2026-07-11,Dose Taken
SUB-1386,S24,Dose Low,Week 2,2026-07-25,Dose Taken
SUB-1386,S24,Dose Low,Week 4,2026-08-08,Dose Taken
SUB-1386,S24,Dose Low,Week 8,2026-09-05,Dose Taken
SUB-1390,S24,Dose Low,Baseline,2026-09-14,Dose Held (AE)
SUB-1390,S24,Dose Low,Week 2,2026-09-28,Dose Taken
SUB-1391,S24,Dose Low,Baseline,2026-05-07,Dose Taken
SUB-1391,S24,Dose Low,Week 2,2026-05-21,Dose Taken
SUB-1391,S24,Dose Low,Week 4,2026-06-04,Dose Held (AE)
SUB-1391,S24,Dose Low,Week 8,2026-07-02,Dose Taken
SUB-1391,S24,Dose Low,Week 12,2026-07-30,Dose Taken
SUB-1391,S24,Dose Low,Week 16,2026-08-27,Dose Taken
SUB-1394,S24,Dose High,Baseline,2025-06-25,Dose Taken
SUB-1394,S24,Dose High,Week 2,2025-07-09,Dose Reduced
SUB-1394,S24,Dose High,Week 4,2025-07-23,Dose Taken
SUB-1394,S24,Dose High,Week 8,2025-08-20,Dose Taken
SUB-1394,S24,Dose High,Week 12,2025-09-17,Dose Taken
SUB-1394,S24,Dose High,Week 16,2025-10-15,Dose Taken
SUB-1394,S24,Dose High,Week 24,2025-12-10,Dose Taken
SUB-1394,S24,Dose High,Week 36,2026-03-04,Dose Taken
SUB-1394,S24,Dose High,Week 52 / EOT,2026-06-24,Dose Taken
SUB-1395,S24,Dose Low,Baseline,2026-03-01,Dose Taken
SUB-1395,S24,Dose Low,Week 2,2026-03-15,Dose Taken
SUB-1395,S24,Dose Low,Week 4,2026-03-29,Dose Taken
SUB-1395,S24,Dose Low,Week 8,2026-04-26,Dose Taken
SUB-1395,S24,Dose Low,Week 12,2026-05-24,Dose Reduced
SUB-1395,S24,Dose Low,Week 16,2026-06-21,Dose Taken
SUB-1395,S24,Dose Low,Week 24,2026-08-16,Dose Taken
SUB-1396,S24,Dose High,Baseline,2025-10-29,Dose Held (AE)
SUB-1396,S24,Dose High,Week 2,2025-11-12,Dose Taken
SUB-1396,S24,Dose High,Week 4,2025-11-26,Dose Taken
SUB-1396,S24,Dose High,Week 8,2025-12-24,Dose Taken
SUB-1396,S24,Dose High,Week 12,2026-01-21,Dose Taken
SUB-1396,S24,Dose High,Week 16,2026-02-18,Dose Taken
SUB-1396,S24,Dose High,Week 24,2026-04-15,Dose Taken
SUB-1396,S24,Dose High,Week 36,2026-07-08,Dose Taken
SUB-1398,S24,Dose Low,Baseline,2026-09-06,Dose Taken
SUB-1398,S24,Dose Low,Week 2,2026-09-20,Dose Taken
SUB-1399,S24,Dose High,Baseline,2025-06-11,Dose Taken
SUB-1399,S24,Dose High,Week 2,2025-06-25,Dose Taken
SUB-1399,S24,Dose High,Week 4,2025-07-09,Dose Taken
SUB-1399,S24,Dose High,Week 8,2025-08-06,Dose Taken
SUB-1399,S24,Dose High,Week 12,2025-09-03,Dose Taken
SUB-1399,S24,Dose High,Week 16,2025-10-01,Dose Taken
SUB-1399,S24,Dose High,Week 24,2025-11-26,Dose Taken
SUB-1399,S24,Dose High,Week 36,2026-02-18,Dose Taken
SUB-1399,S24,Dose High,Week 52 / EOT,2026-06-10,Dose Taken
SUB-1401,S24,Dose Low,Baseline,2025-11-02,Dose Taken
SUB-1401,S24,Dose Low,Week 2,2025-11-16,Dose Taken
SUB-1401,S24,Dose Low,Week 4,2025-11-30,Dose Taken
SUB-1401,S24,Dose Low,Week 8,2025-12-28,Dose Taken
SUB-1401,S24,Dose Low,Week 12,2026-01-25,Dose Taken
SUB-1401,S24,Dose Low,Week 16,2026-02-22,Dose Taken
SUB-1401,S24,Dose Low,Week 24,2026-04-19,Dose Taken
SUB-1401,S24,Dose Low,Week 36,2026-07-12,Dose Taken
SUB-1406,S24,Dose High,Baseline,2025-09-28,Dose Taken
SUB-1406,S24,Dose High,Week 2,2025-10-12,Dose Taken
SUB-1406,S24,Dose High,Week 4,2025-10-26,Dose Taken
SUB-1406,S24,Dose High,Week 8,2025-11-23,Dose Taken
SUB-1406,S24,Dose High,Week 12,2025-12-21,Dose Held (AE)
SUB-1406,S24,Dose High,Week 16,2026-01-18,Dose Taken
SUB-1406,S24,Dose High,Week 24,2026-03-15,Dose Taken
SUB-1406,S24,Dose High,Week 36,2026-06-07,Dose Taken
SUB-1406,S24,Dose High,Week 52 / EOT,2026-09-27,Dose Taken
SUB-1407,S24,Dose High,Baseline,2026-05-15,Dose Taken
SUB-1407,S24,Dose High,Week 2,2026-05-29,Dose Taken
SUB-1407,S24,Dose High,Week 4,2026-06-12,Dose Taken
SUB-1407,S24,Dose High,Week 8,2026-07-10,Dose Taken
SUB-1407,S24,Dose High,Week 12,2026-08-07,Dose Taken
SUB-1407,S24,Dose High,Week 16,2026-09-04,Dose Taken
SUB-1408,S24,Dose Low,Baseline,2026-05-07,Dose Reduced
SUB-1408,S24,Dose Low,Week 2,2026-05-21,Dose Taken
SUB-1408,S24,Dose Low,Week 4,2026-06-04,Dose Taken
SUB-1408,S24,Dose Low,Week 8,2026-07-02,Dose Taken
SUB-1408,S24,Dose Low,Week 12,2026-07-30,Dose Taken
SUB-1408,S24,Dose Low,Week 16,2026-08-27,Dose Taken
SUB-1411,S24,Dose High,Baseline,2026-08-25,Dose Taken
SUB-1411,S24,Dose High,Week 2,2026-09-08,Dose Taken
SUB-1411,S24,Dose High,Week 4,2026-09-22,Dose Taken
SUB-1414,S24,Dose Low,Baseline,2026-02-03,Dose Taken
SUB-1414,S24,Dose Low,Week 2,2026-02-17,Dose Taken
SUB-1414,S24,Dose Low,Week 4,2026-03-03,Dose Taken
SUB-1414,S24,Dose Low,Week 8,2026-03-31,Dose Taken
SUB-1414,S24,Dose Low,Week 12,2026-04-28,Dose Taken
SUB-1414,S24,Dose Low,Week 16,2026-05-26,Dose Taken
SUB-1414,S24,Dose Low,Week 24,2026-07-21,Dose Taken
SUB-1415,S24,Dose Low,Baseline,2026-01-17,Dose Taken
SUB-1415,S24,Dose Low,Week 2,2026-01-31,Dose Taken
SUB-1415,S24,Dose Low,Week 4,2026-02-14,Dose Taken
SUB-1415,S24,Dose Low,Week 8,2026-03-14,Dose Taken
SUB-1415,S24,Dose Low,Week 12,2026-04-11,Dose Taken
SUB-1415,S24,Dose Low,Week 16,2026-05-09,Dose Taken
SUB-1415,S24,Dose Low,Week 24,2026-07-04,Dose Reduced
SUB-1415,S24,Dose Low,Week 36,2026-09-26,Dose Taken
SUB-1416,S24,Dose High,Baseline,2026-01-26,Dose Reduced
SUB-1416,S24,Dose High,Week 2,2026-02-09,Dose Taken
SUB-1416,S24,Dose High,Week 4,2026-02-23,Dose Taken
SUB-1416,S24,Dose High,Week 8,2026-03-23,Dose Taken
SUB-1416,S24,Dose High,Week 12,2026-04-20,Dose Taken
SUB-1416,S24,Dose High,Week 16,2026-05-18,Dose Taken
SUB-1416,S24,Dose High,Week 24,2026-07-13,Dose Taken
SUB-1417,S24,Dose High,Baseline,2026-09-24,Dose Taken
SUB-1418,S24,Dose Low,Baseline,2025-05-24,Dose Taken
SUB-1418,S24,Dose Low,Week 2,2025-06-07,Dose Taken
SUB-1418,S24,Dose Low,Week 4,2025-06-21,Dose Taken
SUB-1418,S24,Dose Low,Week 8,2025-07-19,Dose Taken
SUB-1418,S24,Dose Low,Week 12,2025-08-16,Dose Missed
SUB-1418,S24,Dose Low,Week 16,2025-09-13,Dose Taken
SUB-1418,S24,Dose Low,Week 24,2025-11-08,Dose Taken
SUB-1418,S24,Dose Low,Week 36,2026-01-31,Dose Taken
SUB-1418,S24,Dose Low,Week 52 / EOT,2026-05-23,Dose Taken
SUB-1419,S24,Dose High,Baseline,2025-09-11,Dose Taken
SUB-1419,S24,Dose High,Week 2,2025-09-25,Dose Taken
SUB-1419,S24,Dose High,Week 4,2025-10-09,Dose Reduced
SUB-1419,S24,Dose High,Week 8,2025-11-06,Dose Taken
SUB-1419,S24,Dose High,Week 12,2025-12-04,Dose Taken
SUB-1419,S24,Dose High,Week 16,2026-01-01,Dose Taken
SUB-1419,S24,Dose High,Week 24,2026-02-26,Dose Taken
SUB-1419,S24,Dose High,Week 36,2026-05-21,Dose Reduced
SUB-1419,S24,Dose High,Week 52 / EOT,2026-09-10,Dose Held (AE)
SUB-1422,S24,Dose High,Baseline,2026-06-28,Dose Taken
SUB-1422,S24,Dose High,Week 2,2026-07-12,Dose Taken
SUB-1422,S24,Dose High,Week 4,2026-07-26,Dose Taken
SUB-1422,S24,Dose High,Week 8,2026-08-23,Dose Taken
SUB-1422,S24,Dose High,Week 12,2026-09-20,Dose Taken
SUB-1423,S24,Dose Low,Baseline,2025-07-19,Dose Taken
SUB-1423,S24,Dose Low,Week 2,2025-08-02,Dose Taken
SUB-1423,S24,Dose Low,Week 4,2025-08-16,Dose Held (AE)
SUB-1423,S24,Dose Low,Week 8,2025-09-13,Dose Taken
SUB-1423,S24,Dose Low,Week 12,2025-10-11,Dose Taken
SUB-1423,S24,Dose Low,Week 16,2025-11-08,Dose Taken
SUB-1423,S24,Dose Low,Week 24,2026-01-03,Dose Taken
SUB-1423,S24,Dose Low,Week 36,2026-03-28,Dose Taken
SUB-1423,S24,Dose Low,Week 52 / EOT,2026-07-18,Dose Taken
SUB-1424,S24,Dose High,Baseline,2026-04-15,Dose Taken
SUB-1424,S24,Dose High,Week 2,2026-04-29,Dose Taken
SUB-1424,S24,Dose High,Week 4,2026-05-13,Dose Taken
SUB-1424,S24,Dose High,Week 8,2026-06-10,Dose Taken
SUB-1424,S24,Dose High,Week 12,2026-07-08,Dose Taken
SUB-1424,S24,Dose High,Week 16,2026-08-05,Dose Taken
SUB-1424,S24,Dose High,Week 24,2026-09-30,Dose Taken
SUB-1428,S25,Dose High,Baseline,2026-05-09,Dose Taken
SUB-1428,S25,Dose High,Week 2,2026-05-23,Dose Taken
SUB-1428,S25,Dose High,Week 4,2026-06-06,Dose Taken
SUB-1428,S25,Dose High,Week 8,2026-07-04,Dose Taken
SUB-1428,S25,Dose High,Week 12,2026-08-01,Dose Taken
SUB-1428,S25,Dose High,Week 16,2026-08-29,Dose Taken
SUB-1429,S25,Dose Low,Baseline,2026-04-19,Dose Taken
SUB-1429,S25,Dose Low,Week 2,2026-05-03,Dose Taken
SUB-1429,S25,Dose Low,Week 4,2026-05-17,Dose Taken
SUB-1429,S25,Dose Low,Week 8,2026-06-14,Dose Taken
SUB-1429,S25,Dose Low,Week 12,2026-07-12,Dose Taken
SUB-1429,S25,Dose Low,Week 16,2026-08-09,Dose Reduced
SUB-1430,S25,Dose Low,Baseline,2025-12-24,Dose Held (AE)
SUB-1430,S25,Dose Low,Week 2,2026-01-07,Dose Held (AE)
SUB-1430,S25,Dose Low,Week 4,2026-01-21,Dose Taken
SUB-1430,S25,Dose Low,Week 8,2026-02-18,Dose Taken
SUB-1430,S25,Dose Low,Week 12,2026-03-18,Dose Reduced
SUB-1430,S25,Dose Low,Week 16,2026-04-15,Dose Taken
SUB-1430,S25,Dose Low,Week 24,2026-06-10,Dose Taken
SUB-1430,S25,Dose Low,Week 36,2026-09-02,Dose Taken
SUB-1432,S25,Dose High,Baseline,2025-10-24,Dose Taken
SUB-1432,S25,Dose High,Week 2,2025-11-07,Dose Taken
SUB-1432,S25,Dose High,Week 4,2025-11-21,Dose Taken
SUB-1432,S25,Dose High,Week 8,2025-12-19,Dose Taken
SUB-1432,S25,Dose High,Week 12,2026-01-16,Dose Taken
SUB-1432,S25,Dose High,Week 16,2026-02-13,Dose Taken
SUB-1432,S25,Dose High,Week 24,2026-04-10,Dose Taken
SUB-1432,S25,Dose High,Week 36,2026-07-03,Dose Taken
SUB-1442,S25,Dose Low,Baseline,2025-12-06,Dose Taken
SUB-1442,S25,Dose Low,Week 2,2025-12-20,Dose Taken
SUB-1442,S25,Dose Low,Week 4,2026-01-03,Dose Taken
SUB-1442,S25,Dose Low,Week 8,2026-01-31,Dose Held (AE)
SUB-1442,S25,Dose Low,Week 12,2026-02-28,Dose Held (AE)
SUB-1442,S25,Dose Low,Week 16,2026-03-28,Dose Reduced
SUB-1442,S25,Dose Low,Week 24,2026-05-23,Dose Taken
SUB-1442,S25,Dose Low,Week 36,2026-08-15,Dose Taken
SUB-1444,S25,Dose High,Baseline,2025-09-18,Dose Taken
SUB-1444,S25,Dose High,Week 2,2025-10-02,Dose Taken
SUB-1444,S25,Dose High,Week 4,2025-10-16,Dose Taken
SUB-1444,S25,Dose High,Week 8,2025-11-13,Dose Taken
SUB-1444,S25,Dose High,Week 12,2025-12-11,Dose Taken
SUB-1444,S25,Dose High,Week 16,2026-01-08,Dose Taken
SUB-1444,S25,Dose High,Week 24,2026-03-05,Dose Missed
SUB-1444,S25,Dose High,Week 36,2026-05-28,Dose Taken
SUB-1444,S25,Dose High,Week 52 / EOT,2026-09-17,Dose Taken
SUB-1449,S25,Dose High,Baseline,2025-12-28,Dose Taken
SUB-1449,S25,Dose High,Week 2,2026-01-11,Dose Taken
SUB-1449,S25,Dose High,Week 4,2026-01-25,Dose Taken
SUB-1449,S25,Dose High,Week 8,2026-02-22,Dose Taken
SUB-1449,S25,Dose High,Week 12,2026-03-22,Dose Taken
SUB-1449,S25,Dose High,Week 16,2026-04-19,Dose Held (AE)
SUB-1449,S25,Dose High,Week 24,2026-06-14,Dose Taken
SUB-1449,S25,Dose High,Week 36,2026-09-06,Dose Taken
SUB-1450,S25,Dose Low,Baseline,2026-03-01,Dose Taken
SUB-1450,S25,Dose Low,Week 2,2026-03-15,Dose Taken
SUB-1450,S25,Dose Low,Week 4,2026-03-29,Dose Taken
SUB-1450,S25,Dose Low,Week 8,2026-04-26,Dose Taken
SUB-1450,S25,Dose Low,Week 12,2026-05-24,Dose Taken
SUB-1450,S25,Dose Low,Week 16,2026-06-21,Dose Missed
SUB-1450,S25,Dose Low,Week 24,2026-08-16,Dose Taken
SUB-1452,S25,Dose Low,Baseline,2026-08-01,Dose Taken
SUB-1452,S25,Dose Low,Week 2,2026-08-15,Dose Taken
SUB-1452,S25,Dose Low,Week 4,2026-08-29,Dose Taken
SUB-1452,S25,Dose Low,Week 8,2026-09-26,Dose Taken
SUB-1455,S25,Dose Low,Baseline,2026-07-01,Dose Taken
SUB-1455,S25,Dose Low,Week 2,2026-07-15,Dose Taken
SUB-1455,S25,Dose Low,Week 4,2026-07-29,Dose Taken
SUB-1455,S25,Dose Low,Week 8,2026-08-26,Dose Taken
SUB-1455,S25,Dose Low,Week 12,2026-09-23,Dose Taken
SUB-1458,S25,Dose High,Baseline,2025-09-03,Dose Taken
SUB-1458,S25,Dose High,Week 2,2025-09-17,Dose Taken
SUB-1458,S25,Dose High,Week 4,2025-10-01,Dose Taken
SUB-1458,S25,Dose High,Week 8,2025-10-29,Dose Taken
SUB-1458,S25,Dose High,Week 12,2025-11-26,Dose Taken
SUB-1458,S25,Dose High,Week 16,2025-12-24,Dose Taken
SUB-1458,S25,Dose High,Week 24,2026-02-18,Dose Taken
SUB-1458,S25,Dose High,Week 36,2026-05-13,Dose Taken
SUB-1458,S25,Dose High,Week 52 / EOT,2026-09-02,Dose Taken
SUB-1459,S25,Dose High,Baseline,2026-07-08,Dose Taken
SUB-1459,S25,Dose High,Week 2,2026-07-22,Dose Taken
SUB-1459,S25,Dose High,Week 4,2026-08-05,Dose Taken
SUB-1459,S25,Dose High,Week 8,2026-09-02,Dose Taken
SUB-1459,S25,Dose High,Week 12,2026-09-30,Dose Held (AE)
SUB-1460,S25,Dose High,Baseline,2025-08-04,Dose Taken
SUB-1460,S25,Dose High,Week 2,2025-08-18,Dose Taken
SUB-1460,S25,Dose High,Week 4,2025-09-01,Dose Taken
SUB-1460,S25,Dose High,Week 8,2025-09-29,Dose Taken
SUB-1460,S25,Dose High,Week 12,2025-10-27,Dose Taken
SUB-1460,S25,Dose High,Week 16,2025-11-24,Dose Taken
SUB-1460,S25,Dose High,Week 24,2026-01-19,Dose Taken
SUB-1460,S25,Dose High,Week 36,2026-04-13,Dose Taken
SUB-1460,S25,Dose High,Week 52 / EOT,2026-08-03,Dose Taken
SUB-1461,S25,Dose Low,Baseline,2025-09-03,Dose Taken
SUB-1461,S25,Dose Low,Week 2,2025-09-17,Dose Taken
SUB-1461,S25,Dose Low,Week 4,2025-10-01,Dose Taken
SUB-1461,S25,Dose Low,Week 8,2025-10-29,Dose Taken
SUB-1461,S25,Dose Low,Week 12,2025-11-26,Dose Taken
SUB-1461,S25,Dose Low,Week 16,2025-12-24,Dose Missed
SUB-1461,S25,Dose Low,Week 24,2026-02-18,Dose Taken
SUB-1461,S25,Dose Low,Week 36,2026-05-13,Dose Taken
SUB-1461,S25,Dose Low,Week 52 / EOT,2026-09-02,Dose Taken
SUB-1463,S25,Dose High,Baseline,2026-09-29,Dose Taken
SUB-1467,S25,Dose High,Baseline,2026-01-02,Dose Held (AE)
SUB-1467,S25,Dose High,Week 2,2026-01-16,Dose Taken
SUB-1467,S25,Dose High,Week 4,2026-01-30,Dose Taken
SUB-1467,S25,Dose High,Week 8,2026-02-27,Dose Taken
SUB-1467,S25,Dose High,Week 12,2026-03-27,Dose Taken
SUB-1467,S25,Dose High,Week 16,2026-04-24,Dose Taken
SUB-1467,S25,Dose High,Week 24,2026-06-19,Dose Taken
SUB-1467,S25,Dose High,Week 36,2026-09-11,Dose Taken
SUB-1468,S25,Dose High,Baseline,2026-09-24,Dose Taken
SUB-1469,S25,Dose High,Baseline,2025-12-22,Dose Taken
SUB-1469,S25,Dose High,Week 2,2026-01-05,Dose Taken
SUB-1469,S25,Dose High,Week 4,2026-01-19,Dose Taken
SUB-1469,S25,Dose High,Week 8,2026-02-16,Dose Taken
SUB-1469,S25,Dose High,Week 12,2026-03-16,Dose Taken
SUB-1469,S25,Dose High,Week 16,2026-04-13,Dose Taken
SUB-1469,S25,Dose High,Week 24,2026-06-08,Dose Taken
SUB-1469,S25,Dose High,Week 36,2026-08-31,Dose Taken
SUB-1471,S25,Dose Low,Baseline,2025-08-25,Dose Taken
SUB-1471,S25,Dose Low,Week 2,2025-09-08,Dose Taken
SUB-1471,S25,Dose Low,Week 4,2025-09-22,Dose Taken
SUB-1471,S25,Dose Low,Week 8,2025-10-20,Dose Taken
SUB-1471,S25,Dose Low,Week 12,2025-11-17,Dose Taken
SUB-1471,S25,Dose Low,Week 16,2025-12-15,Dose Taken
SUB-1471,S25,Dose Low,Week 24,2026-02-09,Dose Taken
SUB-1471,S25,Dose Low,Week 36,2026-05-04,Dose Taken
SUB-1471,S25,Dose Low,Week 52 / EOT,2026-08-24,Dose Taken
SUB-1473,S25,Dose High,Baseline,2025-10-11,Dose Taken
SUB-1473,S25,Dose High,Week 2,2025-10-25,Dose Taken
SUB-1473,S25,Dose High,Week 4,2025-11-08,Dose Held (AE)
SUB-1473,S25,Dose High,Week 8,2025-12-06,Dose Taken
SUB-1473,S25,Dose High,Week 12,2026-01-03,Dose Taken
SUB-1473,S25,Dose High,Week 16,2026-01-31,Dose Taken
SUB-1473,S25,Dose High,Week 24,2026-03-28,Dose Reduced
SUB-1473,S25,Dose High,Week 36,2026-06-20,Dose Taken
SUB-1474,S25,Dose High,Baseline,2026-09-21,Dose Taken
SUB-1475,S25,Dose High,Baseline,2026-06-13,Dose Taken
SUB-1475,S25,Dose High,Week 2,2026-06-27,Dose Taken
SUB-1475,S25,Dose High,Week 4,2026-07-11,Dose Taken
SUB-1475,S25,Dose High,Week 8,2026-08-08,Dose Taken
SUB-1475,S25,Dose High,Week 12,2026-09-05,Dose Taken
SUB-1476,S25,Dose Low,Baseline,2026-09-20,Dose Taken
SUB-1478,S25,Dose High,Baseline,2026-07-10,Dose Taken
SUB-1478,S25,Dose High,Week 2,2026-07-24,Dose Taken
SUB-1478,S25,Dose High,Week 4,2026-08-07,Dose Taken
SUB-1478,S25,Dose High,Week 8,2026-09-04,Dose Taken
SUB-1479,S25,Dose High,Baseline,2026-06-18,Dose Taken
SUB-1479,S25,Dose High,Week 2,2026-07-02,Dose Taken
SUB-1479,S25,Dose High,Week 4,2026-07-16,Dose Taken
SUB-1479,S25,Dose High,Week 8,2026-08-13,Dose Held (AE)
SUB-1479,S25,Dose High,Week 12,2026-09-10,Dose Taken
SUB-1481,S25,Dose High,Baseline,2026-06-23,Dose Taken
SUB-1481,S25,Dose High,Week 2,2026-07-07,Dose Taken
SUB-1481,S25,Dose High,Week 4,2026-07-21,Dose Taken
SUB-1481,S25,Dose High,Week 8,2026-08-18,Dose Taken
SUB-1481,S25,Dose High,Week 12,2026-09-15,Dose Taken
SUB-1484,S25,Dose Low,Baseline,2025-09-23,Dose Taken
SUB-1484,S25,Dose Low,Week 2,2025-10-07,Dose Taken
SUB-1484,S25,Dose Low,Week 4,2025-10-21,Dose Taken
SUB-1484,S25,Dose Low,Week 8,2025-11-18,Dose Taken
SUB-1484,S25,Dose Low,Week 12,2025-12-16,Dose Taken
SUB-1484,S25,Dose Low,Week 16,2026-01-13,Dose Missed
SUB-1484,S25,Dose Low,Week 24,2026-03-10,Dose Taken
SUB-1484,S25,Dose Low,Week 36,2026-06-02,Dose Taken
SUB-1484,S25,Dose Low,Week 52 / EOT,2026-09-22,Dose Taken
SUB-1485,S25,Dose Low,Baseline,2026-08-18,Dose Taken
SUB-1485,S25,Dose Low,Week 2,2026-09-01,Dose Taken
SUB-1485,S25,Dose Low,Week 4,2026-09-15,Dose Taken
SUB-1486,S25,Dose High,Baseline,2025-10-25,Dose Taken
SUB-1486,S25,Dose High,Week 2,2025-11-08,Dose Taken
SUB-1486,S25,Dose High,Week 4,2025-11-22,Dose Taken
SUB-1486,S25,Dose High,Week 8,2025-12-20,Dose Taken
SUB-1486,S25,Dose High,Week 12,2026-01-17,Dose Taken
SUB-1486,S25,Dose High,Week 16,2026-02-14,Dose Taken
SUB-1486,S25,Dose High,Week 24,2026-04-11,Dose Taken
SUB-1486,S25,Dose High,Week 36,2026-07-04,Dose Taken
SUB-1487,S25,Dose Low,Baseline,2025-10-24,Dose Taken
SUB-1487,S25,Dose Low,Week 2,2025-11-07,Dose Taken
SUB-1487,S25,Dose Low,Week 4,2025-11-21,Dose Taken
SUB-1487,S25,Dose Low,Week 8,2025-12-19,Dose Taken
SUB-1487,S25,Dose Low,Week 12,2026-01-16,Dose Taken
SUB-1487,S25,Dose Low,Week 16,2026-02-13,Dose Taken
SUB-1487,S25,Dose Low,Week 24,2026-04-10,Dose Taken
SUB-1487,S25,Dose Low,Week 36,2026-07-03,Dose Taken
SUB-1488,S25,Dose High,Baseline,2026-04-10,Dose Taken
SUB-1488,S25,Dose High,Week 2,2026-04-24,Dose Taken
SUB-1488,S25,Dose High,Week 4,2026-05-08,Dose Taken
SUB-1488,S25,Dose High,Week 8,2026-06-05,Dose Taken
SUB-1488,S25,Dose High,Week 12,2026-07-03,Dose Taken
SUB-1488,S25,Dose High,Week 16,2026-07-31,Dose Taken
SUB-1488,S25,Dose High,Week 24,2026-09-25,Dose Taken
SUB-1491,S26,Dose Low,Baseline,2026-07-31,Dose Taken
SUB-1491,S26,Dose Low,Week 2,2026-08-14,Dose Taken
SUB-1491,S26,Dose Low,Week 4,2026-08-28,Dose Taken
SUB-1491,S26,Dose Low,Week 8,2026-09-25,Dose Taken
SUB-1495,S26,Dose High,Baseline,2025-03-24,Dose Held (AE)
SUB-1495,S26,Dose High,Week 2,2025-04-07,Dose Taken
SUB-1495,S26,Dose High,Week 4,2025-04-21,Dose Taken
SUB-1495,S26,Dose High,Week 8,2025-05-19,Dose Taken
SUB-1495,S26,Dose High,Week 12,2025-06-16,Dose Taken
SUB-1495,S26,Dose High,Week 16,2025-07-14,Dose Taken
SUB-1495,S26,Dose High,Week 24,2025-09-08,Dose Taken
SUB-1495,S26,Dose High,Week 36,2025-12-01,Dose Taken
SUB-1495,S26,Dose High,Week 52 / EOT,2026-03-23,Dose Missed
SUB-1496,S26,Dose Low,Baseline,2025-11-05,Dose Taken
SUB-1496,S26,Dose Low,Week 2,2025-11-19,Dose Taken
SUB-1496,S26,Dose Low,Week 4,2025-12-03,Dose Taken
SUB-1496,S26,Dose Low,Week 8,2025-12-31,Dose Taken
SUB-1496,S26,Dose Low,Week 12,2026-01-28,Dose Taken
SUB-1496,S26,Dose Low,Week 16,2026-02-25,Dose Taken
SUB-1496,S26,Dose Low,Week 24,2026-04-22,Dose Taken
SUB-1496,S26,Dose Low,Week 36,2026-07-15,Dose Taken
SUB-1497,S26,Dose Low,Baseline,2025-07-25,Dose Taken
SUB-1497,S26,Dose Low,Week 2,2025-08-08,Dose Taken
SUB-1497,S26,Dose Low,Week 4,2025-08-22,Dose Held (AE)
SUB-1497,S26,Dose Low,Week 8,2025-09-19,Dose Taken
SUB-1497,S26,Dose Low,Week 12,2025-10-17,Dose Taken
SUB-1497,S26,Dose Low,Week 16,2025-11-14,Dose Taken
SUB-1497,S26,Dose Low,Week 24,2026-01-09,Dose Taken
SUB-1497,S26,Dose Low,Week 36,2026-04-03,Dose Taken
SUB-1497,S26,Dose Low,Week 52 / EOT,2026-07-24,Dose Taken
SUB-1499,S26,Dose High,Baseline,2026-08-04,Dose Taken
SUB-1499,S26,Dose High,Week 2,2026-08-18,Dose Taken
SUB-1499,S26,Dose High,Week 4,2026-09-01,Dose Taken
SUB-1499,S26,Dose High,Week 8,2026-09-29,Dose Taken
SUB-1505,S26,Dose Low,Baseline,2026-07-09,Dose Taken
SUB-1505,S26,Dose Low,Week 2,2026-07-23,Dose Taken
SUB-1505,S26,Dose Low,Week 4,2026-08-06,Dose Taken
SUB-1505,S26,Dose Low,Week 8,2026-09-03,Dose Taken
SUB-1507,S26,Dose High,Baseline,2026-02-13,Dose Held (AE)
SUB-1507,S26,Dose High,Week 2,2026-02-27,Dose Taken
SUB-1507,S26,Dose High,Week 4,2026-03-13,Dose Held (AE)
SUB-1507,S26,Dose High,Week 8,2026-04-10,Dose Taken
SUB-1507,S26,Dose High,Week 12,2026-05-08,Dose Taken
SUB-1507,S26,Dose High,Week 16,2026-06-05,Dose Taken
SUB-1507,S26,Dose High,Week 24,2026-07-31,Dose Taken
SUB-1511,S26,Dose High,Baseline,2025-07-11,Dose Taken
SUB-1511,S26,Dose High,Week 2,2025-07-25,Dose Taken
SUB-1511,S26,Dose High,Week 4,2025-08-08,Dose Taken
SUB-1511,S26,Dose High,Week 8,2025-09-05,Dose Taken
SUB-1511,S26,Dose High,Week 12,2025-10-03,Dose Taken
SUB-1511,S26,Dose High,Week 16,2025-10-31,Dose Taken
SUB-1511,S26,Dose High,Week 24,2025-12-26,Dose Taken
SUB-1511,S26,Dose High,Week 36,2026-03-20,Dose Taken
SUB-1511,S26,Dose High,Week 52 / EOT,2026-07-10,Dose Taken
SUB-1512,S26,Dose High,Baseline,2026-02-11,Dose Taken
SUB-1512,S26,Dose High,Week 2,2026-02-25,Dose Taken
SUB-1512,S26,Dose High,Week 4,2026-03-11,Dose Taken
SUB-1512,S26,Dose High,Week 8,2026-04-08,Dose Taken
SUB-1512,S26,Dose High,Week 12,2026-05-06,Dose Taken
SUB-1512,S26,Dose High,Week 16,2026-06-03,Dose Taken
SUB-1512,S26,Dose High,Week 24,2026-07-29,Dose Taken
SUB-1513,S26,Dose Low,Baseline,2025-05-28,Dose Taken
SUB-1513,S26,Dose Low,Week 2,2025-06-11,Dose Taken
SUB-1513,S26,Dose Low,Week 4,2025-06-25,Dose Taken
SUB-1513,S26,Dose Low,Week 8,2025-07-23,Dose Taken
SUB-1513,S26,Dose Low,Week 12,2025-08-20,Dose Taken
SUB-1513,S26,Dose Low,Week 16,2025-09-17,Dose Taken
SUB-1513,S26,Dose Low,Week 24,2025-11-12,Dose Taken
SUB-1513,S26,Dose Low,Week 36,2026-02-04,Dose Taken
SUB-1513,S26,Dose Low,Week 52 / EOT,2026-05-27,Dose Taken
SUB-1514,S26,Dose Low,Baseline,2025-09-14,Dose Taken
SUB-1514,S26,Dose Low,Week 2,2025-09-28,Dose Taken
SUB-1514,S26,Dose Low,Week 4,2025-10-12,Dose Taken
SUB-1514,S26,Dose Low,Week 8,2025-11-09,Dose Taken
SUB-1514,S26,Dose Low,Week 12,2025-12-07,Dose Taken
SUB-1514,S26,Dose Low,Week 16,2026-01-04,Dose Taken
SUB-1514,S26,Dose Low,Week 24,2026-03-01,Dose Taken
SUB-1514,S26,Dose Low,Week 36,2026-05-24,Dose Taken
SUB-1514,S26,Dose Low,Week 52 / EOT,2026-09-13,Dose Taken
SUB-1515,S26,Dose High,Baseline,2025-09-17,Dose Taken
SUB-1515,S26,Dose High,Week 2,2025-10-01,Dose Taken
SUB-1515,S26,Dose High,Week 4,2025-10-15,Dose Taken
SUB-1515,S26,Dose High,Week 8,2025-11-12,Dose Taken
SUB-1515,S26,Dose High,Week 12,2025-12-10,Dose Taken
SUB-1515,S26,Dose High,Week 16,2026-01-07,Dose Taken
SUB-1515,S26,Dose High,Week 24,2026-03-04,Dose Missed
SUB-1515,S26,Dose High,Week 36,2026-05-27,Dose Taken
SUB-1515,S26,Dose High,Week 52 / EOT,2026-09-16,Dose Taken
SUB-1518,S26,Dose Low,Baseline,2026-03-27,Dose Taken
SUB-1518,S26,Dose Low,Week 2,2026-04-10,Dose Held (AE)
SUB-1518,S26,Dose Low,Week 4,2026-04-24,Dose Taken
SUB-1518,S26,Dose Low,Week 8,2026-05-22,Dose Taken
SUB-1518,S26,Dose Low,Week 12,2026-06-19,Dose Taken
SUB-1518,S26,Dose Low,Week 16,2026-07-17,Dose Taken
SUB-1518,S26,Dose Low,Week 24,2026-09-11,Dose Taken
SUB-1521,S26,Dose Low,Baseline,2025-11-29,Dose Taken
SUB-1521,S26,Dose Low,Week 2,2025-12-13,Dose Taken
SUB-1521,S26,Dose Low,Week 4,2025-12-27,Dose Taken
SUB-1521,S26,Dose Low,Week 8,2026-01-24,Dose Taken
SUB-1521,S26,Dose Low,Week 12,2026-02-21,Dose Taken
SUB-1521,S26,Dose Low,Week 16,2026-03-21,Dose Taken
SUB-1521,S26,Dose Low,Week 24,2026-05-16,Dose Missed
SUB-1521,S26,Dose Low,Week 36,2026-08-08,Dose Taken
SUB-1522,S26,Dose High,Baseline,2025-03-06,Dose Missed
SUB-1522,S26,Dose High,Week 2,2025-03-20,Dose Taken
SUB-1522,S26,Dose High,Week 4,2025-04-03,Dose Missed
SUB-1522,S26,Dose High,Week 8,2025-05-01,Dose Taken
SUB-1522,S26,Dose High,Week 12,2025-05-29,Dose Taken
SUB-1522,S26,Dose High,Week 16,2025-06-26,Dose Reduced
SUB-1522,S26,Dose High,Week 24,2025-08-21,Dose Taken
SUB-1522,S26,Dose High,Week 36,2025-11-13,Dose Taken
SUB-1522,S26,Dose High,Week 52 / EOT,2026-03-05,Dose Taken
SUB-1524,S26,Dose High,Baseline,2026-08-23,Dose Taken
SUB-1524,S26,Dose High,Week 2,2026-09-06,Dose Reduced
SUB-1524,S26,Dose High,Week 4,2026-09-20,Dose Taken
SUB-1525,S26,Dose High,Baseline,2025-04-16,Dose Taken
SUB-1525,S26,Dose High,Week 2,2025-04-30,Dose Taken
SUB-1525,S26,Dose High,Week 4,2025-05-14,Dose Taken
SUB-1525,S26,Dose High,Week 8,2025-06-11,Dose Taken
SUB-1525,S26,Dose High,Week 12,2025-07-09,Dose Taken
SUB-1525,S26,Dose High,Week 16,2025-08-06,Dose Taken
SUB-1525,S26,Dose High,Week 24,2025-10-01,Dose Taken
SUB-1525,S26,Dose High,Week 36,2025-12-24,Dose Taken
SUB-1525,S26,Dose High,Week 52 / EOT,2026-04-15,Dose Taken
SUB-1529,S26,Dose High,Baseline,2026-05-05,Dose Taken
SUB-1529,S26,Dose High,Week 2,2026-05-19,Dose Taken
SUB-1529,S26,Dose High,Week 4,2026-06-02,Dose Taken
SUB-1529,S26,Dose High,Week 8,2026-06-30,Dose Taken
SUB-1529,S26,Dose High,Week 12,2026-07-28,Dose Taken
SUB-1529,S26,Dose High,Week 16,2026-08-25,Dose Taken
SUB-1530,S26,Dose High,Baseline,2026-08-08,Dose Taken
SUB-1530,S26,Dose High,Week 2,2026-08-22,Dose Taken
SUB-1530,S26,Dose High,Week 4,2026-09-05,Dose Taken
SUB-1532,S26,Dose High,Baseline,2025-12-01,Dose Taken
SUB-1532,S26,Dose High,Week 2,2025-12-15,Dose Taken
SUB-1532,S26,Dose High,Week 4,2025-12-29,Dose Reduced
SUB-1532,S26,Dose High,Week 8,2026-01-26,Dose Taken
SUB-1532,S26,Dose High,Week 12,2026-02-23,Dose Taken
SUB-1532,S26,Dose High,Week 16,2026-03-23,Dose Taken
SUB-1532,S26,Dose High,Week 24,2026-05-18,Dose Taken
SUB-1532,S26,Dose High,Week 36,2026-08-10,Dose Taken
SUB-1533,S26,Dose Low,Baseline,2025-06-19,Dose Taken
SUB-1533,S26,Dose Low,Week 2,2025-07-03,Dose Taken
SUB-1533,S26,Dose Low,Week 4,2025-07-17,Dose Taken
SUB-1533,S26,Dose Low,Week 8,2025-08-14,Dose Taken
SUB-1533,S26,Dose Low,Week 12,2025-09-11,Dose Held (AE)
SUB-1533,S26,Dose Low,Week 16,2025-10-09,Dose Taken
SUB-1533,S26,Dose Low,Week 24,2025-12-04,Dose Taken
SUB-1533,S26,Dose Low,Week 36,2026-02-26,Dose Missed
SUB-1533,S26,Dose Low,Week 52 / EOT,2026-06-18,Dose Taken
SUB-1535,S26,Dose High,Baseline,2025-04-11,Dose Taken
SUB-1535,S26,Dose High,Week 2,2025-04-25,Dose Taken
SUB-1535,S26,Dose High,Week 4,2025-05-09,Dose Taken
SUB-1535,S26,Dose High,Week 8,2025-06-06,Dose Taken
SUB-1535,S26,Dose High,Week 12,2025-07-04,Dose Taken
SUB-1535,S26,Dose High,Week 16,2025-08-01,Dose Taken
SUB-1535,S26,Dose High,Week 24,2025-09-26,Dose Taken
SUB-1535,S26,Dose High,Week 36,2025-12-19,Dose Held (AE)
SUB-1535,S26,Dose High,Week 52 / EOT,2026-04-10,Dose Taken
SUB-1540,S26,Dose High,Baseline,2025-09-15,Dose Held (AE)
SUB-1540,S26,Dose High,Week 2,2025-09-29,Dose Held (AE)
SUB-1540,S26,Dose High,Week 4,2025-10-13,Dose Taken
SUB-1540,S26,Dose High,Week 8,2025-11-10,Dose Taken
SUB-1540,S26,Dose High,Week 12,2025-12-08,Dose Taken
SUB-1540,S26,Dose High,Week 16,2026-01-05,Dose Taken
SUB-1540,S26,Dose High,Week 24,2026-03-02,Dose Taken
SUB-1540,S26,Dose High,Week 36,2026-05-25,Dose Taken
SUB-1540,S26,Dose High,Week 52 / EOT,2026-09-14,Dose Taken
SUB-1541,S26,Dose High,Baseline,2025-05-12,Dose Taken
SUB-1541,S26,Dose High,Week 2,2025-05-26,Dose Taken
SUB-1541,S26,Dose High,Week 4,2025-06-09,Dose Taken
SUB-1541,S26,Dose High,Week 8,2025-07-07,Dose Taken
SUB-1541,S26,Dose High,Week 12,2025-08-04,Dose Taken
SUB-1541,S26,Dose High,Week 16,2025-09-01,Dose Missed
SUB-1541,S26,Dose High,Week 24,2025-10-27,Dose Taken
SUB-1541,S26,Dose High,Week 36,2026-01-19,Dose Taken
SUB-1541,S26,Dose High,Week 52 / EOT,2026-05-11,Dose Taken
SUB-1542,S26,Dose High,Baseline,2026-08-16,Dose Taken
SUB-1542,S26,Dose High,Week 2,2026-08-30,Dose Taken
SUB-1542,S26,Dose High,Week 4,2026-09-13,Dose Taken
SUB-1547,S27,Dose Low,Baseline,2025-09-12,Dose Taken
SUB-1547,S27,Dose Low,Week 2,2025-09-26,Dose Held (AE)
SUB-1547,S27,Dose Low,Week 4,2025-10-10,Dose Taken
SUB-1547,S27,Dose Low,Week 8,2025-11-07,Dose Taken
SUB-1547,S27,Dose Low,Week 12,2025-12-05,Dose Taken
SUB-1547,S27,Dose Low,Week 16,2026-01-02,Dose Taken
SUB-1547,S27,Dose Low,Week 24,2026-02-27,Dose Taken
SUB-1547,S27,Dose Low,Week 36,2026-05-22,Dose Taken
SUB-1547,S27,Dose Low,Week 52 / EOT,2026-09-11,Dose Taken
SUB-1551,S27,Dose High,Baseline,2025-03-24,Dose Taken
SUB-1551,S27,Dose High,Week 2,2025-04-07,Dose Taken
SUB-1551,S27,Dose High,Week 4,2025-04-21,Dose Taken
SUB-1551,S27,Dose High,Week 8,2025-05-19,Dose Taken
SUB-1551,S27,Dose High,Week 12,2025-06-16,Dose Taken
SUB-1551,S27,Dose High,Week 16,2025-07-14,Dose Taken
SUB-1551,S27,Dose High,Week 24,2025-09-08,Dose Taken
SUB-1551,S27,Dose High,Week 36,2025-12-01,Dose Taken
SUB-1551,S27,Dose High,Week 52 / EOT,2026-03-23,Dose Taken
SUB-1552,S27,Dose Low,Baseline,2026-04-19,Dose Taken
SUB-1552,S27,Dose Low,Week 2,2026-05-03,Dose Taken
SUB-1552,S27,Dose Low,Week 4,2026-05-17,Dose Taken
SUB-1552,S27,Dose Low,Week 8,2026-06-14,Dose Taken
SUB-1552,S27,Dose Low,Week 12,2026-07-12,Dose Taken
SUB-1552,S27,Dose Low,Week 16,2026-08-09,Dose Taken
SUB-1554,S27,Dose Low,Baseline,2026-04-27,Dose Taken
SUB-1554,S27,Dose Low,Week 2,2026-05-11,Dose Taken
SUB-1554,S27,Dose Low,Week 4,2026-05-25,Dose Taken
SUB-1554,S27,Dose Low,Week 8,2026-06-22,Dose Taken
SUB-1554,S27,Dose Low,Week 12,2026-07-20,Dose Taken
SUB-1554,S27,Dose Low,Week 16,2026-08-17,Dose Taken
SUB-1555,S27,Dose High,Baseline,2026-01-31,Dose Reduced
SUB-1555,S27,Dose High,Week 2,2026-02-14,Dose Held (AE)
SUB-1555,S27,Dose High,Week 4,2026-02-28,Dose Taken
SUB-1555,S27,Dose High,Week 8,2026-03-28,Dose Taken
SUB-1555,S27,Dose High,Week 12,2026-04-25,Dose Taken
SUB-1555,S27,Dose High,Week 16,2026-05-23,Dose Taken
SUB-1555,S27,Dose High,Week 24,2026-07-18,Dose Taken
SUB-1559,S27,Dose Low,Baseline,2025-06-10,Dose Taken
SUB-1559,S27,Dose Low,Week 2,2025-06-24,Dose Taken
SUB-1559,S27,Dose Low,Week 4,2025-07-08,Dose Taken
SUB-1559,S27,Dose Low,Week 8,2025-08-05,Dose Taken
SUB-1559,S27,Dose Low,Week 12,2025-09-02,Dose Missed
SUB-1559,S27,Dose Low,Week 16,2025-09-30,Dose Held (AE)
SUB-1559,S27,Dose Low,Week 24,2025-11-25,Dose Reduced
SUB-1559,S27,Dose Low,Week 36,2026-02-17,Dose Taken
SUB-1559,S27,Dose Low,Week 52 / EOT,2026-06-09,Dose Taken
SUB-1560,S27,Dose Low,Baseline,2025-08-06,Dose Taken
SUB-1560,S27,Dose Low,Week 2,2025-08-20,Dose Taken
SUB-1560,S27,Dose Low,Week 4,2025-09-03,Dose Taken
SUB-1560,S27,Dose Low,Week 8,2025-10-01,Dose Taken
SUB-1560,S27,Dose Low,Week 12,2025-10-29,Dose Taken
SUB-1560,S27,Dose Low,Week 16,2025-11-26,Dose Taken
SUB-1560,S27,Dose Low,Week 24,2026-01-21,Dose Taken
SUB-1560,S27,Dose Low,Week 36,2026-04-15,Dose Taken
SUB-1560,S27,Dose Low,Week 52 / EOT,2026-08-05,Dose Taken
SUB-1561,S27,Dose High,Baseline,2025-05-06,Dose Taken
SUB-1561,S27,Dose High,Week 2,2025-05-20,Dose Taken
SUB-1561,S27,Dose High,Week 4,2025-06-03,Dose Taken
SUB-1561,S27,Dose High,Week 8,2025-07-01,Dose Taken
SUB-1561,S27,Dose High,Week 12,2025-07-29,Dose Taken
SUB-1561,S27,Dose High,Week 16,2025-08-26,Dose Taken
SUB-1561,S27,Dose High,Week 24,2025-10-21,Dose Taken
SUB-1561,S27,Dose High,Week 36,2026-01-13,Dose Taken
SUB-1561,S27,Dose High,Week 52 / EOT,2026-05-05,Dose Taken
SUB-1563,S27,Dose High,Baseline,2026-05-02,Dose Taken
SUB-1563,S27,Dose High,Week 2,2026-05-16,Dose Taken
SUB-1563,S27,Dose High,Week 4,2026-05-30,Dose Taken
SUB-1563,S27,Dose High,Week 8,2026-06-27,Dose Taken
SUB-1563,S27,Dose High,Week 12,2026-07-25,Dose Taken
SUB-1563,S27,Dose High,Week 16,2026-08-22,Dose Held (AE)
SUB-1564,S27,Dose High,Baseline,2026-04-10,Dose Taken
SUB-1564,S27,Dose High,Week 2,2026-04-24,Dose Taken
SUB-1564,S27,Dose High,Week 4,2026-05-08,Dose Taken
SUB-1564,S27,Dose High,Week 8,2026-06-05,Dose Taken
SUB-1564,S27,Dose High,Week 12,2026-07-03,Dose Taken
SUB-1564,S27,Dose High,Week 16,2026-07-31,Dose Taken
SUB-1564,S27,Dose High,Week 24,2026-09-25,Dose Taken
SUB-1567,S27,Dose High,Baseline,2025-03-24,Dose Taken
SUB-1567,S27,Dose High,Week 2,2025-04-07,Dose Taken
SUB-1567,S27,Dose High,Week 4,2025-04-21,Dose Taken
SUB-1567,S27,Dose High,Week 8,2025-05-19,Dose Taken
SUB-1567,S27,Dose High,Week 12,2025-06-16,Dose Taken
SUB-1567,S27,Dose High,Week 16,2025-07-14,Dose Taken
SUB-1567,S27,Dose High,Week 24,2025-09-08,Dose Taken
SUB-1567,S27,Dose High,Week 36,2025-12-01,Dose Taken
SUB-1567,S27,Dose High,Week 52 / EOT,2026-03-23,Dose Taken
SUB-1572,S27,Dose Low,Baseline,2026-06-23,Dose Taken
SUB-1572,S27,Dose Low,Week 2,2026-07-07,Dose Taken
SUB-1572,S27,Dose Low,Week 4,2026-07-21,Dose Taken
SUB-1572,S27,Dose Low,Week 8,2026-08-18,Dose Taken
SUB-1572,S27,Dose Low,Week 12,2026-09-15,Dose Taken
SUB-1574,S27,Dose High,Baseline,2025-03-10,Dose Taken
SUB-1574,S27,Dose High,Week 2,2025-03-24,Dose Taken
SUB-1574,S27,Dose High,Week 4,2025-04-07,Dose Taken
SUB-1574,S27,Dose High,Week 8,2025-05-05,Dose Taken
SUB-1574,S27,Dose High,Week 12,2025-06-02,Dose Taken
SUB-1574,S27,Dose High,Week 16,2025-06-30,Dose Taken
SUB-1574,S27,Dose High,Week 24,2025-08-25,Dose Taken
SUB-1574,S27,Dose High,Week 36,2025-11-17,Dose Taken
SUB-1574,S27,Dose High,Week 52 / EOT,2026-03-09,Dose Taken
SUB-1576,S27,Dose Low,Baseline,2025-04-14,Dose Taken
SUB-1576,S27,Dose Low,Week 2,2025-04-28,Dose Taken
SUB-1576,S27,Dose Low,Week 4,2025-05-12,Dose Taken
SUB-1576,S27,Dose Low,Week 8,2025-06-09,Dose Taken
SUB-1576,S27,Dose Low,Week 12,2025-07-07,Dose Taken
SUB-1576,S27,Dose Low,Week 16,2025-08-04,Dose Taken
SUB-1576,S27,Dose Low,Week 24,2025-09-29,Dose Taken
SUB-1576,S27,Dose Low,Week 36,2025-12-22,Dose Taken
SUB-1576,S27,Dose Low,Week 52 / EOT,2026-04-13,Dose Taken
SUB-1579,S27,Dose High,Baseline,2026-04-20,Dose Taken
SUB-1579,S27,Dose High,Week 2,2026-05-04,Dose Taken
SUB-1579,S27,Dose High,Week 4,2026-05-18,Dose Taken
SUB-1579,S27,Dose High,Week 8,2026-06-15,Dose Taken
SUB-1579,S27,Dose High,Week 12,2026-07-13,Dose Taken
SUB-1579,S27,Dose High,Week 16,2026-08-10,Dose Taken
SUB-1580,S27,Dose High,Baseline,2026-06-15,Dose Taken
SUB-1580,S27,Dose High,Week 2,2026-06-29,Dose Taken
SUB-1580,S27,Dose High,Week 4,2026-07-13,Dose Taken
SUB-1580,S27,Dose High,Week 8,2026-08-10,Dose Taken
SUB-1580,S27,Dose High,Week 12,2026-09-07,Dose Taken
SUB-1582,S27,Dose High,Baseline,2025-03-31,Dose Taken
SUB-1582,S27,Dose High,Week 2,2025-04-14,Dose Taken
SUB-1582,S27,Dose High,Week 4,2025-04-28,Dose Taken
SUB-1582,S27,Dose High,Week 8,2025-05-26,Dose Taken
SUB-1582,S27,Dose High,Week 12,2025-06-23,Dose Taken
SUB-1582,S27,Dose High,Week 16,2025-07-21,Dose Taken
SUB-1582,S27,Dose High,Week 24,2025-09-15,Dose Taken
SUB-1582,S27,Dose High,Week 36,2025-12-08,Dose Taken
SUB-1582,S27,Dose High,Week 52 / EOT,2026-03-30,Dose Taken
SUB-1583,S27,Dose High,Baseline,2026-02-20,Dose Taken
SUB-1583,S27,Dose High,Week 2,2026-03-06,Dose Taken
SUB-1583,S27,Dose High,Week 4,2026-03-20,Dose Taken
SUB-1583,S27,Dose High,Week 8,2026-04-17,Dose Taken
SUB-1583,S27,Dose High,Week 12,2026-05-15,Dose Taken
SUB-1583,S27,Dose High,Week 16,2026-06-12,Dose Taken
SUB-1583,S27,Dose High,Week 24,2026-08-07,Dose Taken
SUB-1585,S27,Dose Low,Baseline,2026-07-29,Dose Taken
SUB-1585,S27,Dose Low,Week 2,2026-08-12,Dose Taken
SUB-1585,S27,Dose Low,Week 4,2026-08-26,Dose Taken
SUB-1585,S27,Dose Low,Week 8,2026-09-23,Dose Taken
SUB-1587,S27,Dose Low,Baseline,2026-07-17,Dose Taken
SUB-1587,S27,Dose Low,Week 2,2026-07-31,Dose Taken
SUB-1587,S27,Dose Low,Week 4,2026-08-14,Dose Taken
SUB-1587,S27,Dose Low,Week 8,2026-09-11,Dose Taken
SUB-1588,S27,Dose High,Baseline,2026-02-08,Dose Taken
SUB-1588,S27,Dose High,Week 2,2026-02-22,Dose Reduced
SUB-1588,S27,Dose High,Week 4,2026-03-08,Dose Taken
SUB-1588,S27,Dose High,Week 8,2026-04-05,Dose Taken
SUB-1588,S27,Dose High,Week 12,2026-05-03,Dose Taken
SUB-1588,S27,Dose High,Week 16,2026-05-31,Dose Taken
SUB-1588,S27,Dose High,Week 24,2026-07-26,Dose Held (AE)
SUB-1589,S27,Dose High,Baseline,2026-07-22,Dose Taken
SUB-1589,S27,Dose High,Week 2,2026-08-05,Dose Taken
SUB-1589,S27,Dose High,Week 4,2026-08-19,Dose Taken
SUB-1589,S27,Dose High,Week 8,2026-09-16,Dose Taken
SUB-1590,S27,Dose Low,Baseline,2025-08-20,Dose Taken
SUB-1590,S27,Dose Low,Week 2,2025-09-03,Dose Taken
SUB-1590,S27,Dose Low,Week 4,2025-09-17,Dose Taken
SUB-1590,S27,Dose Low,Week 8,2025-10-15,Dose Taken
SUB-1590,S27,Dose Low,Week 12,2025-11-12,Dose Taken
SUB-1590,S27,Dose Low,Week 16,2025-12-10,Dose Taken
SUB-1590,S27,Dose Low,Week 24,2026-02-04,Dose Taken
SUB-1590,S27,Dose Low,Week 36,2026-04-29,Dose Taken
SUB-1590,S27,Dose Low,Week 52 / EOT,2026-08-19,Dose Taken
SUB-1591,S27,Dose Low,Baseline,2025-09-17,Dose Taken
SUB-1591,S27,Dose Low,Week 2,2025-10-01,Dose Taken
SUB-1591,S27,Dose Low,Week 4,2025-10-15,Dose Taken
SUB-1591,S27,Dose Low,Week 8,2025-11-12,Dose Taken
SUB-1591,S27,Dose Low,Week 12,2025-12-10,Dose Taken
SUB-1591,S27,Dose Low,Week 16,2026-01-07,Dose Taken
SUB-1591,S27,Dose Low,Week 24,2026-03-04,Dose Taken
SUB-1591,S27,Dose Low,Week 36,2026-05-27,Dose Held (AE)
SUB-1591,S27,Dose Low,Week 52 / EOT,2026-09-16,Dose Taken
SUB-1592,S27,Dose Low,Baseline,2025-09-16,Dose Taken
SUB-1592,S27,Dose Low,Week 2,2025-09-30,Dose Taken
SUB-1592,S27,Dose Low,Week 4,2025-10-14,Dose Taken
SUB-1592,S27,Dose Low,Week 8,2025-11-11,Dose Taken
SUB-1592,S27,Dose Low,Week 12,2025-12-09,Dose Taken
SUB-1592,S27,Dose Low,Week 16,2026-01-06,Dose Taken
SUB-1592,S27,Dose Low,Week 24,2026-03-03,Dose Held (AE)
SUB-1592,S27,Dose Low,Week 36,2026-05-26,Dose Taken
SUB-1592,S27,Dose Low,Week 52 / EOT,2026-09-15,Dose Taken
SUB-1597,S27,Dose Low,Baseline,2025-10-16,Dose Taken
SUB-1597,S27,Dose Low,Week 2,2025-10-30,Dose Missed
SUB-1597,S27,Dose Low,Week 4,2025-11-13,Dose Taken
SUB-1597,S27,Dose Low,Week 8,2025-12-11,Dose Held (AE)
SUB-1597,S27,Dose Low,Week 12,2026-01-08,Dose Taken
SUB-1597,S27,Dose Low,Week 16,2026-02-05,Dose Missed
SUB-1597,S27,Dose Low,Week 24,2026-04-02,Dose Taken
SUB-1597,S27,Dose Low,Week 36,2026-06-25,Dose Taken
SUB-1602,S27,Dose Low,Baseline,2026-08-12,Dose Taken
SUB-1602,S27,Dose Low,Week 2,2026-08-26,Dose Taken
SUB-1602,S27,Dose Low,Week 4,2026-09-09,Dose Taken
SUB-1603,S27,Dose High,Baseline,2025-10-05,Dose Taken
SUB-1603,S27,Dose High,Week 2,2025-10-19,Dose Taken
SUB-1603,S27,Dose High,Week 4,2025-11-02,Dose Taken
SUB-1603,S27,Dose High,Week 8,2025-11-30,Dose Taken
SUB-1603,S27,Dose High,Week 12,2025-12-28,Dose Taken
SUB-1603,S27,Dose High,Week 16,2026-01-25,Dose Taken
SUB-1603,S27,Dose High,Week 24,2026-03-22,Dose Taken
SUB-1603,S27,Dose High,Week 36,2026-06-14,Dose Held (AE)
SUB-1604,S27,Dose Low,Baseline,2025-11-24,Dose Missed
SUB-1604,S27,Dose Low,Week 2,2025-12-08,Dose Reduced
SUB-1604,S27,Dose Low,Week 4,2025-12-22,Dose Taken
SUB-1604,S27,Dose Low,Week 8,2026-01-19,Dose Taken
SUB-1604,S27,Dose Low,Week 12,2026-02-16,Dose Taken
SUB-1604,S27,Dose Low,Week 16,2026-03-16,Dose Taken
SUB-1604,S27,Dose Low,Week 24,2026-05-11,Dose Held (AE)
SUB-1604,S27,Dose Low,Week 36,2026-08-03,Dose Taken
SUB-1605,S27,Dose High,Baseline,2025-07-29,Dose Taken
SUB-1605,S27,Dose High,Week 2,2025-08-12,Dose Taken
SUB-1605,S27,Dose High,Week 4,2025-08-26,Dose Taken
SUB-1605,S27,Dose High,Week 8,2025-09-23,Dose Taken
SUB-1605,S27,Dose High,Week 12,2025-10-21,Dose Taken
SUB-1605,S27,Dose High,Week 16,2025-11-18,Dose Held (AE)
SUB-1605,S27,Dose High,Week 24,2026-01-13,Dose Taken
SUB-1605,S27,Dose High,Week 36,2026-04-07,Dose Taken
SUB-1605,S27,Dose High,Week 52 / EOT,2026-07-28,Dose Held (AE)
SUB-1606,S27,Dose High,Baseline,2025-10-21,Dose Taken
SUB-1606,S27,Dose High,Week 2,2025-11-04,Dose Held (AE)
SUB-1606,S27,Dose High,Week 4,2025-11-18,Dose Held (AE)
SUB-1606,S27,Dose High,Week 8,2025-12-16,Dose Held (AE)
SUB-1606,S27,Dose High,Week 12,2026-01-13,Dose Taken
SUB-1606,S27,Dose High,Week 16,2026-02-10,Dose Taken
SUB-1606,S27,Dose High,Week 24,2026-04-07,Dose Taken
SUB-1606,S27,Dose High,Week 36,2026-06-30,Dose Taken
SUB-1607,S27,Dose High,Baseline,2025-10-14,Dose Taken
SUB-1607,S27,Dose High,Week 2,2025-10-28,Dose Taken
SUB-1607,S27,Dose High,Week 4,2025-11-11,Dose Held (AE)
SUB-1607,S27,Dose High,Week 8,2025-12-09,Dose Taken
SUB-1607,S27,Dose High,Week 12,2026-01-06,Dose Taken
SUB-1607,S27,Dose High,Week 16,2026-02-03,Dose Taken
SUB-1607,S27,Dose High,Week 24,2026-03-31,Dose Taken
SUB-1607,S27,Dose High,Week 36,2026-06-23,Dose Taken
SUB-1608,S27,Dose High,Baseline,2025-12-22,Dose Taken
SUB-1608,S27,Dose High,Week 2,2026-01-05,Dose Taken
SUB-1608,S27,Dose High,Week 4,2026-01-19,Dose Taken
SUB-1608,S27,Dose High,Week 8,2026-02-16,Dose Taken
SUB-1608,S27,Dose High,Week 12,2026-03-16,Dose Missed
SUB-1608,S27,Dose High,Week 16,2026-04-13,Dose Taken
SUB-1608,S27,Dose High,Week 24,2026-06-08,Dose Taken
SUB-1608,S27,Dose High,Week 36,2026-08-31,Dose Taken
SUB-1609,S27,Dose High,Baseline,2026-04-10,Dose Taken
SUB-1609,S27,Dose High,Week 2,2026-04-24,Dose Taken
SUB-1609,S27,Dose High,Week 4,2026-05-08,Dose Taken
SUB-1609,S27,Dose High,Week 8,2026-06-05,Dose Taken
SUB-1609,S27,Dose High,Week 12,2026-07-03,Dose Taken
SUB-1609,S27,Dose High,Week 16,2026-07-31,Dose Taken
SUB-1609,S27,Dose High,Week 24,2026-09-25,Dose Taken
SUB-1610,S27,Dose High,Baseline,2026-06-11,Dose Taken
SUB-1610,S27,Dose High,Week 2,2026-06-25,Dose Taken
SUB-1610,S27,Dose High,Week 4,2026-07-09,Dose Taken
SUB-1610,S27,Dose High,Week 8,2026-08-06,Dose Missed
SUB-1610,S27,Dose High,Week 12,2026-09-03,Dose Taken
SUB-1611,S28,Dose High,Baseline,2026-09-15,Dose Taken
SUB-1611,S28,Dose High,Week 2,2026-09-29,Dose Taken
SUB-1615,S28,Dose High,Baseline,2026-09-29,Dose Taken
SUB-1616,S28,Dose Low,Baseline,2026-09-10,Dose Taken
SUB-1616,S28,Dose Low,Week 2,2026-09-24,Dose Taken
SUB-1619,S28,Dose High,Baseline,2026-09-22,Dose Taken
SUB-1621,S28,Dose High,Baseline,2026-06-18,Dose Taken
SUB-1621,S28,Dose High,Week 2,2026-07-02,Dose Taken
SUB-1621,S28,Dose High,Week 4,2026-07-16,Dose Taken
SUB-1621,S28,Dose High,Week 8,2026-08-13,Dose Taken
SUB-1621,S28,Dose High,Week 12,2026-09-10,Dose Taken
SUB-1625,S28,Dose High,Baseline,2026-09-02,Dose Taken
SUB-1625,S28,Dose High,Week 2,2026-09-16,Dose Missed
SUB-1625,S28,Dose High,Week 4,2026-09-30,Dose Taken
SUB-1626,S28,Dose Low,Baseline,2026-01-22,Dose Taken
SUB-1626,S28,Dose Low,Week 2,2026-02-05,Dose Held (AE)
SUB-1626,S28,Dose Low,Week 4,2026-02-19,Dose Taken
SUB-1626,S28,Dose Low,Week 8,2026-03-19,Dose Taken
SUB-1626,S28,Dose Low,Week 12,2026-04-16,Dose Taken
SUB-1626,S28,Dose Low,Week 16,2026-05-14,Dose Taken
SUB-1626,S28,Dose Low,Week 24,2026-07-09,Dose Taken
SUB-1627,S28,Dose High,Baseline,2026-07-24,Dose Taken
SUB-1627,S28,Dose High,Week 2,2026-08-07,Dose Taken
SUB-1627,S28,Dose High,Week 4,2026-08-21,Dose Taken
SUB-1627,S28,Dose High,Week 8,2026-09-18,Dose Taken
SUB-1630,S28,Dose Low,Baseline,2025-12-23,Dose Taken
SUB-1630,S28,Dose Low,Week 2,2026-01-06,Dose Taken
SUB-1630,S28,Dose Low,Week 4,2026-01-20,Dose Taken
SUB-1630,S28,Dose Low,Week 8,2026-02-17,Dose Taken
SUB-1630,S28,Dose Low,Week 12,2026-03-17,Dose Taken
SUB-1630,S28,Dose Low,Week 16,2026-04-14,Dose Taken
SUB-1630,S28,Dose Low,Week 24,2026-06-09,Dose Held (AE)
SUB-1630,S28,Dose Low,Week 36,2026-09-01,Dose Taken
SUB-1633,S28,Dose High,Baseline,2026-09-09,Dose Taken
SUB-1633,S28,Dose High,Week 2,2026-09-23,Dose Taken
SUB-1638,S28,Dose High,Baseline,2026-06-16,Dose Taken
SUB-1638,S28,Dose High,Week 2,2026-06-30,Dose Taken
SUB-1638,S28,Dose High,Week 4,2026-07-14,Dose Taken
SUB-1638,S28,Dose High,Week 8,2026-08-11,Dose Taken
SUB-1638,S28,Dose High,Week 12,2026-09-08,Dose Taken
SUB-1640,S28,Dose High,Baseline,2025-12-11,Dose Taken
SUB-1640,S28,Dose High,Week 2,2025-12-25,Dose Taken
SUB-1640,S28,Dose High,Week 4,2026-01-08,Dose Taken
SUB-1640,S28,Dose High,Week 8,2026-02-05,Dose Taken
SUB-1640,S28,Dose High,Week 12,2026-03-05,Dose Taken
SUB-1640,S28,Dose High,Week 16,2026-04-02,Dose Taken
SUB-1640,S28,Dose High,Week 24,2026-05-28,Dose Taken
SUB-1640,S28,Dose High,Week 36,2026-08-20,Dose Taken
SUB-1645,S28,Dose Low,Baseline,2026-07-20,Dose Taken
SUB-1645,S28,Dose Low,Week 2,2026-08-03,Dose Taken
SUB-1645,S28,Dose Low,Week 4,2026-08-17,Dose Reduced
SUB-1645,S28,Dose Low,Week 8,2026-09-14,Dose Taken
SUB-1646,S28,Dose Low,Baseline,2026-09-29,Dose Taken
SUB-1649,S28,Dose Low,Baseline,2026-09-15,Dose Taken
SUB-1649,S28,Dose Low,Week 2,2026-09-29,Dose Taken
SUB-1650,S28,Dose Low,Baseline,2026-09-25,Dose Taken
SUB-1651,S28,Dose Low,Baseline,2026-09-25,Dose Taken
SUB-1654,S28,Dose Low,Baseline,2026-09-15,Dose Taken
SUB-1654,S28,Dose Low,Week 2,2026-09-29,Dose Taken
SUB-1656,S28,Dose Low,Baseline,2026-07-11,Dose Taken
SUB-1656,S28,Dose Low,Week 2,2026-07-25,Dose Taken
SUB-1656,S28,Dose Low,Week 4,2026-08-08,Dose Taken
SUB-1656,S28,Dose Low,Week 8,2026-09-05,Dose Taken
SUB-1660,S28,Dose High,Baseline,2026-07-19,Dose Taken
SUB-1660,S28,Dose High,Week 2,2026-08-02,Dose Reduced
SUB-1660,S28,Dose High,Week 4,2026-08-16,Dose Taken
SUB-1660,S28,Dose High,Week 8,2026-09-13,Dose Taken
SUB-1663,S28,Dose Low,Baseline,2026-05-07,Dose Taken
SUB-1663,S28,Dose Low,Week 2,2026-05-21,Dose Taken
SUB-1663,S28,Dose Low,Week 4,2026-06-04,Dose Taken
SUB-1663,S28,Dose Low,Week 8,2026-07-02,Dose Taken
SUB-1663,S28,Dose Low,Week 12,2026-07-30,Dose Taken
SUB-1663,S28,Dose Low,Week 16,2026-08-27,Dose Taken
SUB-1664,S28,Dose High,Baseline,2026-07-25,Dose Reduced
SUB-1664,S28,Dose High,Week 2,2026-08-08,Dose Taken
SUB-1664,S28,Dose High,Week 4,2026-08-22,Dose Taken
SUB-1664,S28,Dose High,Week 8,2026-09-19,Dose Reduced
SUB-1666,S28,Dose Low,Baseline,2026-09-29,Dose Taken
SUB-1675,S29,Dose High,Baseline,2026-06-20,Dose Taken
SUB-1675,S29,Dose High,Week 2,2026-07-04,Dose Taken
SUB-1675,S29,Dose High,Week 4,2026-07-18,Dose Taken
SUB-1675,S29,Dose High,Week 8,2026-08-15,Dose Taken
SUB-1675,S29,Dose High,Week 12,2026-09-12,Dose Taken
SUB-1676,S29,Dose High,Baseline,2025-05-31,Dose Taken
SUB-1676,S29,Dose High,Week 2,2025-06-14,Dose Taken
SUB-1676,S29,Dose High,Week 4,2025-06-28,Dose Taken
SUB-1676,S29,Dose High,Week 8,2025-07-26,Dose Taken
SUB-1676,S29,Dose High,Week 12,2025-08-23,Dose Taken
SUB-1676,S29,Dose High,Week 16,2025-09-20,Dose Taken
SUB-1676,S29,Dose High,Week 24,2025-11-15,Dose Taken
SUB-1676,S29,Dose High,Week 36,2026-02-07,Dose Taken
SUB-1676,S29,Dose High,Week 52 / EOT,2026-05-30,Dose Taken
SUB-1677,S29,Dose High,Baseline,2025-10-19,Dose Taken
SUB-1677,S29,Dose High,Week 2,2025-11-02,Dose Taken
SUB-1677,S29,Dose High,Week 4,2025-11-16,Dose Held (AE)
SUB-1677,S29,Dose High,Week 8,2025-12-14,Dose Taken
SUB-1677,S29,Dose High,Week 12,2026-01-11,Dose Taken
SUB-1677,S29,Dose High,Week 16,2026-02-08,Dose Taken
SUB-1677,S29,Dose High,Week 24,2026-04-05,Dose Taken
SUB-1677,S29,Dose High,Week 36,2026-06-28,Dose Taken
SUB-1688,S29,Dose Low,Baseline,2026-07-25,Dose Taken
SUB-1688,S29,Dose Low,Week 2,2026-08-08,Dose Taken
SUB-1688,S29,Dose Low,Week 4,2026-08-22,Dose Taken
SUB-1688,S29,Dose Low,Week 8,2026-09-19,Dose Taken
SUB-1689,S29,Dose Low,Baseline,2026-02-01,Dose Taken
SUB-1689,S29,Dose Low,Week 2,2026-02-15,Dose Missed
SUB-1689,S29,Dose Low,Week 4,2026-03-01,Dose Taken
SUB-1689,S29,Dose Low,Week 8,2026-03-29,Dose Taken
SUB-1689,S29,Dose Low,Week 12,2026-04-26,Dose Taken
SUB-1689,S29,Dose Low,Week 16,2026-05-24,Dose Taken
SUB-1689,S29,Dose Low,Week 24,2026-07-19,Dose Taken
SUB-1690,S29,Dose High,Baseline,2025-05-11,Dose Taken
SUB-1690,S29,Dose High,Week 2,2025-05-25,Dose Taken
SUB-1690,S29,Dose High,Week 4,2025-06-08,Dose Reduced
SUB-1690,S29,Dose High,Week 8,2025-07-06,Dose Taken
SUB-1690,S29,Dose High,Week 12,2025-08-03,Dose Taken
SUB-1690,S29,Dose High,Week 16,2025-08-31,Dose Taken
SUB-1690,S29,Dose High,Week 24,2025-10-26,Dose Taken
SUB-1690,S29,Dose High,Week 36,2026-01-18,Dose Reduced
SUB-1690,S29,Dose High,Week 52 / EOT,2026-05-10,Dose Taken
SUB-1691,S29,Dose Low,Baseline,2025-12-05,Dose Taken
SUB-1691,S29,Dose Low,Week 2,2025-12-19,Dose Taken
SUB-1691,S29,Dose Low,Week 4,2026-01-02,Dose Taken
SUB-1691,S29,Dose Low,Week 8,2026-01-30,Dose Taken
SUB-1691,S29,Dose Low,Week 12,2026-02-27,Dose Taken
SUB-1691,S29,Dose Low,Week 16,2026-03-27,Dose Taken
SUB-1691,S29,Dose Low,Week 24,2026-05-22,Dose Taken
SUB-1691,S29,Dose Low,Week 36,2026-08-14,Dose Taken
SUB-1693,S29,Dose Low,Baseline,2026-04-22,Dose Missed
SUB-1693,S29,Dose Low,Week 2,2026-05-06,Dose Taken
SUB-1693,S29,Dose Low,Week 4,2026-05-20,Dose Taken
SUB-1693,S29,Dose Low,Week 8,2026-06-17,Dose Taken
SUB-1693,S29,Dose Low,Week 12,2026-07-15,Dose Taken
SUB-1693,S29,Dose Low,Week 16,2026-08-12,Dose Taken
SUB-1695,S29,Dose High,Baseline,2025-03-06,Dose Taken
SUB-1695,S29,Dose High,Week 2,2025-03-20,Dose Taken
SUB-1695,S29,Dose High,Week 4,2025-04-03,Dose Taken
SUB-1695,S29,Dose High,Week 8,2025-05-01,Dose Taken
SUB-1695,S29,Dose High,Week 12,2025-05-29,Dose Taken
SUB-1695,S29,Dose High,Week 16,2025-06-26,Dose Taken
SUB-1695,S29,Dose High,Week 24,2025-08-21,Dose Taken
SUB-1695,S29,Dose High,Week 36,2025-11-13,Dose Taken
SUB-1695,S29,Dose High,Week 52 / EOT,2026-03-05,Dose Taken
SUB-1696,S29,Dose High,Baseline,2025-11-04,Dose Taken
SUB-1696,S29,Dose High,Week 2,2025-11-18,Dose Taken
SUB-1696,S29,Dose High,Week 4,2025-12-02,Dose Taken
SUB-1696,S29,Dose High,Week 8,2025-12-30,Dose Taken
SUB-1696,S29,Dose High,Week 12,2026-01-27,Dose Taken
SUB-1696,S29,Dose High,Week 16,2026-02-24,Dose Taken
SUB-1696,S29,Dose High,Week 24,2026-04-21,Dose Held (AE)
SUB-1696,S29,Dose High,Week 36,2026-07-14,Dose Taken
SUB-1697,S29,Dose High,Baseline,2025-03-06,Dose Taken
SUB-1697,S29,Dose High,Week 2,2025-03-20,Dose Taken
SUB-1697,S29,Dose High,Week 4,2025-04-03,Dose Taken
SUB-1697,S29,Dose High,Week 8,2025-05-01,Dose Taken
SUB-1697,S29,Dose High,Week 12,2025-05-29,Dose Taken
SUB-1697,S29,Dose High,Week 16,2025-06-26,Dose Taken
SUB-1697,S29,Dose High,Week 24,2025-08-21,Dose Taken
SUB-1697,S29,Dose High,Week 36,2025-11-13,Dose Taken
SUB-1697,S29,Dose High,Week 52 / EOT,2026-03-05,Dose Taken
SUB-1700,S29,Dose Low,Baseline,2026-07-27,Dose Taken
SUB-1700,S29,Dose Low,Week 2,2026-08-10,Dose Taken
SUB-1700,S29,Dose Low,Week 4,2026-08-24,Dose Taken
SUB-1700,S29,Dose Low,Week 8,2026-09-21,Dose Taken
SUB-1702,S29,Dose High,Baseline,2025-07-31,Dose Taken
SUB-1702,S29,Dose High,Week 2,2025-08-14,Dose Taken
SUB-1702,S29,Dose High,Week 4,2025-08-28,Dose Taken
SUB-1702,S29,Dose High,Week 8,2025-09-25,Dose Taken
SUB-1702,S29,Dose High,Week 12,2025-10-23,Dose Taken
SUB-1702,S29,Dose High,Week 16,2025-11-20,Dose Taken
SUB-1702,S29,Dose High,Week 24,2026-01-15,Dose Taken
SUB-1702,S29,Dose High,Week 36,2026-04-09,Dose Taken
SUB-1702,S29,Dose High,Week 52 / EOT,2026-07-30,Dose Taken
SUB-1703,S29,Dose High,Baseline,2025-09-08,Dose Taken
SUB-1703,S29,Dose High,Week 2,2025-09-22,Dose Taken
SUB-1703,S29,Dose High,Week 4,2025-10-06,Dose Taken
SUB-1703,S29,Dose High,Week 8,2025-11-03,Dose Taken
SUB-1703,S29,Dose High,Week 12,2025-12-01,Dose Taken
SUB-1703,S29,Dose High,Week 16,2025-12-29,Dose Reduced
SUB-1703,S29,Dose High,Week 24,2026-02-23,Dose Taken
SUB-1703,S29,Dose High,Week 36,2026-05-18,Dose Taken
SUB-1703,S29,Dose High,Week 52 / EOT,2026-09-07,Dose Held (AE)
SUB-1706,S29,Dose High,Baseline,2025-08-16,Dose Taken
SUB-1706,S29,Dose High,Week 2,2025-08-30,Dose Taken
SUB-1706,S29,Dose High,Week 4,2025-09-13,Dose Taken
SUB-1706,S29,Dose High,Week 8,2025-10-11,Dose Taken
SUB-1706,S29,Dose High,Week 12,2025-11-08,Dose Taken
SUB-1706,S29,Dose High,Week 16,2025-12-06,Dose Taken
SUB-1706,S29,Dose High,Week 24,2026-01-31,Dose Taken
SUB-1706,S29,Dose High,Week 36,2026-04-25,Dose Taken
SUB-1706,S29,Dose High,Week 52 / EOT,2026-08-15,Dose Taken
SUB-1708,S29,Dose Low,Baseline,2026-05-12,Dose Taken
SUB-1708,S29,Dose Low,Week 2,2026-05-26,Dose Taken
SUB-1708,S29,Dose Low,Week 4,2026-06-09,Dose Taken
SUB-1708,S29,Dose Low,Week 8,2026-07-07,Dose Taken
SUB-1708,S29,Dose Low,Week 12,2026-08-04,Dose Taken
SUB-1708,S29,Dose Low,Week 16,2026-09-01,Dose Taken
SUB-1710,S29,Dose Low,Baseline,2025-02-26,Dose Taken
SUB-1710,S29,Dose Low,Week 2,2025-03-12,Dose Taken
SUB-1710,S29,Dose Low,Week 4,2025-03-26,Dose Taken
SUB-1710,S29,Dose Low,Week 8,2025-04-23,Dose Taken
SUB-1710,S29,Dose Low,Week 12,2025-05-21,Dose Taken
SUB-1710,S29,Dose Low,Week 16,2025-06-18,Dose Taken
SUB-1710,S29,Dose Low,Week 24,2025-08-13,Dose Taken
SUB-1710,S29,Dose Low,Week 36,2025-11-05,Dose Taken
SUB-1710,S29,Dose Low,Week 52 / EOT,2026-02-25,Dose Taken
SUB-1716,S29,Dose High,Baseline,2026-06-07,Dose Taken
SUB-1716,S29,Dose High,Week 2,2026-06-21,Dose Taken
SUB-1716,S29,Dose High,Week 4,2026-07-05,Dose Taken
SUB-1716,S29,Dose High,Week 8,2026-08-02,Dose Taken
SUB-1716,S29,Dose High,Week 12,2026-08-30,Dose Taken
SUB-1716,S29,Dose High,Week 16,2026-09-27,Dose Taken
SUB-1719,S29,Dose High,Baseline,2025-03-22,Dose Taken
SUB-1719,S29,Dose High,Week 2,2025-04-05,Dose Taken
SUB-1719,S29,Dose High,Week 4,2025-04-19,Dose Taken
SUB-1719,S29,Dose High,Week 8,2025-05-17,Dose Taken
SUB-1719,S29,Dose High,Week 12,2025-06-14,Dose Taken
SUB-1719,S29,Dose High,Week 16,2025-07-12,Dose Taken
SUB-1719,S29,Dose High,Week 24,2025-09-06,Dose Taken
SUB-1719,S29,Dose High,Week 36,2025-11-29,Dose Taken
SUB-1719,S29,Dose High,Week 52 / EOT,2026-03-21,Dose Taken
SUB-1720,S29,Dose Low,Baseline,2026-03-08,Dose Taken
SUB-1720,S29,Dose Low,Week 2,2026-03-22,Dose Taken
SUB-1720,S29,Dose Low,Week 4,2026-04-05,Dose Taken
SUB-1720,S29,Dose Low,Week 8,2026-05-03,Dose Taken
SUB-1720,S29,Dose Low,Week 12,2026-05-31,Dose Taken
SUB-1720,S29,Dose Low,Week 16,2026-06-28,Dose Taken
SUB-1720,S29,Dose Low,Week 24,2026-08-23,Dose Taken
SUB-1721,S29,Dose High,Baseline,2025-06-20,Dose Taken
SUB-1721,S29,Dose High,Week 2,2025-07-04,Dose Taken
SUB-1721,S29,Dose High,Week 4,2025-07-18,Dose Taken
SUB-1721,S29,Dose High,Week 8,2025-08-15,Dose Taken
SUB-1721,S29,Dose High,Week 12,2025-09-12,Dose Taken
SUB-1721,S29,Dose High,Week 16,2025-10-10,Dose Taken
SUB-1721,S29,Dose High,Week 24,2025-12-05,Dose Taken
SUB-1721,S29,Dose High,Week 36,2026-02-27,Dose Taken
SUB-1721,S29,Dose High,Week 52 / EOT,2026-06-19,Dose Taken
SUB-1723,S29,Dose High,Baseline,2026-06-26,Dose Taken
SUB-1723,S29,Dose High,Week 2,2026-07-10,Dose Taken
SUB-1723,S29,Dose High,Week 4,2026-07-24,Dose Taken
SUB-1723,S29,Dose High,Week 8,2026-08-21,Dose Taken
SUB-1723,S29,Dose High,Week 12,2026-09-18,Dose Taken
SUB-1724,S29,Dose High,Baseline,2026-06-24,Dose Taken
SUB-1724,S29,Dose High,Week 2,2026-07-08,Dose Taken
SUB-1724,S29,Dose High,Week 4,2026-07-22,Dose Taken
SUB-1724,S29,Dose High,Week 8,2026-08-19,Dose Taken
SUB-1724,S29,Dose High,Week 12,2026-09-16,Dose Taken
SUB-1727,S29,Dose High,Baseline,2026-01-28,Dose Taken
SUB-1727,S29,Dose High,Week 2,2026-02-11,Dose Taken
SUB-1727,S29,Dose High,Week 4,2026-02-25,Dose Missed
SUB-1727,S29,Dose High,Week 8,2026-03-25,Dose Taken
SUB-1727,S29,Dose High,Week 12,2026-04-22,Dose Taken
SUB-1727,S29,Dose High,Week 16,2026-05-20,Dose Taken
SUB-1727,S29,Dose High,Week 24,2026-07-15,Dose Taken
SUB-1729,S29,Dose Low,Baseline,2026-05-11,Dose Taken
SUB-1729,S29,Dose Low,Week 2,2026-05-25,Dose Taken
SUB-1729,S29,Dose Low,Week 4,2026-06-08,Dose Taken
SUB-1729,S29,Dose Low,Week 8,2026-07-06,Dose Taken
SUB-1729,S29,Dose Low,Week 12,2026-08-03,Dose Taken
SUB-1729,S29,Dose Low,Week 16,2026-08-31,Dose Taken
SUB-1730,S29,Dose High,Baseline,2026-07-09,Dose Taken
SUB-1730,S29,Dose High,Week 2,2026-07-23,Dose Taken
SUB-1730,S29,Dose High,Week 4,2026-08-06,Dose Taken
SUB-1730,S29,Dose High,Week 8,2026-09-03,Dose Taken
SUB-1734,S29,Dose Low,Baseline,2025-09-09,Dose Taken
SUB-1734,S29,Dose Low,Week 2,2025-09-23,Dose Taken
SUB-1734,S29,Dose Low,Week 4,2025-10-07,Dose Taken
SUB-1734,S29,Dose Low,Week 8,2025-11-04,Dose Taken
SUB-1734,S29,Dose Low,Week 12,2025-12-02,Dose Missed
SUB-1734,S29,Dose Low,Week 16,2025-12-30,Dose Taken
SUB-1734,S29,Dose Low,Week 24,2026-02-24,Dose Taken
SUB-1734,S29,Dose Low,Week 36,2026-05-19,Dose Reduced
SUB-1734,S29,Dose Low,Week 52 / EOT,2026-09-08,Dose Taken
SUB-1735,S29,Dose High,Baseline,2026-03-15,Dose Taken
SUB-1735,S29,Dose High,Week 2,2026-03-29,Dose Taken
SUB-1735,S29,Dose High,Week 4,2026-04-12,Dose Taken
SUB-1735,S29,Dose High,Week 8,2026-05-10,Dose Taken
SUB-1735,S29,Dose High,Week 12,2026-06-07,Dose Taken
SUB-1735,S29,Dose High,Week 16,2026-07-05,Dose Taken
SUB-1735,S29,Dose High,Week 24,2026-08-30,Dose Taken
SUB-1736,S29,Dose High,Baseline,2025-03-29,Dose Taken
SUB-1736,S29,Dose High,Week 2,2025-04-12,Dose Taken
SUB-1736,S29,Dose High,Week 4,2025-04-26,Dose Taken
SUB-1736,S29,Dose High,Week 8,2025-05-24,Dose Taken
SUB-1736,S29,Dose High,Week 12,2025-06-21,Dose Reduced
SUB-1736,S29,Dose High,Week 16,2025-07-19,Dose Taken
SUB-1736,S29,Dose High,Week 24,2025-09-13,Dose Taken
SUB-1736,S29,Dose High,Week 36,2025-12-06,Dose Taken
SUB-1736,S29,Dose High,Week 52 / EOT,2026-03-28,Dose Taken
SUB-1738,S30,Dose High,Baseline,2026-07-31,Dose Taken
SUB-1738,S30,Dose High,Week 2,2026-08-14,Dose Taken
SUB-1738,S30,Dose High,Week 4,2026-08-28,Dose Reduced
SUB-1738,S30,Dose High,Week 8,2026-09-25,Dose Taken
SUB-1739,S30,Dose High,Baseline,2026-07-27,Dose Taken
SUB-1739,S30,Dose High,Week 2,2026-08-10,Dose Taken
SUB-1739,S30,Dose High,Week 4,2026-08-24,Dose Taken
SUB-1739,S30,Dose High,Week 8,2026-09-21,Dose Taken
SUB-1741,S30,Dose High,Baseline,2026-04-29,Dose Taken
SUB-1741,S30,Dose High,Week 2,2026-05-13,Dose Taken
SUB-1741,S30,Dose High,Week 4,2026-05-27,Dose Taken
SUB-1741,S30,Dose High,Week 8,2026-06-24,Dose Taken
SUB-1741,S30,Dose High,Week 12,2026-07-22,Dose Taken
SUB-1741,S30,Dose High,Week 16,2026-08-19,Dose Taken
SUB-1742,S30,Dose High,Baseline,2026-05-03,Dose Taken
SUB-1742,S30,Dose High,Week 2,2026-05-17,Dose Held (AE)
SUB-1742,S30,Dose High,Week 4,2026-05-31,Dose Taken
SUB-1742,S30,Dose High,Week 8,2026-06-28,Dose Taken
SUB-1742,S30,Dose High,Week 12,2026-07-26,Dose Taken
SUB-1742,S30,Dose High,Week 16,2026-08-23,Dose Taken
SUB-1744,S30,Dose Low,Baseline,2026-02-15,Dose Taken
SUB-1744,S30,Dose Low,Week 2,2026-03-01,Dose Taken
SUB-1744,S30,Dose Low,Week 4,2026-03-15,Dose Reduced
SUB-1744,S30,Dose Low,Week 8,2026-04-12,Dose Held (AE)
SUB-1744,S30,Dose Low,Week 12,2026-05-10,Dose Reduced
SUB-1744,S30,Dose Low,Week 16,2026-06-07,Dose Taken
SUB-1744,S30,Dose Low,Week 24,2026-08-02,Dose Taken
SUB-1749,S30,Dose High,Baseline,2026-08-02,Dose Taken
SUB-1749,S30,Dose High,Week 2,2026-08-16,Dose Taken
SUB-1749,S30,Dose High,Week 4,2026-08-30,Dose Held (AE)
SUB-1749,S30,Dose High,Week 8,2026-09-27,Dose Taken
SUB-1750,S30,Dose High,Baseline,2025-06-11,Dose Taken
SUB-1750,S30,Dose High,Week 2,2025-06-25,Dose Taken
SUB-1750,S30,Dose High,Week 4,2025-07-09,Dose Taken
SUB-1750,S30,Dose High,Week 8,2025-08-06,Dose Taken
SUB-1750,S30,Dose High,Week 12,2025-09-03,Dose Taken
SUB-1750,S30,Dose High,Week 16,2025-10-01,Dose Taken
SUB-1750,S30,Dose High,Week 24,2025-11-26,Dose Taken
SUB-1750,S30,Dose High,Week 36,2026-02-18,Dose Taken
SUB-1750,S30,Dose High,Week 52 / EOT,2026-06-10,Dose Taken
SUB-1751,S30,Dose Low,Baseline,2025-09-11,Dose Taken
SUB-1751,S30,Dose Low,Week 2,2025-09-25,Dose Taken
SUB-1751,S30,Dose Low,Week 4,2025-10-09,Dose Taken
SUB-1751,S30,Dose Low,Week 8,2025-11-06,Dose Taken
SUB-1751,S30,Dose Low,Week 12,2025-12-04,Dose Taken
SUB-1751,S30,Dose Low,Week 16,2026-01-01,Dose Taken
SUB-1751,S30,Dose Low,Week 24,2026-02-26,Dose Taken
SUB-1751,S30,Dose Low,Week 36,2026-05-21,Dose Taken
SUB-1751,S30,Dose Low,Week 52 / EOT,2026-09-10,Dose Taken
SUB-1754,S30,Dose Low,Baseline,2026-06-18,Dose Taken
SUB-1754,S30,Dose Low,Week 2,2026-07-02,Dose Taken
SUB-1754,S30,Dose Low,Week 4,2026-07-16,Dose Taken
SUB-1754,S30,Dose Low,Week 8,2026-08-13,Dose Taken
SUB-1754,S30,Dose Low,Week 12,2026-09-10,Dose Taken
SUB-1758,S30,Dose High,Baseline,2025-11-07,Dose Taken
SUB-1758,S30,Dose High,Week 2,2025-11-21,Dose Taken
SUB-1758,S30,Dose High,Week 4,2025-12-05,Dose Taken
SUB-1758,S30,Dose High,Week 8,2026-01-02,Dose Taken
SUB-1758,S30,Dose High,Week 12,2026-01-30,Dose Taken
SUB-1758,S30,Dose High,Week 16,2026-02-27,Dose Missed
SUB-1758,S30,Dose High,Week 24,2026-04-24,Dose Taken
SUB-1758,S30,Dose High,Week 36,2026-07-17,Dose Taken
SUB-1764,S30,Dose High,Baseline,2025-11-23,Dose Taken
SUB-1764,S30,Dose High,Week 2,2025-12-07,Dose Taken
SUB-1764,S30,Dose High,Week 4,2025-12-21,Dose Taken
SUB-1764,S30,Dose High,Week 8,2026-01-18,Dose Taken
SUB-1764,S30,Dose High,Week 12,2026-02-15,Dose Taken
SUB-1764,S30,Dose High,Week 16,2026-03-15,Dose Taken
SUB-1764,S30,Dose High,Week 24,2026-05-10,Dose Taken
SUB-1764,S30,Dose High,Week 36,2026-08-02,Dose Taken
SUB-1765,S30,Dose High,Baseline,2026-06-14,Dose Taken
SUB-1765,S30,Dose High,Week 2,2026-06-28,Dose Missed
SUB-1765,S30,Dose High,Week 4,2026-07-12,Dose Taken
SUB-1765,S30,Dose High,Week 8,2026-08-09,Dose Taken
SUB-1765,S30,Dose High,Week 12,2026-09-06,Dose Taken
SUB-1770,S30,Dose Low,Baseline,2026-04-30,Dose Taken
SUB-1770,S30,Dose Low,Week 2,2026-05-14,Dose Taken
SUB-1770,S30,Dose Low,Week 4,2026-05-28,Dose Taken
SUB-1770,S30,Dose Low,Week 8,2026-06-25,Dose Taken
SUB-1770,S30,Dose Low,Week 12,2026-07-23,Dose Taken
SUB-1770,S30,Dose Low,Week 16,2026-08-20,Dose Taken
SUB-1774,S30,Dose Low,Baseline,2025-05-28,Dose Taken
SUB-1774,S30,Dose Low,Week 2,2025-06-11,Dose Taken
SUB-1774,S30,Dose Low,Week 4,2025-06-25,Dose Taken
SUB-1774,S30,Dose Low,Week 8,2025-07-23,Dose Taken
SUB-1774,S30,Dose Low,Week 12,2025-08-20,Dose Held (AE)
SUB-1774,S30,Dose Low,Week 16,2025-09-17,Dose Taken
SUB-1774,S30,Dose Low,Week 24,2025-11-12,Dose Taken
SUB-1774,S30,Dose Low,Week 36,2026-02-04,Dose Taken
SUB-1774,S30,Dose Low,Week 52 / EOT,2026-05-27,Dose Taken
SUB-1775,S30,Dose Low,Baseline,2026-07-17,Dose Taken
SUB-1775,S30,Dose Low,Week 2,2026-07-31,Dose Taken
SUB-1775,S30,Dose Low,Week 4,2026-08-14,Dose Taken
SUB-1775,S30,Dose Low,Week 8,2026-09-11,Dose Held (AE)
SUB-1776,S30,Dose High,Baseline,2025-11-15,Dose Missed
SUB-1776,S30,Dose High,Week 2,2025-11-29,Dose Reduced
SUB-1776,S30,Dose High,Week 4,2025-12-13,Dose Taken
SUB-1776,S30,Dose High,Week 8,2026-01-10,Dose Taken
SUB-1776,S30,Dose High,Week 12,2026-02-07,Dose Taken
SUB-1776,S30,Dose High,Week 16,2026-03-07,Dose Taken
SUB-1776,S30,Dose High,Week 24,2026-05-02,Dose Held (AE)
SUB-1776,S30,Dose High,Week 36,2026-07-25,Dose Taken
SUB-1777,S30,Dose High,Baseline,2025-10-02,Dose Taken
SUB-1777,S30,Dose High,Week 2,2025-10-16,Dose Taken
SUB-1777,S30,Dose High,Week 4,2025-10-30,Dose Taken
SUB-1777,S30,Dose High,Week 8,2025-11-27,Dose Taken
SUB-1777,S30,Dose High,Week 12,2025-12-25,Dose Taken
SUB-1777,S30,Dose High,Week 16,2026-01-22,Dose Taken
SUB-1777,S30,Dose High,Week 24,2026-03-19,Dose Taken
SUB-1777,S30,Dose High,Week 36,2026-06-11,Dose Taken
SUB-1779,S30,Dose Low,Baseline,2026-08-28,Dose Held (AE)
SUB-1779,S30,Dose Low,Week 2,2026-09-11,Dose Taken
SUB-1779,S30,Dose Low,Week 4,2026-09-25,Dose Taken
SUB-1782,S30,Dose Low,Baseline,2026-04-18,Dose Taken
SUB-1782,S30,Dose Low,Week 2,2026-05-02,Dose Held (AE)
SUB-1782,S30,Dose Low,Week 4,2026-05-16,Dose Held (AE)
SUB-1782,S30,Dose Low,Week 8,2026-06-13,Dose Reduced
SUB-1782,S30,Dose Low,Week 12,2026-07-11,Dose Taken
SUB-1782,S30,Dose Low,Week 16,2026-08-08,Dose Taken
SUB-1783,S30,Dose High,Baseline,2025-10-09,Dose Taken
SUB-1783,S30,Dose High,Week 2,2025-10-23,Dose Taken
SUB-1783,S30,Dose High,Week 4,2025-11-06,Dose Taken
SUB-1783,S30,Dose High,Week 8,2025-12-04,Dose Taken
SUB-1783,S30,Dose High,Week 12,2026-01-01,Dose Taken
SUB-1783,S30,Dose High,Week 16,2026-01-29,Dose Taken
SUB-1783,S30,Dose High,Week 24,2026-03-26,Dose Taken
SUB-1783,S30,Dose High,Week 36,2026-06-18,Dose Taken
SUB-1785,S30,Dose Low,Baseline,2025-09-04,Dose Taken
SUB-1785,S30,Dose Low,Week 2,2025-09-18,Dose Taken
SUB-1785,S30,Dose Low,Week 4,2025-10-02,Dose Taken
SUB-1785,S30,Dose Low,Week 8,2025-10-30,Dose Taken
SUB-1785,S30,Dose Low,Week 12,2025-11-27,Dose Taken
SUB-1785,S30,Dose Low,Week 16,2025-12-25,Dose Taken
SUB-1785,S30,Dose Low,Week 24,2026-02-19,Dose Taken
SUB-1785,S30,Dose Low,Week 36,2026-05-14,Dose Taken
SUB-1785,S30,Dose Low,Week 52 / EOT,2026-09-03,Dose Taken
SUB-1787,S30,Dose Low,Baseline,2026-04-13,Dose Taken
SUB-1787,S30,Dose Low,Week 2,2026-04-27,Dose Taken
SUB-1787,S30,Dose Low,Week 4,2026-05-11,Dose Taken
SUB-1787,S30,Dose Low,Week 8,2026-06-08,Dose Taken
SUB-1787,S30,Dose Low,Week 12,2026-07-06,Dose Taken
SUB-1787,S30,Dose Low,Week 16,2026-08-03,Dose Taken
SUB-1787,S30,Dose Low,Week 24,2026-09-28,Dose Reduced
SUB-1795,S30,Dose High,Baseline,2025-08-17,Dose Taken
SUB-1795,S30,Dose High,Week 2,2025-08-31,Dose Taken
SUB-1795,S30,Dose High,Week 4,2025-09-14,Dose Taken
SUB-1795,S30,Dose High,Week 8,2025-10-12,Dose Taken
SUB-1795,S30,Dose High,Week 12,2025-11-09,Dose Taken
SUB-1795,S30,Dose High,Week 16,2025-12-07,Dose Taken
SUB-1795,S30,Dose High,Week 24,2026-02-01,Dose Taken
SUB-1795,S30,Dose High,Week 36,2026-04-26,Dose Taken
SUB-1795,S30,Dose High,Week 52 / EOT,2026-08-16,Dose Taken
SUB-1796,S30,Dose High,Baseline,2026-04-21,Dose Taken
SUB-1796,S30,Dose High,Week 2,2026-05-05,Dose Taken
SUB-1796,S30,Dose High,Week 4,2026-05-19,Dose Taken
SUB-1796,S30,Dose High,Week 8,2026-06-16,Dose Taken
SUB-1796,S30,Dose High,Week 12,2026-07-14,Dose Taken
SUB-1796,S30,Dose High,Week 16,2026-08-11,Dose Taken
SUB-1797,S30,Dose High,Baseline,2026-05-01,Dose Taken
SUB-1797,S30,Dose High,Week 2,2026-05-15,Dose Taken
SUB-1797,S30,Dose High,Week 4,2026-05-29,Dose Taken
SUB-1797,S30,Dose High,Week 8,2026-06-26,Dose Taken
SUB-1797,S30,Dose High,Week 12,2026-07-24,Dose Reduced
SUB-1797,S30,Dose High,Week 16,2026-08-21,Dose Taken
SUB-1800,S30,Dose High,Baseline,2026-05-10,Dose Taken
SUB-1800,S30,Dose High,Week 2,2026-05-24,Dose Taken
SUB-1800,S30,Dose High,Week 4,2026-06-07,Dose Taken
SUB-1800,S30,Dose High,Week 8,2026-07-05,Dose Taken
SUB-1800,S30,Dose High,Week 12,2026-08-02,Dose Taken
SUB-1800,S30,Dose High,Week 16,2026-08-30,Dose Taken
SUB-1803,S31,Dose High,Baseline,2026-05-19,Dose Held (AE)
SUB-1803,S31,Dose High,Week 2,2026-06-02,Dose Taken
SUB-1803,S31,Dose High,Week 4,2026-06-16,Dose Taken
SUB-1803,S31,Dose High,Week 8,2026-07-14,Dose Taken
SUB-1803,S31,Dose High,Week 12,2026-08-11,Dose Taken
SUB-1803,S31,Dose High,Week 16,2026-09-08,Dose Taken
SUB-1805,S31,Dose High,Baseline,2026-08-15,Dose Taken
SUB-1805,S31,Dose High,Week 2,2026-08-29,Dose Taken
SUB-1805,S31,Dose High,Week 4,2026-09-12,Dose Held (AE)
SUB-1806,S31,Dose Low,Baseline,2025-09-21,Dose Taken
SUB-1806,S31,Dose Low,Week 2,2025-10-05,Dose Taken
SUB-1806,S31,Dose Low,Week 4,2025-10-19,Dose Taken
SUB-1806,S31,Dose Low,Week 8,2025-11-16,Dose Taken
SUB-1806,S31,Dose Low,Week 12,2025-12-14,Dose Taken
SUB-1806,S31,Dose Low,Week 16,2026-01-11,Dose Taken
SUB-1806,S31,Dose Low,Week 24,2026-03-08,Dose Taken
SUB-1806,S31,Dose Low,Week 36,2026-05-31,Dose Taken
SUB-1806,S31,Dose Low,Week 52 / EOT,2026-09-20,Dose Taken
SUB-1807,S31,Dose Low,Baseline,2026-04-24,Dose Taken
SUB-1807,S31,Dose Low,Week 2,2026-05-08,Dose Taken
SUB-1807,S31,Dose Low,Week 4,2026-05-22,Dose Taken
SUB-1807,S31,Dose Low,Week 8,2026-06-19,Dose Taken
SUB-1807,S31,Dose Low,Week 12,2026-07-17,Dose Taken
SUB-1807,S31,Dose Low,Week 16,2026-08-14,Dose Taken
SUB-1808,S31,Dose Low,Baseline,2025-10-22,Dose Reduced
SUB-1808,S31,Dose Low,Week 2,2025-11-05,Dose Held (AE)
SUB-1808,S31,Dose Low,Week 4,2025-11-19,Dose Taken
SUB-1808,S31,Dose Low,Week 8,2025-12-17,Dose Taken
SUB-1808,S31,Dose Low,Week 12,2026-01-14,Dose Taken
SUB-1808,S31,Dose Low,Week 16,2026-02-11,Dose Taken
SUB-1808,S31,Dose Low,Week 24,2026-04-08,Dose Taken
SUB-1808,S31,Dose Low,Week 36,2026-07-01,Dose Taken
SUB-1811,S31,Dose High,Baseline,2026-07-19,Dose Taken
SUB-1811,S31,Dose High,Week 2,2026-08-02,Dose Taken
SUB-1811,S31,Dose High,Week 4,2026-08-16,Dose Taken
SUB-1811,S31,Dose High,Week 8,2026-09-13,Dose Taken
SUB-1812,S31,Dose High,Baseline,2025-11-28,Dose Taken
SUB-1812,S31,Dose High,Week 2,2025-12-12,Dose Taken
SUB-1812,S31,Dose High,Week 4,2025-12-26,Dose Taken
SUB-1812,S31,Dose High,Week 8,2026-01-23,Dose Taken
SUB-1812,S31,Dose High,Week 12,2026-02-20,Dose Taken
SUB-1812,S31,Dose High,Week 16,2026-03-20,Dose Taken
SUB-1812,S31,Dose High,Week 24,2026-05-15,Dose Taken
SUB-1812,S31,Dose High,Week 36,2026-08-07,Dose Taken
SUB-1813,S31,Dose Low,Baseline,2025-09-26,Dose Taken
SUB-1813,S31,Dose Low,Week 2,2025-10-10,Dose Taken
SUB-1813,S31,Dose Low,Week 4,2025-10-24,Dose Taken
SUB-1813,S31,Dose Low,Week 8,2025-11-21,Dose Missed
SUB-1813,S31,Dose Low,Week 12,2025-12-19,Dose Taken
SUB-1813,S31,Dose Low,Week 16,2026-01-16,Dose Taken
SUB-1813,S31,Dose Low,Week 24,2026-03-13,Dose Taken
SUB-1813,S31,Dose Low,Week 36,2026-06-05,Dose Taken
SUB-1813,S31,Dose Low,Week 52 / EOT,2026-09-25,Dose Taken
SUB-1818,S31,Dose Low,Baseline,2026-05-29,Dose Taken
SUB-1818,S31,Dose Low,Week 2,2026-06-12,Dose Taken
SUB-1818,S31,Dose Low,Week 4,2026-06-26,Dose Taken
SUB-1818,S31,Dose Low,Week 8,2026-07-24,Dose Taken
SUB-1818,S31,Dose Low,Week 12,2026-08-21,Dose Taken
SUB-1818,S31,Dose Low,Week 16,2026-09-18,Dose Taken
SUB-1820,S31,Dose High,Baseline,2026-05-12,Dose Taken
SUB-1820,S31,Dose High,Week 2,2026-05-26,Dose Taken
SUB-1820,S31,Dose High,Week 4,2026-06-09,Dose Held (AE)
SUB-1820,S31,Dose High,Week 8,2026-07-07,Dose Taken
SUB-1820,S31,Dose High,Week 12,2026-08-04,Dose Taken
SUB-1820,S31,Dose High,Week 16,2026-09-01,Dose Taken
SUB-1822,S31,Dose High,Baseline,2025-07-18,Dose Taken
SUB-1822,S31,Dose High,Week 2,2025-08-01,Dose Missed
SUB-1822,S31,Dose High,Week 4,2025-08-15,Dose Missed
SUB-1822,S31,Dose High,Week 8,2025-09-12,Dose Taken
SUB-1822,S31,Dose High,Week 12,2025-10-10,Dose Taken
SUB-1822,S31,Dose High,Week 16,2025-11-07,Dose Taken
SUB-1822,S31,Dose High,Week 24,2026-01-02,Dose Taken
SUB-1822,S31,Dose High,Week 36,2026-03-27,Dose Taken
SUB-1822,S31,Dose High,Week 52 / EOT,2026-07-17,Dose Taken
SUB-1823,S31,Dose High,Baseline,2025-12-25,Dose Taken
SUB-1823,S31,Dose High,Week 2,2026-01-08,Dose Taken
SUB-1823,S31,Dose High,Week 4,2026-01-22,Dose Held (AE)
SUB-1823,S31,Dose High,Week 8,2026-02-19,Dose Taken
SUB-1823,S31,Dose High,Week 12,2026-03-19,Dose Taken
SUB-1823,S31,Dose High,Week 16,2026-04-16,Dose Taken
SUB-1823,S31,Dose High,Week 24,2026-06-11,Dose Taken
SUB-1823,S31,Dose High,Week 36,2026-09-03,Dose Taken
SUB-1825,S31,Dose Low,Baseline,2026-01-22,Dose Reduced
SUB-1825,S31,Dose Low,Week 2,2026-02-05,Dose Taken
SUB-1825,S31,Dose Low,Week 4,2026-02-19,Dose Taken
SUB-1825,S31,Dose Low,Week 8,2026-03-19,Dose Taken
SUB-1825,S31,Dose Low,Week 12,2026-04-16,Dose Taken
SUB-1825,S31,Dose Low,Week 16,2026-05-14,Dose Taken
SUB-1825,S31,Dose Low,Week 24,2026-07-09,Dose Taken
SUB-1826,S31,Dose High,Baseline,2025-10-31,Dose Taken
SUB-1826,S31,Dose High,Week 2,2025-11-14,Dose Taken
SUB-1826,S31,Dose High,Week 4,2025-11-28,Dose Taken
SUB-1826,S31,Dose High,Week 8,2025-12-26,Dose Held (AE)
SUB-1826,S31,Dose High,Week 12,2026-01-23,Dose Taken
SUB-1826,S31,Dose High,Week 16,2026-02-20,Dose Taken
SUB-1826,S31,Dose High,Week 24,2026-04-17,Dose Taken
SUB-1826,S31,Dose High,Week 36,2026-07-10,Dose Taken
SUB-1832,S31,Dose High,Baseline,2025-07-23,Dose Taken
SUB-1832,S31,Dose High,Week 2,2025-08-06,Dose Taken
SUB-1832,S31,Dose High,Week 4,2025-08-20,Dose Taken
SUB-1832,S31,Dose High,Week 8,2025-09-17,Dose Taken
SUB-1832,S31,Dose High,Week 12,2025-10-15,Dose Taken
SUB-1832,S31,Dose High,Week 16,2025-11-12,Dose Taken
SUB-1832,S31,Dose High,Week 24,2026-01-07,Dose Taken
SUB-1832,S31,Dose High,Week 36,2026-04-01,Dose Taken
SUB-1832,S31,Dose High,Week 52 / EOT,2026-07-22,Dose Taken
SUB-1834,S31,Dose High,Baseline,2025-07-15,Dose Taken
SUB-1834,S31,Dose High,Week 2,2025-07-29,Dose Taken
SUB-1834,S31,Dose High,Week 4,2025-08-12,Dose Taken
SUB-1834,S31,Dose High,Week 8,2025-09-09,Dose Taken
SUB-1834,S31,Dose High,Week 12,2025-10-07,Dose Taken
SUB-1834,S31,Dose High,Week 16,2025-11-04,Dose Missed
SUB-1834,S31,Dose High,Week 24,2025-12-30,Dose Taken
SUB-1834,S31,Dose High,Week 36,2026-03-24,Dose Held (AE)
SUB-1834,S31,Dose High,Week 52 / EOT,2026-07-14,Dose Taken
SUB-1838,S31,Dose Low,Baseline,2026-07-27,Dose Reduced
SUB-1838,S31,Dose Low,Week 2,2026-08-10,Dose Taken
SUB-1838,S31,Dose Low,Week 4,2026-08-24,Dose Taken
SUB-1838,S31,Dose Low,Week 8,2026-09-21,Dose Taken
SUB-1839,S31,Dose High,Baseline,2026-04-14,Dose Taken
SUB-1839,S31,Dose High,Week 2,2026-04-28,Dose Taken
SUB-1839,S31,Dose High,Week 4,2026-05-12,Dose Taken
SUB-1839,S31,Dose High,Week 8,2026-06-09,Dose Taken
SUB-1839,S31,Dose High,Week 12,2026-07-07,Dose Reduced
SUB-1839,S31,Dose High,Week 16,2026-08-04,Dose Taken
SUB-1839,S31,Dose High,Week 24,2026-09-29,Dose Taken
SUB-1840,S31,Dose High,Baseline,2025-12-19,Dose Taken
SUB-1840,S31,Dose High,Week 2,2026-01-02,Dose Taken
SUB-1840,S31,Dose High,Week 4,2026-01-16,Dose Taken
SUB-1840,S31,Dose High,Week 8,2026-02-13,Dose Taken
SUB-1840,S31,Dose High,Week 12,2026-03-13,Dose Taken
SUB-1840,S31,Dose High,Week 16,2026-04-10,Dose Reduced
SUB-1840,S31,Dose High,Week 24,2026-06-05,Dose Taken
SUB-1840,S31,Dose High,Week 36,2026-08-28,Dose Taken
SUB-1841,S31,Dose High,Baseline,2026-09-24,Dose Taken
SUB-1842,S31,Dose High,Baseline,2025-08-08,Dose Held (AE)
SUB-1842,S31,Dose High,Week 2,2025-08-22,Dose Taken
SUB-1842,S31,Dose High,Week 4,2025-09-05,Dose Taken
SUB-1842,S31,Dose High,Week 8,2025-10-03,Dose Held (AE)
SUB-1842,S31,Dose High,Week 12,2025-10-31,Dose Taken
SUB-1842,S31,Dose High,Week 16,2025-11-28,Dose Missed
SUB-1842,S31,Dose High,Week 24,2026-01-23,Dose Taken
SUB-1842,S31,Dose High,Week 36,2026-04-17,Dose Taken
SUB-1842,S31,Dose High,Week 52 / EOT,2026-08-07,Dose Taken
SUB-1844,S31,Dose Low,Baseline,2025-08-11,Dose Taken
SUB-1844,S31,Dose Low,Week 2,2025-08-25,Dose Taken
SUB-1844,S31,Dose Low,Week 4,2025-09-08,Dose Taken
SUB-1844,S31,Dose Low,Week 8,2025-10-06,Dose Taken
SUB-1844,S31,Dose Low,Week 12,2025-11-03,Dose Taken
SUB-1844,S31,Dose Low,Week 16,2025-12-01,Dose Taken
SUB-1844,S31,Dose Low,Week 24,2026-01-26,Dose Taken
SUB-1844,S31,Dose Low,Week 36,2026-04-20,Dose Taken
SUB-1844,S31,Dose Low,Week 52 / EOT,2026-08-10,Dose Taken
SUB-1845,S31,Dose Low,Baseline,2026-06-13,Dose Taken
SUB-1845,S31,Dose Low,Week 2,2026-06-27,Dose Taken
SUB-1845,S31,Dose Low,Week 4,2026-07-11,Dose Taken
SUB-1845,S31,Dose Low,Week 8,2026-08-08,Dose Taken
SUB-1845,S31,Dose Low,Week 12,2026-09-05,Dose Taken
SUB-1850,S31,Dose High,Baseline,2025-07-06,Dose Taken
SUB-1850,S31,Dose High,Week 2,2025-07-20,Dose Taken
SUB-1850,S31,Dose High,Week 4,2025-08-03,Dose Taken
SUB-1850,S31,Dose High,Week 8,2025-08-31,Dose Taken
SUB-1850,S31,Dose High,Week 12,2025-09-28,Dose Taken
SUB-1850,S31,Dose High,Week 16,2025-10-26,Dose Taken
SUB-1850,S31,Dose High,Week 24,2025-12-21,Dose Taken
SUB-1850,S31,Dose High,Week 36,2026-03-15,Dose Taken
SUB-1850,S31,Dose High,Week 52 / EOT,2026-07-05,Dose Taken
SUB-1851,S31,Dose Low,Baseline,2026-08-03,Dose Taken
SUB-1851,S31,Dose Low,Week 2,2026-08-17,Dose Taken
SUB-1851,S31,Dose Low,Week 4,2026-08-31,Dose Taken
SUB-1851,S31,Dose Low,Week 8,2026-09-28,Dose Missed
SUB-1852,S31,Dose Low,Baseline,2025-11-13,Dose Taken
SUB-1852,S31,Dose Low,Week 2,2025-11-27,Dose Taken
SUB-1852,S31,Dose Low,Week 4,2025-12-11,Dose Taken
SUB-1852,S31,Dose Low,Week 8,2026-01-08,Dose Taken
SUB-1852,S31,Dose Low,Week 12,2026-02-05,Dose Taken
SUB-1852,S31,Dose Low,Week 16,2026-03-05,Dose Taken
SUB-1852,S31,Dose Low,Week 24,2026-04-30,Dose Taken
SUB-1852,S31,Dose Low,Week 36,2026-07-23,Dose Taken
SUB-1853,S31,Dose High,Baseline,2026-03-24,Dose Taken
SUB-1853,S31,Dose High,Week 2,2026-04-07,Dose Taken
SUB-1853,S31,Dose High,Week 4,2026-04-21,Dose Taken
SUB-1853,S31,Dose High,Week 8,2026-05-19,Dose Missed
SUB-1853,S31,Dose High,Week 12,2026-06-16,Dose Taken
SUB-1853,S31,Dose High,Week 16,2026-07-14,Dose Taken
SUB-1853,S31,Dose High,Week 24,2026-09-08,Dose Taken
SUB-1854,S31,Dose High,Baseline,2025-07-17,Dose Taken
SUB-1854,S31,Dose High,Week 2,2025-07-31,Dose Reduced
SUB-1854,S31,Dose High,Week 4,2025-08-14,Dose Taken
SUB-1854,S31,Dose High,Week 8,2025-09-11,Dose Taken
SUB-1854,S31,Dose High,Week 12,2025-10-09,Dose Taken
SUB-1854,S31,Dose High,Week 16,2025-11-06,Dose Taken
SUB-1854,S31,Dose High,Week 24,2026-01-01,Dose Taken
SUB-1854,S31,Dose High,Week 36,2026-03-26,Dose Taken
SUB-1854,S31,Dose High,Week 52 / EOT,2026-07-16,Dose Taken
SUB-1856,S31,Dose High,Baseline,2026-04-05,Dose Taken
SUB-1856,S31,Dose High,Week 2,2026-04-19,Dose Taken
SUB-1856,S31,Dose High,Week 4,2026-05-03,Dose Taken
SUB-1856,S31,Dose High,Week 8,2026-05-31,Dose Taken
SUB-1856,S31,Dose High,Week 12,2026-06-28,Dose Taken
SUB-1856,S31,Dose High,Week 16,2026-07-26,Dose Taken
SUB-1856,S31,Dose High,Week 24,2026-09-20,Dose Taken
SUB-1858,S32,Dose High,Baseline,2026-06-09,Dose Reduced
SUB-1858,S32,Dose High,Week 2,2026-06-23,Dose Taken
SUB-1858,S32,Dose High,Week 4,2026-07-07,Dose Taken
SUB-1858,S32,Dose High,Week 8,2026-08-04,Dose Taken
SUB-1858,S32,Dose High,Week 12,2026-09-01,Dose Taken
SUB-1858,S32,Dose High,Week 16,2026-09-29,Dose Taken
SUB-1859,S32,Dose High,Baseline,2026-03-20,Dose Taken
SUB-1859,S32,Dose High,Week 2,2026-04-03,Dose Taken
SUB-1859,S32,Dose High,Week 4,2026-04-17,Dose Taken
SUB-1859,S32,Dose High,Week 8,2026-05-15,Dose Taken
SUB-1859,S32,Dose High,Week 12,2026-06-12,Dose Taken
SUB-1859,S32,Dose High,Week 16,2026-07-10,Dose Taken
SUB-1859,S32,Dose High,Week 24,2026-09-04,Dose Taken
SUB-1860,S32,Dose High,Baseline,2026-07-21,Dose Taken
SUB-1860,S32,Dose High,Week 2,2026-08-04,Dose Taken
SUB-1860,S32,Dose High,Week 4,2026-08-18,Dose Taken
SUB-1860,S32,Dose High,Week 8,2026-09-15,Dose Taken
SUB-1862,S32,Dose High,Baseline,2025-04-04,Dose Taken
SUB-1862,S32,Dose High,Week 2,2025-04-18,Dose Taken
SUB-1862,S32,Dose High,Week 4,2025-05-02,Dose Taken
SUB-1862,S32,Dose High,Week 8,2025-05-30,Dose Taken
SUB-1862,S32,Dose High,Week 12,2025-06-27,Dose Taken
SUB-1862,S32,Dose High,Week 16,2025-07-25,Dose Taken
SUB-1862,S32,Dose High,Week 24,2025-09-19,Dose Taken
SUB-1862,S32,Dose High,Week 36,2025-12-12,Dose Taken
SUB-1862,S32,Dose High,Week 52 / EOT,2026-04-03,Dose Taken
SUB-1866,S32,Dose High,Baseline,2026-06-22,Dose Taken
SUB-1866,S32,Dose High,Week 2,2026-07-06,Dose Taken
SUB-1866,S32,Dose High,Week 4,2026-07-20,Dose Taken
SUB-1866,S32,Dose High,Week 8,2026-08-17,Dose Taken
SUB-1866,S32,Dose High,Week 12,2026-09-14,Dose Taken
SUB-1867,S32,Dose High,Baseline,2025-05-14,Dose Taken
SUB-1867,S32,Dose High,Week 2,2025-05-28,Dose Taken
SUB-1867,S32,Dose High,Week 4,2025-06-11,Dose Taken
SUB-1867,S32,Dose High,Week 8,2025-07-09,Dose Held (AE)
SUB-1867,S32,Dose High,Week 12,2025-08-06,Dose Taken
SUB-1867,S32,Dose High,Week 16,2025-09-03,Dose Taken
SUB-1867,S32,Dose High,Week 24,2025-10-29,Dose Taken
SUB-1867,S32,Dose High,Week 36,2026-01-21,Dose Taken
SUB-1867,S32,Dose High,Week 52 / EOT,2026-05-13,Dose Taken
SUB-1868,S32,Dose High,Baseline,2026-01-04,Dose Taken
SUB-1868,S32,Dose High,Week 2,2026-01-18,Dose Taken
SUB-1868,S32,Dose High,Week 4,2026-02-01,Dose Taken
SUB-1868,S32,Dose High,Week 8,2026-03-01,Dose Taken
SUB-1868,S32,Dose High,Week 12,2026-03-29,Dose Taken
SUB-1868,S32,Dose High,Week 16,2026-04-26,Dose Taken
SUB-1868,S32,Dose High,Week 24,2026-06-21,Dose Taken
SUB-1868,S32,Dose High,Week 36,2026-09-13,Dose Taken
SUB-1869,S32,Dose Low,Baseline,2025-07-07,Dose Taken
SUB-1869,S32,Dose Low,Week 2,2025-07-21,Dose Taken
SUB-1869,S32,Dose Low,Week 4,2025-08-04,Dose Taken
SUB-1869,S32,Dose Low,Week 8,2025-09-01,Dose Taken
SUB-1869,S32,Dose Low,Week 12,2025-09-29,Dose Taken
SUB-1869,S32,Dose Low,Week 16,2025-10-27,Dose Taken
SUB-1869,S32,Dose Low,Week 24,2025-12-22,Dose Taken
SUB-1869,S32,Dose Low,Week 36,2026-03-16,Dose Taken
SUB-1869,S32,Dose Low,Week 52 / EOT,2026-07-06,Dose Taken
SUB-1871,S32,Dose High,Baseline,2025-10-20,Dose Taken
SUB-1871,S32,Dose High,Week 2,2025-11-03,Dose Taken
SUB-1871,S32,Dose High,Week 4,2025-11-17,Dose Taken
SUB-1871,S32,Dose High,Week 8,2025-12-15,Dose Taken
SUB-1871,S32,Dose High,Week 12,2026-01-12,Dose Taken
SUB-1871,S32,Dose High,Week 16,2026-02-09,Dose Taken
SUB-1871,S32,Dose High,Week 24,2026-04-06,Dose Taken
SUB-1871,S32,Dose High,Week 36,2026-06-29,Dose Taken
SUB-1875,S32,Dose High,Baseline,2026-07-19,Dose Taken
SUB-1875,S32,Dose High,Week 2,2026-08-02,Dose Taken
SUB-1875,S32,Dose High,Week 4,2026-08-16,Dose Taken
SUB-1875,S32,Dose High,Week 8,2026-09-13,Dose Taken
SUB-1878,S32,Dose High,Baseline,2026-06-30,Dose Taken
SUB-1878,S32,Dose High,Week 2,2026-07-14,Dose Taken
SUB-1878,S32,Dose High,Week 4,2026-07-28,Dose Taken
SUB-1878,S32,Dose High,Week 8,2026-08-25,Dose Taken
SUB-1878,S32,Dose High,Week 12,2026-09-22,Dose Taken
SUB-1879,S32,Dose High,Baseline,2026-09-08,Dose Taken
SUB-1879,S32,Dose High,Week 2,2026-09-22,Dose Taken
SUB-1880,S32,Dose Low,Baseline,2025-06-03,Dose Taken
SUB-1880,S32,Dose Low,Week 2,2025-06-17,Dose Taken
SUB-1880,S32,Dose Low,Week 4,2025-07-01,Dose Taken
SUB-1880,S32,Dose Low,Week 8,2025-07-29,Dose Taken
SUB-1880,S32,Dose Low,Week 12,2025-08-26,Dose Taken
SUB-1880,S32,Dose Low,Week 16,2025-09-23,Dose Taken
SUB-1880,S32,Dose Low,Week 24,2025-11-18,Dose Taken
SUB-1880,S32,Dose Low,Week 36,2026-02-10,Dose Taken
SUB-1880,S32,Dose Low,Week 52 / EOT,2026-06-02,Dose Taken
SUB-1882,S32,Dose High,Baseline,2025-04-30,Dose Held (AE)
SUB-1882,S32,Dose High,Week 2,2025-05-14,Dose Taken
SUB-1882,S32,Dose High,Week 4,2025-05-28,Dose Missed
SUB-1882,S32,Dose High,Week 8,2025-06-25,Dose Taken
SUB-1882,S32,Dose High,Week 12,2025-07-23,Dose Taken
SUB-1882,S32,Dose High,Week 16,2025-08-20,Dose Taken
SUB-1882,S32,Dose High,Week 24,2025-10-15,Dose Taken
SUB-1882,S32,Dose High,Week 36,2026-01-07,Dose Taken
SUB-1882,S32,Dose High,Week 52 / EOT,2026-04-29,Dose Taken
SUB-1885,S32,Dose High,Baseline,2026-06-04,Dose Taken
SUB-1885,S32,Dose High,Week 2,2026-06-18,Dose Taken
SUB-1885,S32,Dose High,Week 4,2026-07-02,Dose Taken
SUB-1885,S32,Dose High,Week 8,2026-07-30,Dose Taken
SUB-1885,S32,Dose High,Week 12,2026-08-27,Dose Held (AE)
SUB-1885,S32,Dose High,Week 16,2026-09-24,Dose Taken
SUB-1886,S32,Dose Low,Baseline,2026-01-12,Dose Taken
SUB-1886,S32,Dose Low,Week 2,2026-01-26,Dose Taken
SUB-1886,S32,Dose Low,Week 4,2026-02-09,Dose Taken
SUB-1886,S32,Dose Low,Week 8,2026-03-09,Dose Taken
SUB-1886,S32,Dose Low,Week 12,2026-04-06,Dose Taken
SUB-1886,S32,Dose Low,Week 16,2026-05-04,Dose Taken
SUB-1886,S32,Dose Low,Week 24,2026-06-29,Dose Taken
SUB-1886,S32,Dose Low,Week 36,2026-09-21,Dose Taken
SUB-1887,S32,Dose High,Baseline,2026-07-24,Dose Taken
SUB-1887,S32,Dose High,Week 2,2026-08-07,Dose Taken
SUB-1887,S32,Dose High,Week 4,2026-08-21,Dose Taken
SUB-1887,S32,Dose High,Week 8,2026-09-18,Dose Taken
SUB-1889,S32,Dose Low,Baseline,2025-05-03,Dose Taken
SUB-1889,S32,Dose Low,Week 2,2025-05-17,Dose Missed
SUB-1889,S32,Dose Low,Week 4,2025-05-31,Dose Taken
SUB-1889,S32,Dose Low,Week 8,2025-06-28,Dose Taken
SUB-1889,S32,Dose Low,Week 12,2025-07-26,Dose Taken
SUB-1889,S32,Dose Low,Week 16,2025-08-23,Dose Taken
SUB-1889,S32,Dose Low,Week 24,2025-10-18,Dose Taken
SUB-1889,S32,Dose Low,Week 36,2026-01-10,Dose Taken
SUB-1889,S32,Dose Low,Week 52 / EOT,2026-05-02,Dose Taken
SUB-1893,S32,Dose High,Baseline,2026-06-29,Dose Taken
SUB-1893,S32,Dose High,Week 2,2026-07-13,Dose Taken
SUB-1893,S32,Dose High,Week 4,2026-07-27,Dose Reduced
SUB-1893,S32,Dose High,Week 8,2026-08-24,Dose Taken
SUB-1893,S32,Dose High,Week 12,2026-09-21,Dose Taken
SUB-1895,S32,Dose High,Baseline,2025-12-18,Dose Taken
SUB-1895,S32,Dose High,Week 2,2026-01-01,Dose Taken
SUB-1895,S32,Dose High,Week 4,2026-01-15,Dose Taken
SUB-1895,S32,Dose High,Week 8,2026-02-12,Dose Taken
SUB-1895,S32,Dose High,Week 12,2026-03-12,Dose Taken
SUB-1895,S32,Dose High,Week 16,2026-04-09,Dose Taken
SUB-1895,S32,Dose High,Week 24,2026-06-04,Dose Taken
SUB-1895,S32,Dose High,Week 36,2026-08-27,Dose Held (AE)
SUB-1898,S32,Dose Low,Baseline,2026-06-17,Dose Taken
SUB-1898,S32,Dose Low,Week 2,2026-07-01,Dose Taken
SUB-1898,S32,Dose Low,Week 4,2026-07-15,Dose Taken
SUB-1898,S32,Dose Low,Week 8,2026-08-12,Dose Taken
SUB-1898,S32,Dose Low,Week 12,2026-09-09,Dose Taken
SUB-1899,S32,Dose Low,Baseline,2026-04-28,Dose Taken
SUB-1899,S32,Dose Low,Week 2,2026-05-12,Dose Taken
SUB-1899,S32,Dose Low,Week 4,2026-05-26,Dose Taken
SUB-1899,S32,Dose Low,Week 8,2026-06-23,Dose Taken
SUB-1899,S32,Dose Low,Week 12,2026-07-21,Dose Taken
SUB-1899,S32,Dose Low,Week 16,2026-08-18,Dose Taken
SUB-1901,S32,Dose High,Baseline,2025-11-08,Dose Taken
SUB-1901,S32,Dose High,Week 2,2025-11-22,Dose Taken
SUB-1901,S32,Dose High,Week 4,2025-12-06,Dose Taken
SUB-1901,S32,Dose High,Week 8,2026-01-03,Dose Taken
SUB-1901,S32,Dose High,Week 12,2026-01-31,Dose Taken
SUB-1901,S32,Dose High,Week 16,2026-02-28,Dose Taken
SUB-1901,S32,Dose High,Week 24,2026-04-25,Dose Taken
SUB-1901,S32,Dose High,Week 36,2026-07-18,Dose Taken
SUB-1902,S32,Dose High,Baseline,2025-11-21,Dose Taken
SUB-1902,S32,Dose High,Week 2,2025-12-05,Dose Taken
SUB-1902,S32,Dose High,Week 4,2025-12-19,Dose Taken
SUB-1902,S32,Dose High,Week 8,2026-01-16,Dose Taken
SUB-1902,S32,Dose High,Week 12,2026-02-13,Dose Taken
SUB-1902,S32,Dose High,Week 16,2026-03-13,Dose Taken
SUB-1902,S32,Dose High,Week 24,2026-05-08,Dose Held (AE)
SUB-1902,S32,Dose High,Week 36,2026-07-31,Dose Taken
SUB-1903,S32,Dose Low,Baseline,2026-04-22,Dose Taken
SUB-1903,S32,Dose Low,Week 2,2026-05-06,Dose Held (AE)
SUB-1903,S32,Dose Low,Week 4,2026-05-20,Dose Taken
SUB-1903,S32,Dose Low,Week 8,2026-06-17,Dose Taken
SUB-1903,S32,Dose Low,Week 12,2026-07-15,Dose Taken
SUB-1903,S32,Dose Low,Week 16,2026-08-12,Dose Taken
SUB-1904,S32,Dose Low,Baseline,2025-07-17,Dose Taken
SUB-1904,S32,Dose Low,Week 2,2025-07-31,Dose Taken
SUB-1904,S32,Dose Low,Week 4,2025-08-14,Dose Taken
SUB-1904,S32,Dose Low,Week 8,2025-09-11,Dose Taken
SUB-1904,S32,Dose Low,Week 12,2025-10-09,Dose Taken
SUB-1904,S32,Dose Low,Week 16,2025-11-06,Dose Taken
SUB-1904,S32,Dose Low,Week 24,2026-01-01,Dose Taken
SUB-1904,S32,Dose Low,Week 36,2026-03-26,Dose Taken
SUB-1904,S32,Dose Low,Week 52 / EOT,2026-07-16,Dose Taken
SUB-1905,S32,Dose Low,Baseline,2025-04-29,Dose Taken
SUB-1905,S32,Dose Low,Week 2,2025-05-13,Dose Taken
SUB-1905,S32,Dose Low,Week 4,2025-05-27,Dose Taken
SUB-1905,S32,Dose Low,Week 8,2025-06-24,Dose Taken
SUB-1905,S32,Dose Low,Week 12,2025-07-22,Dose Taken
SUB-1905,S32,Dose Low,Week 16,2025-08-19,Dose Taken
SUB-1905,S32,Dose Low,Week 24,2025-10-14,Dose Taken
SUB-1905,S32,Dose Low,Week 36,2026-01-06,Dose Taken
SUB-1905,S32,Dose Low,Week 52 / EOT,2026-04-28,Dose Taken
SUB-1906,S32,Dose High,Baseline,2025-12-16,Dose Taken
SUB-1906,S32,Dose High,Week 2,2025-12-30,Dose Taken
SUB-1906,S32,Dose High,Week 4,2026-01-13,Dose Taken
SUB-1906,S32,Dose High,Week 8,2026-02-10,Dose Taken
SUB-1906,S32,Dose High,Week 12,2026-03-10,Dose Taken
SUB-1906,S32,Dose High,Week 16,2026-04-07,Dose Reduced
SUB-1906,S32,Dose High,Week 24,2026-06-02,Dose Taken
SUB-1906,S32,Dose High,Week 36,2026-08-25,Dose Missed
SUB-1907,S32,Dose Low,Baseline,2026-08-03,Dose Taken
SUB-1907,S32,Dose Low,Week 2,2026-08-17,Dose Taken
SUB-1907,S32,Dose Low,Week 4,2026-08-31,Dose Held (AE)
SUB-1907,S32,Dose Low,Week 8,2026-09-28,Dose Taken
SUB-1910,S32,Dose Low,Baseline,2026-06-10,Dose Taken
SUB-1910,S32,Dose Low,Week 2,2026-06-24,Dose Taken
SUB-1910,S32,Dose Low,Week 4,2026-07-08,Dose Taken
SUB-1910,S32,Dose Low,Week 8,2026-08-05,Dose Taken
SUB-1910,S32,Dose Low,Week 12,2026-09-02,Dose Taken
SUB-1910,S32,Dose Low,Week 16,2026-09-30,Dose Taken
SUB-1911,S32,Dose Low,Baseline,2026-03-26,Dose Taken
SUB-1911,S32,Dose Low,Week 2,2026-04-09,Dose Taken
SUB-1911,S32,Dose Low,Week 4,2026-04-23,Dose Taken
SUB-1911,S32,Dose Low,Week 8,2026-05-21,Dose Taken
SUB-1911,S32,Dose Low,Week 12,2026-06-18,Dose Taken
SUB-1911,S32,Dose Low,Week 16,2026-07-16,Dose Taken
SUB-1911,S32,Dose Low,Week 24,2026-09-10,Dose Taken
SUB-1912,S32,Dose High,Baseline,2026-05-30,Dose Held (AE)
SUB-1912,S32,Dose High,Week 2,2026-06-13,Dose Taken
SUB-1912,S32,Dose High,Week 4,2026-06-27,Dose Taken
SUB-1912,S32,Dose High,Week 8,2026-07-25,Dose Taken
SUB-1912,S32,Dose High,Week 12,2026-08-22,Dose Taken
SUB-1912,S32,Dose High,Week 16,2026-09-19,Dose Taken
SUB-1913,S32,Dose High,Baseline,2026-06-08,Dose Taken
SUB-1913,S32,Dose High,Week 2,2026-06-22,Dose Taken
SUB-1913,S32,Dose High,Week 4,2026-07-06,Dose Taken
SUB-1913,S32,Dose High,Week 8,2026-08-03,Dose Taken
SUB-1913,S32,Dose High,Week 12,2026-08-31,Dose Taken
SUB-1913,S32,Dose High,Week 16,2026-09-28,Dose Taken
SUB-1914,S32,Dose High,Baseline,2026-08-05,Dose Taken
SUB-1914,S32,Dose High,Week 2,2026-08-19,Dose Taken
SUB-1914,S32,Dose High,Week 4,2026-09-02,Dose Taken
SUB-1914,S32,Dose High,Week 8,2026-09-30,Dose Taken
SUB-1915,S32,Dose Low,Baseline,2025-07-08,Dose Taken
SUB-1915,S32,Dose Low,Week 2,2025-07-22,Dose Taken
SUB-1915,S32,Dose Low,Week 4,2025-08-05,Dose Taken
SUB-1915,S32,Dose Low,Week 8,2025-09-02,Dose Missed
SUB-1915,S32,Dose Low,Week 12,2025-09-30,Dose Taken
SUB-1915,S32,Dose Low,Week 16,2025-10-28,Dose Taken
SUB-1915,S32,Dose Low,Week 24,2025-12-23,Dose Held (AE)
SUB-1915,S32,Dose Low,Week 36,2026-03-17,Dose Taken
SUB-1915,S32,Dose Low,Week 52 / EOT,2026-07-07,Dose Taken
SUB-1917,S32,Dose High,Baseline,2025-06-02,Dose Taken
SUB-1917,S32,Dose High,Week 2,2025-06-16,Dose Taken
SUB-1917,S32,Dose High,Week 4,2025-06-30,Dose Taken
SUB-1917,S32,Dose High,Week 8,2025-07-28,Dose Taken
SUB-1917,S32,Dose High,Week 12,2025-08-25,Dose Taken
SUB-1917,S32,Dose High,Week 16,2025-09-22,Dose Taken
SUB-1917,S32,Dose High,Week 24,2025-11-17,Dose Taken
SUB-1917,S32,Dose High,Week 36,2026-02-09,Dose Taken
SUB-1917,S32,Dose High,Week 52 / EOT,2026-06-01,Dose Taken
SUB-1921,S32,Dose High,Baseline,2025-08-16,Dose Taken
SUB-1921,S32,Dose High,Week 2,2025-08-30,Dose Taken
SUB-1921,S32,Dose High,Week 4,2025-09-13,Dose Taken
SUB-1921,S32,Dose High,Week 8,2025-10-11,Dose Taken
SUB-1921,S32,Dose High,Week 12,2025-11-08,Dose Taken
SUB-1921,S32,Dose High,Week 16,2025-12-06,Dose Taken
SUB-1921,S32,Dose High,Week 24,2026-01-31,Dose Taken
SUB-1921,S32,Dose High,Week 36,2026-04-25,Dose Taken
SUB-1921,S32,Dose High,Week 52 / EOT,2026-08-15,Dose Taken
SUB-1923,S33,Dose Low,Baseline,2026-03-03,Dose Taken
SUB-1923,S33,Dose Low,Week 2,2026-03-17,Dose Held (AE)
SUB-1923,S33,Dose Low,Week 4,2026-03-31,Dose Taken
SUB-1923,S33,Dose Low,Week 8,2026-04-28,Dose Reduced
SUB-1923,S33,Dose Low,Week 12,2026-05-26,Dose Taken
SUB-1923,S33,Dose Low,Week 16,2026-06-23,Dose Taken
SUB-1923,S33,Dose Low,Week 24,2026-08-18,Dose Taken
SUB-1924,S33,Dose Low,Baseline,2026-05-04,Dose Taken
SUB-1924,S33,Dose Low,Week 2,2026-05-18,Dose Taken
SUB-1924,S33,Dose Low,Week 4,2026-06-01,Dose Reduced
SUB-1924,S33,Dose Low,Week 8,2026-06-29,Dose Taken
SUB-1924,S33,Dose Low,Week 12,2026-07-27,Dose Taken
SUB-1924,S33,Dose Low,Week 16,2026-08-24,Dose Taken
SUB-1925,S33,Dose Low,Baseline,2026-08-13,Dose Taken
SUB-1925,S33,Dose Low,Week 2,2026-08-27,Dose Taken
SUB-1925,S33,Dose Low,Week 4,2026-09-10,Dose Taken
SUB-1926,S33,Dose High,Baseline,2026-06-06,Dose Taken
SUB-1926,S33,Dose High,Week 2,2026-06-20,Dose Taken
SUB-1926,S33,Dose High,Week 4,2026-07-04,Dose Taken
SUB-1926,S33,Dose High,Week 8,2026-08-01,Dose Taken
SUB-1926,S33,Dose High,Week 12,2026-08-29,Dose Taken
SUB-1926,S33,Dose High,Week 16,2026-09-26,Dose Taken
SUB-1927,S33,Dose High,Baseline,2025-10-03,Dose Taken
SUB-1927,S33,Dose High,Week 2,2025-10-17,Dose Taken
SUB-1927,S33,Dose High,Week 4,2025-10-31,Dose Reduced
SUB-1927,S33,Dose High,Week 8,2025-11-28,Dose Held (AE)
SUB-1927,S33,Dose High,Week 12,2025-12-26,Dose Taken
SUB-1927,S33,Dose High,Week 16,2026-01-23,Dose Taken
SUB-1927,S33,Dose High,Week 24,2026-03-20,Dose Taken
SUB-1927,S33,Dose High,Week 36,2026-06-12,Dose Taken
SUB-1928,S33,Dose High,Baseline,2026-09-05,Dose Taken
SUB-1928,S33,Dose High,Week 2,2026-09-19,Dose Taken
SUB-1930,S33,Dose High,Baseline,2026-04-26,Dose Taken
SUB-1930,S33,Dose High,Week 2,2026-05-10,Dose Taken
SUB-1930,S33,Dose High,Week 4,2026-05-24,Dose Taken
SUB-1930,S33,Dose High,Week 8,2026-06-21,Dose Taken
SUB-1930,S33,Dose High,Week 12,2026-07-19,Dose Held (AE)
SUB-1930,S33,Dose High,Week 16,2026-08-16,Dose Held (AE)
SUB-1931,S33,Dose Low,Baseline,2026-03-31,Dose Taken
SUB-1931,S33,Dose Low,Week 2,2026-04-14,Dose Taken
SUB-1931,S33,Dose Low,Week 4,2026-04-28,Dose Taken
SUB-1931,S33,Dose Low,Week 8,2026-05-26,Dose Taken
SUB-1931,S33,Dose Low,Week 12,2026-06-23,Dose Taken
SUB-1931,S33,Dose Low,Week 16,2026-07-21,Dose Taken
SUB-1931,S33,Dose Low,Week 24,2026-09-15,Dose Missed
SUB-1934,S33,Dose High,Baseline,2026-09-30,Dose Taken
SUB-1935,S33,Dose High,Baseline,2026-08-28,Dose Taken
SUB-1935,S33,Dose High,Week 2,2026-09-11,Dose Taken
SUB-1935,S33,Dose High,Week 4,2026-09-25,Dose Taken
SUB-1938,S33,Dose High,Baseline,2025-12-07,Dose Taken
SUB-1938,S33,Dose High,Week 2,2025-12-21,Dose Taken
SUB-1938,S33,Dose High,Week 4,2026-01-04,Dose Taken
SUB-1938,S33,Dose High,Week 8,2026-02-01,Dose Taken
SUB-1938,S33,Dose High,Week 12,2026-03-01,Dose Taken
SUB-1938,S33,Dose High,Week 16,2026-03-29,Dose Taken
SUB-1938,S33,Dose High,Week 24,2026-05-24,Dose Held (AE)
SUB-1938,S33,Dose High,Week 36,2026-08-16,Dose Missed
SUB-1942,S33,Dose Low,Baseline,2026-01-11,Dose Taken
SUB-1942,S33,Dose Low,Week 2,2026-01-25,Dose Taken
SUB-1942,S33,Dose Low,Week 4,2026-02-08,Dose Held (AE)
SUB-1942,S33,Dose Low,Week 8,2026-03-08,Dose Taken
SUB-1942,S33,Dose Low,Week 12,2026-04-05,Dose Taken
SUB-1942,S33,Dose Low,Week 16,2026-05-03,Dose Taken
SUB-1942,S33,Dose Low,Week 24,2026-06-28,Dose Taken
SUB-1942,S33,Dose Low,Week 36,2026-09-20,Dose Held (AE)
SUB-1943,S33,Dose High,Baseline,2026-09-10,Dose Taken
SUB-1943,S33,Dose High,Week 2,2026-09-24,Dose Taken
SUB-1944,S33,Dose High,Baseline,2026-01-25,Dose Taken
SUB-1944,S33,Dose High,Week 2,2026-02-08,Dose Taken
SUB-1944,S33,Dose High,Week 4,2026-02-22,Dose Taken
SUB-1944,S33,Dose High,Week 8,2026-03-22,Dose Held (AE)
SUB-1944,S33,Dose High,Week 12,2026-04-19,Dose Taken
SUB-1944,S33,Dose High,Week 16,2026-05-17,Dose Taken
SUB-1944,S33,Dose High,Week 24,2026-07-12,Dose Taken
SUB-1945,S33,Dose High,Baseline,2026-09-18,Dose Taken
SUB-1946,S33,Dose High,Baseline,2026-09-23,Dose Taken
SUB-1949,S33,Dose High,Baseline,2026-08-28,Dose Taken
SUB-1949,S33,Dose High,Week 2,2026-09-11,Dose Taken
SUB-1949,S33,Dose High,Week 4,2026-09-25,Dose Taken
SUB-1951,S33,Dose High,Baseline,2026-09-25,Dose Taken
SUB-1952,S33,Dose High,Baseline,2026-08-07,Dose Taken
SUB-1952,S33,Dose High,Week 2,2026-08-21,Dose Taken
SUB-1952,S33,Dose High,Week 4,2026-09-04,Dose Taken
SUB-1953,S33,Dose High,Baseline,2026-01-25,Dose Taken
SUB-1953,S33,Dose High,Week 2,2026-02-08,Dose Taken
SUB-1953,S33,Dose High,Week 4,2026-02-22,Dose Taken
SUB-1953,S33,Dose High,Week 8,2026-03-22,Dose Taken
SUB-1953,S33,Dose High,Week 12,2026-04-19,Dose Taken
SUB-1953,S33,Dose High,Week 16,2026-05-17,Dose Taken
SUB-1953,S33,Dose High,Week 24,2026-07-12,Dose Taken
SUB-1954,S33,Dose Low,Baseline,2026-07-23,Dose Taken
SUB-1954,S33,Dose Low,Week 2,2026-08-06,Dose Taken
SUB-1954,S33,Dose Low,Week 4,2026-08-20,Dose Taken
SUB-1954,S33,Dose Low,Week 8,2026-09-17,Dose Taken
SUB-1956,S33,Dose High,Baseline,2026-08-28,Dose Taken
SUB-1956,S33,Dose High,Week 2,2026-09-11,Dose Taken
SUB-1956,S33,Dose High,Week 4,2026-09-25,Dose Taken
SUB-1957,S33,Dose High,Baseline,2026-08-24,Dose Taken
SUB-1957,S33,Dose High,Week 2,2026-09-07,Dose Taken
SUB-1957,S33,Dose High,Week 4,2026-09-21,Dose Taken
SUB-1958,S33,Dose Low,Baseline,2026-09-18,Dose Taken
SUB-1959,S33,Dose Low,Baseline,2026-09-25,Dose Held (AE)
SUB-1960,S33,Dose High,Baseline,2026-09-23,Dose Reduced
SUB-1961,S33,Dose Low,Baseline,2026-06-09,Dose Taken
SUB-1961,S33,Dose Low,Week 2,2026-06-23,Dose Taken
SUB-1961,S33,Dose Low,Week 4,2026-07-07,Dose Taken
SUB-1961,S33,Dose Low,Week 8,2026-08-04,Dose Taken
SUB-1961,S33,Dose Low,Week 12,2026-09-01,Dose Taken
SUB-1961,S33,Dose Low,Week 16,2026-09-29,Dose Taken
SUB-1969,S33,Dose Low,Baseline,2026-09-10,Dose Held (AE)
SUB-1969,S33,Dose Low,Week 2,2026-09-24,Dose Taken
SUB-1970,S33,Dose Low,Baseline,2026-09-24,Dose Taken
SUB-1971,S33,Dose High,Baseline,2026-09-29,Dose Taken
SUB-1972,S33,Dose High,Baseline,2026-06-16,Dose Taken
SUB-1972,S33,Dose High,Week 2,2026-06-30,Dose Reduced
SUB-1972,S33,Dose High,Week 4,2026-07-14,Dose Taken
SUB-1972,S33,Dose High,Week 8,2026-08-11,Dose Taken
SUB-1972,S33,Dose High,Week 12,2026-09-08,Dose Taken
SUB-1973,S33,Dose Low,Baseline,2026-08-20,Dose Reduced
SUB-1973,S33,Dose Low,Week 2,2026-09-03,Dose Taken
SUB-1973,S33,Dose Low,Week 4,2026-09-17,Dose Taken
SUB-1974,S33,Dose Low,Baseline,2026-09-27,Dose Reduced
SUB-1975,S33,Dose High,Baseline,2026-02-13,Dose Held (AE)
SUB-1975,S33,Dose High,Week 2,2026-02-27,Dose Taken
SUB-1975,S33,Dose High,Week 4,2026-03-13,Dose Held (AE)
SUB-1975,S33,Dose High,Week 8,2026-04-10,Dose Taken
SUB-1975,S33,Dose High,Week 12,2026-05-08,Dose Taken
SUB-1975,S33,Dose High,Week 16,2026-06-05,Dose Taken
SUB-1975,S33,Dose High,Week 24,2026-07-31,Dose Taken
SUB-1976,S33,Dose Low,Baseline,2026-07-29,Dose Taken
SUB-1976,S33,Dose Low,Week 2,2026-08-12,Dose Taken
SUB-1976,S33,Dose Low,Week 4,2026-08-26,Dose Taken
SUB-1976,S33,Dose Low,Week 8,2026-09-23,Dose Taken
SUB-1977,S33,Dose High,Baseline,2026-03-17,Dose Taken
SUB-1977,S33,Dose High,Week 2,2026-03-31,Dose Taken
SUB-1977,S33,Dose High,Week 4,2026-04-14,Dose Taken
SUB-1977,S33,Dose High,Week 8,2026-05-12,Dose Taken
SUB-1977,S33,Dose High,Week 12,2026-06-09,Dose Taken
SUB-1977,S33,Dose High,Week 16,2026-07-07,Dose Taken
SUB-1977,S33,Dose High,Week 24,2026-09-01,Dose Held (AE)
SUB-1978,S33,Dose High,Baseline,2026-04-23,Dose Taken
SUB-1978,S33,Dose High,Week 2,2026-05-07,Dose Reduced
SUB-1978,S33,Dose High,Week 4,2026-05-21,Dose Taken
SUB-1978,S33,Dose High,Week 8,2026-06-18,Dose Taken
SUB-1978,S33,Dose High,Week 12,2026-07-16,Dose Taken
SUB-1978,S33,Dose High,Week 16,2026-08-13,Dose Taken
SUB-1980,S33,Dose Low,Baseline,2026-02-03,Dose Taken
SUB-1980,S33,Dose Low,Week 2,2026-02-17,Dose Taken
SUB-1980,S33,Dose Low,Week 4,2026-03-03,Dose Taken
SUB-1980,S33,Dose Low,Week 8,2026-03-31,Dose Taken
SUB-1980,S33,Dose Low,Week 12,2026-04-28,Dose Taken
SUB-1980,S33,Dose Low,Week 16,2026-05-26,Dose Taken
SUB-1980,S33,Dose Low,Week 24,2026-07-21,Dose Taken
SUB-1981,S33,Dose Low,Baseline,2025-09-22,Dose Taken
SUB-1981,S33,Dose Low,Week 2,2025-10-06,Dose Taken
SUB-1981,S33,Dose Low,Week 4,2025-10-20,Dose Taken
SUB-1981,S33,Dose Low,Week 8,2025-11-17,Dose Taken
SUB-1981,S33,Dose Low,Week 12,2025-12-15,Dose Taken
SUB-1981,S33,Dose Low,Week 16,2026-01-12,Dose Taken
SUB-1981,S33,Dose Low,Week 24,2026-03-09,Dose Taken
SUB-1981,S33,Dose Low,Week 36,2026-06-01,Dose Taken
SUB-1981,S33,Dose Low,Week 52 / EOT,2026-09-21,Dose Taken
SUB-1983,S33,Dose High,Baseline,2026-09-09,Dose Taken
SUB-1983,S33,Dose High,Week 2,2026-09-23,Dose Taken
SUB-1984,S34,Dose Low,Baseline,2026-09-23,Dose Taken
SUB-1985,S34,Dose Low,Baseline,2026-09-11,Dose Reduced
SUB-1985,S34,Dose Low,Week 2,2026-09-25,Dose Taken
SUB-1986,S34,Dose High,Baseline,2026-04-08,Dose Taken
SUB-1986,S34,Dose High,Week 2,2026-04-22,Dose Taken
SUB-1986,S34,Dose High,Week 4,2026-05-06,Dose Taken
SUB-1986,S34,Dose High,Week 8,2026-06-03,Dose Taken
SUB-1986,S34,Dose High,Week 12,2026-07-01,Dose Taken
SUB-1986,S34,Dose High,Week 16,2026-07-29,Dose Taken
SUB-1986,S34,Dose High,Week 24,2026-09-23,Dose Held (AE)
SUB-1987,S34,Dose Low,Baseline,2026-08-08,Dose Taken
SUB-1987,S34,Dose Low,Week 2,2026-08-22,Dose Taken
SUB-1987,S34,Dose Low,Week 4,2026-09-05,Dose Taken
SUB-1989,S34,Dose Low,Baseline,2026-09-25,Dose Taken
SUB-1992,S34,Dose High,Baseline,2026-04-14,Dose Taken
SUB-1992,S34,Dose High,Week 2,2026-04-28,Dose Taken
SUB-1992,S34,Dose High,Week 4,2026-05-12,Dose Taken
SUB-1992,S34,Dose High,Week 8,2026-06-09,Dose Taken
SUB-1992,S34,Dose High,Week 12,2026-07-07,Dose Taken
SUB-1992,S34,Dose High,Week 16,2026-08-04,Dose Reduced
SUB-1992,S34,Dose High,Week 24,2026-09-29,Dose Taken
SUB-1993,S34,Dose Low,Baseline,2026-06-04,Dose Taken
SUB-1993,S34,Dose Low,Week 2,2026-06-18,Dose Taken
SUB-1993,S34,Dose Low,Week 4,2026-07-02,Dose Held (AE)
SUB-1993,S34,Dose Low,Week 8,2026-07-30,Dose Held (AE)
SUB-1993,S34,Dose Low,Week 12,2026-08-27,Dose Taken
SUB-1993,S34,Dose Low,Week 16,2026-09-24,Dose Taken
SUB-1995,S34,Dose High,Baseline,2025-12-08,Dose Taken
SUB-1995,S34,Dose High,Week 2,2025-12-22,Dose Taken
SUB-1995,S34,Dose High,Week 4,2026-01-05,Dose Taken
SUB-1995,S34,Dose High,Week 8,2026-02-02,Dose Taken
SUB-1995,S34,Dose High,Week 12,2026-03-02,Dose Taken
SUB-1995,S34,Dose High,Week 16,2026-03-30,Dose Taken
SUB-1995,S34,Dose High,Week 24,2026-05-25,Dose Taken
SUB-1995,S34,Dose High,Week 36,2026-08-17,Dose Held (AE)
SUB-1996,S34,Dose Low,Baseline,2026-05-17,Dose Taken
SUB-1996,S34,Dose Low,Week 2,2026-05-31,Dose Taken
SUB-1996,S34,Dose Low,Week 4,2026-06-14,Dose Missed
SUB-1996,S34,Dose Low,Week 8,2026-07-12,Dose Taken
SUB-1996,S34,Dose Low,Week 12,2026-08-09,Dose Taken
SUB-1996,S34,Dose Low,Week 16,2026-09-06,Dose Reduced
SUB-1997,S34,Dose High,Baseline,2026-09-08,Dose Taken
SUB-1997,S34,Dose High,Week 2,2026-09-22,Dose Taken
SUB-1999,S34,Dose Low,Baseline,2026-09-20,Dose Taken
SUB-2000,S34,Dose Low,Baseline,2025-12-30,Dose Taken
SUB-2000,S34,Dose Low,Week 2,2026-01-13,Dose Taken
SUB-2000,S34,Dose Low,Week 4,2026-01-27,Dose Taken
SUB-2000,S34,Dose Low,Week 8,2026-02-24,Dose Taken
SUB-2000,S34,Dose Low,Week 12,2026-03-24,Dose Taken
SUB-2000,S34,Dose Low,Week 16,2026-04-21,Dose Taken
SUB-2000,S34,Dose Low,Week 24,2026-06-16,Dose Taken
SUB-2000,S34,Dose Low,Week 36,2026-09-08,Dose Taken
SUB-2001,S34,Dose High,Baseline,2026-09-08,Dose Taken
SUB-2001,S34,Dose High,Week 2,2026-09-22,Dose Taken
SUB-2006,S34,Dose High,Baseline,2026-06-21,Dose Taken
SUB-2006,S34,Dose High,Week 2,2026-07-05,Dose Taken
SUB-2006,S34,Dose High,Week 4,2026-07-19,Dose Taken
SUB-2006,S34,Dose High,Week 8,2026-08-16,Dose Taken
SUB-2006,S34,Dose High,Week 12,2026-09-13,Dose Taken
SUB-2009,S34,Dose High,Baseline,2026-05-05,Dose Held (AE)
SUB-2009,S34,Dose High,Week 2,2026-05-19,Dose Taken
SUB-2009,S34,Dose High,Week 4,2026-06-02,Dose Taken
SUB-2009,S34,Dose High,Week 8,2026-06-30,Dose Taken
SUB-2009,S34,Dose High,Week 12,2026-07-28,Dose Taken
SUB-2009,S34,Dose High,Week 16,2026-08-25,Dose Held (AE)
SUB-2011,S34,Dose Low,Baseline,2026-08-18,Dose Taken
SUB-2011,S34,Dose Low,Week 2,2026-09-01,Dose Taken
SUB-2011,S34,Dose Low,Week 4,2026-09-15,Dose Taken
SUB-2014,S34,Dose Low,Baseline,2026-04-19,Dose Taken
SUB-2014,S34,Dose Low,Week 2,2026-05-03,Dose Taken
SUB-2014,S34,Dose Low,Week 4,2026-05-17,Dose Held (AE)
SUB-2014,S34,Dose Low,Week 8,2026-06-14,Dose Taken
SUB-2014,S34,Dose Low,Week 12,2026-07-12,Dose Reduced
SUB-2014,S34,Dose Low,Week 16,2026-08-09,Dose Taken
SUB-2017,S34,Dose High,Baseline,2026-09-24,Dose Taken
SUB-2018,S34,Dose High,Baseline,2025-12-28,Dose Taken
SUB-2018,S34,Dose High,Week 2,2026-01-11,Dose Taken
SUB-2018,S34,Dose High,Week 4,2026-01-25,Dose Taken
SUB-2018,S34,Dose High,Week 8,2026-02-22,Dose Taken
SUB-2018,S34,Dose High,Week 12,2026-03-22,Dose Held (AE)
SUB-2018,S34,Dose High,Week 16,2026-04-19,Dose Taken
SUB-2018,S34,Dose High,Week 24,2026-06-14,Dose Taken
SUB-2018,S34,Dose High,Week 36,2026-09-06,Dose Taken
SUB-2019,S34,Dose High,Baseline,2025-10-02,Dose Taken
SUB-2019,S34,Dose High,Week 2,2025-10-16,Dose Taken
SUB-2019,S34,Dose High,Week 4,2025-10-30,Dose Taken
SUB-2019,S34,Dose High,Week 8,2025-11-27,Dose Taken
SUB-2019,S34,Dose High,Week 12,2025-12-25,Dose Taken
SUB-2019,S34,Dose High,Week 16,2026-01-22,Dose Taken
SUB-2019,S34,Dose High,Week 24,2026-03-19,Dose Taken
SUB-2019,S34,Dose High,Week 36,2026-06-11,Dose Reduced
SUB-2020,S34,Dose High,Baseline,2026-09-24,Dose Taken
SUB-2023,S34,Dose Low,Baseline,2026-03-21,Dose Taken
SUB-2023,S34,Dose Low,Week 2,2026-04-04,Dose Taken
SUB-2023,S34,Dose Low,Week 4,2026-04-18,Dose Taken
SUB-2023,S34,Dose Low,Week 8,2026-05-16,Dose Taken
SUB-2023,S34,Dose Low,Week 12,2026-06-13,Dose Taken
SUB-2023,S34,Dose Low,Week 16,2026-07-11,Dose Taken
SUB-2023,S34,Dose Low,Week 24,2026-09-05,Dose Taken
SUB-2024,S34,Dose Low,Baseline,2025-09-20,Dose Taken
SUB-2024,S34,Dose Low,Week 2,2025-10-04,Dose Taken
SUB-2024,S34,Dose Low,Week 4,2025-10-18,Dose Taken
SUB-2024,S34,Dose Low,Week 8,2025-11-15,Dose Taken
SUB-2024,S34,Dose Low,Week 12,2025-12-13,Dose Taken
SUB-2024,S34,Dose Low,Week 16,2026-01-10,Dose Taken
SUB-2024,S34,Dose Low,Week 24,2026-03-07,Dose Taken
SUB-2024,S34,Dose Low,Week 36,2026-05-30,Dose Taken
SUB-2024,S34,Dose Low,Week 52 / EOT,2026-09-19,Dose Taken
SUB-2025,S34,Dose High,Baseline,2025-10-11,Dose Taken
SUB-2025,S34,Dose High,Week 2,2025-10-25,Dose Taken
SUB-2025,S34,Dose High,Week 4,2025-11-08,Dose Taken
SUB-2025,S34,Dose High,Week 8,2025-12-06,Dose Taken
SUB-2025,S34,Dose High,Week 12,2026-01-03,Dose Taken
SUB-2025,S34,Dose High,Week 16,2026-01-31,Dose Taken
SUB-2025,S34,Dose High,Week 24,2026-03-28,Dose Taken
SUB-2025,S34,Dose High,Week 36,2026-06-20,Dose Reduced
SUB-2026,S34,Dose High,Baseline,2025-10-31,Dose Taken
SUB-2026,S34,Dose High,Week 2,2025-11-14,Dose Taken
SUB-2026,S34,Dose High,Week 4,2025-11-28,Dose Held (AE)
SUB-2026,S34,Dose High,Week 8,2025-12-26,Dose Taken
SUB-2026,S34,Dose High,Week 12,2026-01-23,Dose Taken
SUB-2026,S34,Dose High,Week 16,2026-02-20,Dose Taken
SUB-2026,S34,Dose High,Week 24,2026-04-17,Dose Taken
SUB-2026,S34,Dose High,Week 36,2026-07-10,Dose Taken
SUB-2027,S34,Dose High,Baseline,2026-04-09,Dose Taken
SUB-2027,S34,Dose High,Week 2,2026-04-23,Dose Taken
SUB-2027,S34,Dose High,Week 4,2026-05-07,Dose Taken
SUB-2027,S34,Dose High,Week 8,2026-06-04,Dose Taken
SUB-2027,S34,Dose High,Week 12,2026-07-02,Dose Taken
SUB-2027,S34,Dose High,Week 16,2026-07-30,Dose Taken
SUB-2027,S34,Dose High,Week 24,2026-09-24,Dose Taken
SUB-2028,S34,Dose High,Baseline,2026-09-09,Dose Taken
SUB-2028,S34,Dose High,Week 2,2026-09-23,Dose Taken
SUB-2033,S34,Dose High,Baseline,2026-09-10,Dose Taken
SUB-2033,S34,Dose High,Week 2,2026-09-24,Dose Taken
SUB-2035,S34,Dose Low,Baseline,2026-01-12,Dose Taken
SUB-2035,S34,Dose Low,Week 2,2026-01-26,Dose Taken
SUB-2035,S34,Dose Low,Week 4,2026-02-09,Dose Taken
SUB-2035,S34,Dose Low,Week 8,2026-03-09,Dose Taken
SUB-2035,S34,Dose Low,Week 12,2026-04-06,Dose Taken
SUB-2035,S34,Dose Low,Week 16,2026-05-04,Dose Taken
SUB-2035,S34,Dose Low,Week 24,2026-06-29,Dose Missed
SUB-2035,S34,Dose Low,Week 36,2026-09-21,Dose Taken
SUB-2036,S34,Dose Low,Baseline,2026-01-04,Dose Taken
SUB-2036,S34,Dose Low,Week 2,2026-01-18,Dose Taken
SUB-2036,S34,Dose Low,Week 4,2026-02-01,Dose Taken
SUB-2036,S34,Dose Low,Week 8,2026-03-01,Dose Taken
SUB-2036,S34,Dose Low,Week 12,2026-03-29,Dose Taken
SUB-2036,S34,Dose Low,Week 16,2026-04-26,Dose Taken
SUB-2036,S34,Dose Low,Week 24,2026-06-21,Dose Taken
SUB-2036,S34,Dose Low,Week 36,2026-09-13,Dose Taken
SUB-2038,S35,Dose High,Baseline,2026-09-22,Dose Taken
SUB-2040,S35,Dose Low,Baseline,2025-09-27,Dose Taken
SUB-2040,S35,Dose Low,Week 2,2025-10-11,Dose Missed
SUB-2040,S35,Dose Low,Week 4,2025-10-25,Dose Taken
SUB-2040,S35,Dose Low,Week 8,2025-11-22,Dose Taken
SUB-2040,S35,Dose Low,Week 12,2025-12-20,Dose Taken
SUB-2040,S35,Dose Low,Week 16,2026-01-17,Dose Taken
SUB-2040,S35,Dose Low,Week 24,2026-03-14,Dose Taken
SUB-2040,S35,Dose Low,Week 36,2026-06-06,Dose Taken
SUB-2040,S35,Dose Low,Week 52 / EOT,2026-09-26,Dose Reduced
SUB-2044,S35,Dose Low,Baseline,2025-07-14,Dose Taken
SUB-2044,S35,Dose Low,Week 2,2025-07-28,Dose Taken
SUB-2044,S35,Dose Low,Week 4,2025-08-11,Dose Taken
SUB-2044,S35,Dose Low,Week 8,2025-09-08,Dose Taken
SUB-2044,S35,Dose Low,Week 12,2025-10-06,Dose Taken
SUB-2044,S35,Dose Low,Week 16,2025-11-03,Dose Taken
SUB-2044,S35,Dose Low,Week 24,2025-12-29,Dose Taken
SUB-2044,S35,Dose Low,Week 36,2026-03-23,Dose Reduced
SUB-2044,S35,Dose Low,Week 52 / EOT,2026-07-13,Dose Taken
SUB-2045,S35,Dose Low,Baseline,2026-09-12,Dose Taken
SUB-2045,S35,Dose Low,Week 2,2026-09-26,Dose Taken
SUB-2046,S35,Dose Low,Baseline,2025-08-14,Dose Taken
SUB-2046,S35,Dose Low,Week 2,2025-08-28,Dose Missed
SUB-2046,S35,Dose Low,Week 4,2025-09-11,Dose Taken
SUB-2046,S35,Dose Low,Week 8,2025-10-09,Dose Taken
SUB-2046,S35,Dose Low,Week 12,2025-11-06,Dose Taken
SUB-2046,S35,Dose Low,Week 16,2025-12-04,Dose Taken
SUB-2046,S35,Dose Low,Week 24,2026-01-29,Dose Held (AE)
SUB-2046,S35,Dose Low,Week 36,2026-04-23,Dose Taken
SUB-2046,S35,Dose Low,Week 52 / EOT,2026-08-13,Dose Taken
SUB-2047,S35,Dose High,Baseline,2025-10-21,Dose Taken
SUB-2047,S35,Dose High,Week 2,2025-11-04,Dose Taken
SUB-2047,S35,Dose High,Week 4,2025-11-18,Dose Held (AE)
SUB-2047,S35,Dose High,Week 8,2025-12-16,Dose Held (AE)
SUB-2047,S35,Dose High,Week 12,2026-01-13,Dose Taken
SUB-2047,S35,Dose High,Week 16,2026-02-10,Dose Taken
SUB-2047,S35,Dose High,Week 24,2026-04-07,Dose Held (AE)
SUB-2047,S35,Dose High,Week 36,2026-06-30,Dose Taken
SUB-2048,S35,Dose Low,Baseline,2025-11-13,Dose Taken
SUB-2048,S35,Dose Low,Week 2,2025-11-27,Dose Taken
SUB-2048,S35,Dose Low,Week 4,2025-12-11,Dose Taken
SUB-2048,S35,Dose Low,Week 8,2026-01-08,Dose Taken
SUB-2048,S35,Dose Low,Week 12,2026-02-05,Dose Taken
SUB-2048,S35,Dose Low,Week 16,2026-03-05,Dose Taken
SUB-2048,S35,Dose Low,Week 24,2026-04-30,Dose Taken
SUB-2048,S35,Dose Low,Week 36,2026-07-23,Dose Taken
SUB-2051,S35,Dose High,Baseline,2026-03-14,Dose Taken
SUB-2051,S35,Dose High,Week 2,2026-03-28,Dose Taken
SUB-2051,S35,Dose High,Week 4,2026-04-11,Dose Taken
SUB-2051,S35,Dose High,Week 8,2026-05-09,Dose Taken
SUB-2051,S35,Dose High,Week 12,2026-06-06,Dose Taken
SUB-2051,S35,Dose High,Week 16,2026-07-04,Dose Taken
SUB-2051,S35,Dose High,Week 24,2026-08-29,Dose Reduced
SUB-2054,S35,Dose High,Baseline,2025-12-25,Dose Taken
SUB-2054,S35,Dose High,Week 2,2026-01-08,Dose Taken
SUB-2054,S35,Dose High,Week 4,2026-01-22,Dose Taken
SUB-2054,S35,Dose High,Week 8,2026-02-19,Dose Taken
SUB-2054,S35,Dose High,Week 12,2026-03-19,Dose Taken
SUB-2054,S35,Dose High,Week 16,2026-04-16,Dose Held (AE)
SUB-2054,S35,Dose High,Week 24,2026-06-11,Dose Taken
SUB-2054,S35,Dose High,Week 36,2026-09-03,Dose Taken
SUB-2055,S35,Dose High,Baseline,2025-10-07,Dose Taken
SUB-2055,S35,Dose High,Week 2,2025-10-21,Dose Taken
SUB-2055,S35,Dose High,Week 4,2025-11-04,Dose Taken
SUB-2055,S35,Dose High,Week 8,2025-12-02,Dose Taken
SUB-2055,S35,Dose High,Week 12,2025-12-30,Dose Taken
SUB-2055,S35,Dose High,Week 16,2026-01-27,Dose Taken
SUB-2055,S35,Dose High,Week 24,2026-03-24,Dose Taken
SUB-2055,S35,Dose High,Week 36,2026-06-16,Dose Taken
SUB-2057,S35,Dose Low,Baseline,2026-03-11,Dose Taken
SUB-2057,S35,Dose Low,Week 2,2026-03-25,Dose Taken
SUB-2057,S35,Dose Low,Week 4,2026-04-08,Dose Taken
SUB-2057,S35,Dose Low,Week 8,2026-05-06,Dose Taken
SUB-2057,S35,Dose Low,Week 12,2026-06-03,Dose Missed
SUB-2057,S35,Dose Low,Week 16,2026-07-01,Dose Taken
SUB-2057,S35,Dose Low,Week 24,2026-08-26,Dose Held (AE)
SUB-2058,S35,Dose Low,Baseline,2026-09-26,Dose Taken
SUB-2060,S35,Dose High,Baseline,2025-12-23,Dose Taken
SUB-2060,S35,Dose High,Week 2,2026-01-06,Dose Taken
SUB-2060,S35,Dose High,Week 4,2026-01-20,Dose Taken
SUB-2060,S35,Dose High,Week 8,2026-02-17,Dose Reduced
SUB-2060,S35,Dose High,Week 12,2026-03-17,Dose Reduced
SUB-2060,S35,Dose High,Week 16,2026-04-14,Dose Taken
SUB-2060,S35,Dose High,Week 24,2026-06-09,Dose Taken
SUB-2060,S35,Dose High,Week 36,2026-09-01,Dose Missed
SUB-2061,S35,Dose High,Baseline,2026-03-30,Dose Taken
SUB-2061,S35,Dose High,Week 2,2026-04-13,Dose Taken
SUB-2061,S35,Dose High,Week 4,2026-04-27,Dose Taken
SUB-2061,S35,Dose High,Week 8,2026-05-25,Dose Missed
SUB-2061,S35,Dose High,Week 12,2026-06-22,Dose Taken
SUB-2061,S35,Dose High,Week 16,2026-07-20,Dose Taken
SUB-2061,S35,Dose High,Week 24,2026-09-14,Dose Taken
SUB-2062,S35,Dose Low,Baseline,2025-07-20,Dose Taken
SUB-2062,S35,Dose Low,Week 2,2025-08-03,Dose Taken
SUB-2062,S35,Dose Low,Week 4,2025-08-17,Dose Missed
SUB-2062,S35,Dose Low,Week 8,2025-09-14,Dose Reduced
SUB-2062,S35,Dose Low,Week 12,2025-10-12,Dose Taken
SUB-2062,S35,Dose Low,Week 16,2025-11-09,Dose Taken
SUB-2062,S35,Dose Low,Week 24,2026-01-04,Dose Taken
SUB-2062,S35,Dose Low,Week 36,2026-03-29,Dose Taken
SUB-2062,S35,Dose Low,Week 52 / EOT,2026-07-19,Dose Taken
SUB-2064,S35,Dose Low,Baseline,2025-05-31,Dose Taken
SUB-2064,S35,Dose Low,Week 2,2025-06-14,Dose Taken
SUB-2064,S35,Dose Low,Week 4,2025-06-28,Dose Taken
SUB-2064,S35,Dose Low,Week 8,2025-07-26,Dose Taken
SUB-2064,S35,Dose Low,Week 12,2025-08-23,Dose Taken
SUB-2064,S35,Dose Low,Week 16,2025-09-20,Dose Taken
SUB-2064,S35,Dose Low,Week 24,2025-11-15,Dose Taken
SUB-2064,S35,Dose Low,Week 36,2026-02-07,Dose Taken
SUB-2064,S35,Dose Low,Week 52 / EOT,2026-05-30,Dose Reduced
SUB-2067,S35,Dose High,Baseline,2026-05-31,Dose Taken
SUB-2067,S35,Dose High,Week 2,2026-06-14,Dose Taken
SUB-2067,S35,Dose High,Week 4,2026-06-28,Dose Taken
SUB-2067,S35,Dose High,Week 8,2026-07-26,Dose Taken
SUB-2067,S35,Dose High,Week 12,2026-08-23,Dose Taken
SUB-2067,S35,Dose High,Week 16,2026-09-20,Dose Taken
SUB-2068,S35,Dose High,Baseline,2026-05-18,Dose Taken
SUB-2068,S35,Dose High,Week 2,2026-06-01,Dose Taken
SUB-2068,S35,Dose High,Week 4,2026-06-15,Dose Taken
SUB-2068,S35,Dose High,Week 8,2026-07-13,Dose Taken
SUB-2068,S35,Dose High,Week 12,2026-08-10,Dose Taken
SUB-2068,S35,Dose High,Week 16,2026-09-07,Dose Taken
SUB-2070,S35,Dose Low,Baseline,2026-01-08,Dose Taken
SUB-2070,S35,Dose Low,Week 2,2026-01-22,Dose Taken
SUB-2070,S35,Dose Low,Week 4,2026-02-05,Dose Taken
SUB-2070,S35,Dose Low,Week 8,2026-03-05,Dose Taken
SUB-2070,S35,Dose Low,Week 12,2026-04-02,Dose Taken
SUB-2070,S35,Dose Low,Week 16,2026-04-30,Dose Taken
SUB-2070,S35,Dose Low,Week 24,2026-06-25,Dose Taken
SUB-2070,S35,Dose Low,Week 36,2026-09-17,Dose Taken
SUB-2072,S35,Dose High,Baseline,2026-08-30,Dose Taken
SUB-2072,S35,Dose High,Week 2,2026-09-13,Dose Taken
SUB-2072,S35,Dose High,Week 4,2026-09-27,Dose Taken
SUB-2074,S35,Dose Low,Baseline,2026-03-15,Dose Taken
SUB-2074,S35,Dose Low,Week 2,2026-03-29,Dose Taken
SUB-2074,S35,Dose Low,Week 4,2026-04-12,Dose Taken
SUB-2074,S35,Dose Low,Week 8,2026-05-10,Dose Taken
SUB-2074,S35,Dose Low,Week 12,2026-06-07,Dose Taken
SUB-2074,S35,Dose Low,Week 16,2026-07-05,Dose Held (AE)
SUB-2074,S35,Dose Low,Week 24,2026-08-30,Dose Taken
SUB-2075,S35,Dose High,Baseline,2025-05-28,Dose Taken
SUB-2075,S35,Dose High,Week 2,2025-06-11,Dose Taken
SUB-2075,S35,Dose High,Week 4,2025-06-25,Dose Taken
SUB-2075,S35,Dose High,Week 8,2025-07-23,Dose Taken
SUB-2075,S35,Dose High,Week 12,2025-08-20,Dose Taken
SUB-2075,S35,Dose High,Week 16,2025-09-17,Dose Taken
SUB-2075,S35,Dose High,Week 24,2025-11-12,Dose Taken
SUB-2075,S35,Dose High,Week 36,2026-02-04,Dose Taken
SUB-2075,S35,Dose High,Week 52 / EOT,2026-05-27,Dose Taken
SUB-2078,S35,Dose Low,Baseline,2026-06-18,Dose Taken
SUB-2078,S35,Dose Low,Week 2,2026-07-02,Dose Held (AE)
SUB-2078,S35,Dose Low,Week 4,2026-07-16,Dose Taken
SUB-2078,S35,Dose Low,Week 8,2026-08-13,Dose Taken
SUB-2078,S35,Dose Low,Week 12,2026-09-10,Dose Taken
SUB-2079,S35,Dose Low,Baseline,2026-01-07,Dose Taken
SUB-2079,S35,Dose Low,Week 2,2026-01-21,Dose Taken
SUB-2079,S35,Dose Low,Week 4,2026-02-04,Dose Taken
SUB-2079,S35,Dose Low,Week 8,2026-03-04,Dose Taken
SUB-2079,S35,Dose Low,Week 12,2026-04-01,Dose Taken
SUB-2079,S35,Dose Low,Week 16,2026-04-29,Dose Taken
SUB-2079,S35,Dose Low,Week 24,2026-06-24,Dose Taken
SUB-2079,S35,Dose Low,Week 36,2026-09-16,Dose Taken
SUB-2083,S35,Dose High,Baseline,2025-07-22,Dose Taken
SUB-2083,S35,Dose High,Week 2,2025-08-05,Dose Taken
SUB-2083,S35,Dose High,Week 4,2025-08-19,Dose Taken
SUB-2083,S35,Dose High,Week 8,2025-09-16,Dose Taken
SUB-2083,S35,Dose High,Week 12,2025-10-14,Dose Taken
SUB-2083,S35,Dose High,Week 16,2025-11-11,Dose Taken
SUB-2083,S35,Dose High,Week 24,2026-01-06,Dose Taken
SUB-2083,S35,Dose High,Week 36,2026-03-31,Dose Taken
SUB-2083,S35,Dose High,Week 52 / EOT,2026-07-21,Dose Taken
SUB-2087,S35,Dose High,Baseline,2025-07-04,Dose Taken
SUB-2087,S35,Dose High,Week 2,2025-07-18,Dose Taken
SUB-2087,S35,Dose High,Week 4,2025-08-01,Dose Taken
SUB-2087,S35,Dose High,Week 8,2025-08-29,Dose Taken
SUB-2087,S35,Dose High,Week 12,2025-09-26,Dose Taken
SUB-2087,S35,Dose High,Week 16,2025-10-24,Dose Taken
SUB-2087,S35,Dose High,Week 24,2025-12-19,Dose Taken
SUB-2087,S35,Dose High,Week 36,2026-03-13,Dose Held (AE)
SUB-2087,S35,Dose High,Week 52 / EOT,2026-07-03,Dose Taken
SUB-2088,S35,Dose Low,Baseline,2025-06-24,Dose Taken
SUB-2088,S35,Dose Low,Week 2,2025-07-08,Dose Missed
SUB-2088,S35,Dose Low,Week 4,2025-07-22,Dose Taken
SUB-2088,S35,Dose Low,Week 8,2025-08-19,Dose Taken
SUB-2088,S35,Dose Low,Week 12,2025-09-16,Dose Taken
SUB-2088,S35,Dose Low,Week 16,2025-10-14,Dose Taken
SUB-2088,S35,Dose Low,Week 24,2025-12-09,Dose Held (AE)
SUB-2088,S35,Dose Low,Week 36,2026-03-03,Dose Taken
SUB-2088,S35,Dose Low,Week 52 / EOT,2026-06-23,Dose Taken
SUB-2090,S35,Dose High,Baseline,2025-09-29,Dose Taken
SUB-2090,S35,Dose High,Week 2,2025-10-13,Dose Taken
SUB-2090,S35,Dose High,Week 4,2025-10-27,Dose Taken
SUB-2090,S35,Dose High,Week 8,2025-11-24,Dose Taken
SUB-2090,S35,Dose High,Week 12,2025-12-22,Dose Held (AE)
SUB-2090,S35,Dose High,Week 16,2026-01-19,Dose Taken
SUB-2090,S35,Dose High,Week 24,2026-03-16,Dose Taken
SUB-2090,S35,Dose High,Week 36,2026-06-08,Dose Taken
SUB-2090,S35,Dose High,Week 52 / EOT,2026-09-28,Dose Taken
SUB-2093,S35,Dose High,Baseline,2026-03-09,Dose Taken
SUB-2093,S35,Dose High,Week 2,2026-03-23,Dose Taken
SUB-2093,S35,Dose High,Week 4,2026-04-06,Dose Taken
SUB-2093,S35,Dose High,Week 8,2026-05-04,Dose Taken
SUB-2093,S35,Dose High,Week 12,2026-06-01,Dose Taken
SUB-2093,S35,Dose High,Week 16,2026-06-29,Dose Taken
SUB-2093,S35,Dose High,Week 24,2026-08-24,Dose Taken
SUB-2094,S35,Dose Low,Baseline,2026-04-25,Dose Taken
SUB-2094,S35,Dose Low,Week 2,2026-05-09,Dose Taken
SUB-2094,S35,Dose Low,Week 4,2026-05-23,Dose Taken
SUB-2094,S35,Dose Low,Week 8,2026-06-20,Dose Missed
SUB-2094,S35,Dose Low,Week 12,2026-07-18,Dose Taken
SUB-2094,S35,Dose Low,Week 16,2026-08-15,Dose Taken
SUB-2095,S35,Dose Low,Baseline,2025-08-18,Dose Held (AE)
SUB-2095,S35,Dose Low,Week 2,2025-09-01,Dose Taken
SUB-2095,S35,Dose Low,Week 4,2025-09-15,Dose Taken
SUB-2095,S35,Dose Low,Week 8,2025-10-13,Dose Taken
SUB-2095,S35,Dose Low,Week 12,2025-11-10,Dose Taken
SUB-2095,S35,Dose Low,Week 16,2025-12-08,Dose Taken
SUB-2095,S35,Dose Low,Week 24,2026-02-02,Dose Taken
SUB-2095,S35,Dose Low,Week 36,2026-04-27,Dose Taken
SUB-2095,S35,Dose Low,Week 52 / EOT,2026-08-17,Dose Taken
SUB-2096,S35,Dose Low,Baseline,2026-05-23,Dose Taken
SUB-2096,S35,Dose Low,Week 2,2026-06-06,Dose Taken
SUB-2096,S35,Dose Low,Week 4,2026-06-20,Dose Held (AE)
SUB-2096,S35,Dose Low,Week 8,2026-07-18,Dose Taken
SUB-2096,S35,Dose Low,Week 12,2026-08-15,Dose Taken
SUB-2096,S35,Dose Low,Week 16,2026-09-12,Dose Taken
SUB-2098,S35,Dose High,Baseline,2025-10-31,Dose Taken
SUB-2098,S35,Dose High,Week 2,2025-11-14,Dose Taken
SUB-2098,S35,Dose High,Week 4,2025-11-28,Dose Taken
SUB-2098,S35,Dose High,Week 8,2025-12-26,Dose Taken
SUB-2098,S35,Dose High,Week 12,2026-01-23,Dose Taken
SUB-2098,S35,Dose High,Week 16,2026-02-20,Dose Taken
SUB-2098,S35,Dose High,Week 24,2026-04-17,Dose Taken
SUB-2098,S35,Dose High,Week 36,2026-07-10,Dose Taken
SUB-2099,S35,Dose Low,Baseline,2026-02-19,Dose Taken
SUB-2099,S35,Dose Low,Week 2,2026-03-05,Dose Taken
SUB-2099,S35,Dose Low,Week 4,2026-03-19,Dose Taken
SUB-2099,S35,Dose Low,Week 8,2026-04-16,Dose Reduced
SUB-2099,S35,Dose Low,Week 12,2026-05-14,Dose Taken
SUB-2099,S35,Dose Low,Week 16,2026-06-11,Dose Taken
SUB-2099,S35,Dose Low,Week 24,2026-08-06,Dose Taken
SUB-2101,S35,Dose Low,Baseline,2025-05-19,Dose Taken
SUB-2101,S35,Dose Low,Week 2,2025-06-02,Dose Missed
SUB-2101,S35,Dose Low,Week 4,2025-06-16,Dose Taken
SUB-2101,S35,Dose Low,Week 8,2025-07-14,Dose Taken
SUB-2101,S35,Dose Low,Week 12,2025-08-11,Dose Taken
SUB-2101,S35,Dose Low,Week 16,2025-09-08,Dose Held (AE)
SUB-2101,S35,Dose Low,Week 24,2025-11-03,Dose Held (AE)
SUB-2101,S35,Dose Low,Week 36,2026-01-26,Dose Taken
SUB-2101,S35,Dose Low,Week 52 / EOT,2026-05-18,Dose Taken
SUB-2102,S35,Dose Low,Baseline,2025-07-02,Dose Taken
SUB-2102,S35,Dose Low,Week 2,2025-07-16,Dose Taken
SUB-2102,S35,Dose Low,Week 4,2025-07-30,Dose Taken
SUB-2102,S35,Dose Low,Week 8,2025-08-27,Dose Taken
SUB-2102,S35,Dose Low,Week 12,2025-09-24,Dose Taken
SUB-2102,S35,Dose Low,Week 16,2025-10-22,Dose Taken
SUB-2102,S35,Dose Low,Week 24,2025-12-17,Dose Taken
SUB-2102,S35,Dose Low,Week 36,2026-03-11,Dose Taken
SUB-2102,S35,Dose Low,Week 52 / EOT,2026-07-01,Dose Reduced
SUB-2106,S36,Dose Low,Baseline,2026-03-17,Dose Taken
SUB-2106,S36,Dose Low,Week 2,2026-03-31,Dose Taken
SUB-2106,S36,Dose Low,Week 4,2026-04-14,Dose Taken
SUB-2106,S36,Dose Low,Week 8,2026-05-12,Dose Taken
SUB-2106,S36,Dose Low,Week 12,2026-06-09,Dose Taken
SUB-2106,S36,Dose Low,Week 16,2026-07-07,Dose Taken
SUB-2106,S36,Dose Low,Week 24,2026-09-01,Dose Taken
SUB-2109,S36,Dose High,Baseline,2025-05-30,Dose Held (AE)
SUB-2109,S36,Dose High,Week 2,2025-06-13,Dose Taken
SUB-2109,S36,Dose High,Week 4,2025-06-27,Dose Taken
SUB-2109,S36,Dose High,Week 8,2025-07-25,Dose Taken
SUB-2109,S36,Dose High,Week 12,2025-08-22,Dose Taken
SUB-2109,S36,Dose High,Week 16,2025-09-19,Dose Taken
SUB-2109,S36,Dose High,Week 24,2025-11-14,Dose Taken
SUB-2109,S36,Dose High,Week 36,2026-02-06,Dose Taken
SUB-2109,S36,Dose High,Week 52 / EOT,2026-05-29,Dose Taken
SUB-2110,S36,Dose Low,Baseline,2026-01-09,Dose Taken
SUB-2110,S36,Dose Low,Week 2,2026-01-23,Dose Taken
SUB-2110,S36,Dose Low,Week 4,2026-02-06,Dose Taken
SUB-2110,S36,Dose Low,Week 8,2026-03-06,Dose Taken
SUB-2110,S36,Dose Low,Week 12,2026-04-03,Dose Taken
SUB-2110,S36,Dose Low,Week 16,2026-05-01,Dose Taken
SUB-2110,S36,Dose Low,Week 24,2026-06-26,Dose Taken
SUB-2110,S36,Dose Low,Week 36,2026-09-18,Dose Taken
SUB-2111,S36,Dose High,Baseline,2026-01-11,Dose Taken
SUB-2111,S36,Dose High,Week 2,2026-01-25,Dose Taken
SUB-2111,S36,Dose High,Week 4,2026-02-08,Dose Taken
SUB-2111,S36,Dose High,Week 8,2026-03-08,Dose Taken
SUB-2111,S36,Dose High,Week 12,2026-04-05,Dose Taken
SUB-2111,S36,Dose High,Week 16,2026-05-03,Dose Taken
SUB-2111,S36,Dose High,Week 24,2026-06-28,Dose Taken
SUB-2111,S36,Dose High,Week 36,2026-09-20,Dose Taken
SUB-2112,S36,Dose High,Baseline,2026-03-25,Dose Taken
SUB-2112,S36,Dose High,Week 2,2026-04-08,Dose Taken
SUB-2112,S36,Dose High,Week 4,2026-04-22,Dose Taken
SUB-2112,S36,Dose High,Week 8,2026-05-20,Dose Taken
SUB-2112,S36,Dose High,Week 12,2026-06-17,Dose Taken
SUB-2112,S36,Dose High,Week 16,2026-07-15,Dose Taken
SUB-2112,S36,Dose High,Week 24,2026-09-09,Dose Taken
SUB-2114,S36,Dose Low,Baseline,2026-06-11,Dose Taken
SUB-2114,S36,Dose Low,Week 2,2026-06-25,Dose Taken
SUB-2114,S36,Dose Low,Week 4,2026-07-09,Dose Taken
SUB-2114,S36,Dose Low,Week 8,2026-08-06,Dose Taken
SUB-2114,S36,Dose Low,Week 12,2026-09-03,Dose Taken
SUB-2120,S36,Dose Low,Baseline,2026-07-25,Dose Held (AE)
SUB-2120,S36,Dose Low,Week 2,2026-08-08,Dose Missed
SUB-2120,S36,Dose Low,Week 4,2026-08-22,Dose Taken
SUB-2120,S36,Dose Low,Week 8,2026-09-19,Dose Taken
SUB-2123,S36,Dose High,Baseline,2026-03-19,Dose Taken
SUB-2123,S36,Dose High,Week 2,2026-04-02,Dose Taken
SUB-2123,S36,Dose High,Week 4,2026-04-16,Dose Taken
SUB-2123,S36,Dose High,Week 8,2026-05-14,Dose Taken
SUB-2123,S36,Dose High,Week 12,2026-06-11,Dose Taken
SUB-2123,S36,Dose High,Week 16,2026-07-09,Dose Taken
SUB-2123,S36,Dose High,Week 24,2026-09-03,Dose Taken
SUB-2124,S36,Dose High,Baseline,2026-01-09,Dose Taken
SUB-2124,S36,Dose High,Week 2,2026-01-23,Dose Taken
SUB-2124,S36,Dose High,Week 4,2026-02-06,Dose Taken
SUB-2124,S36,Dose High,Week 8,2026-03-06,Dose Taken
SUB-2124,S36,Dose High,Week 12,2026-04-03,Dose Taken
SUB-2124,S36,Dose High,Week 16,2026-05-01,Dose Taken
SUB-2124,S36,Dose High,Week 24,2026-06-26,Dose Held (AE)
SUB-2124,S36,Dose High,Week 36,2026-09-18,Dose Taken
SUB-2126,S36,Dose Low,Baseline,2025-06-25,Dose Taken
SUB-2126,S36,Dose Low,Week 2,2025-07-09,Dose Taken
SUB-2126,S36,Dose Low,Week 4,2025-07-23,Dose Taken
SUB-2126,S36,Dose Low,Week 8,2025-08-20,Dose Taken
SUB-2126,S36,Dose Low,Week 12,2025-09-17,Dose Taken
SUB-2126,S36,Dose Low,Week 16,2025-10-15,Dose Taken
SUB-2126,S36,Dose Low,Week 24,2025-12-10,Dose Taken
SUB-2126,S36,Dose Low,Week 36,2026-03-04,Dose Taken
SUB-2126,S36,Dose Low,Week 52 / EOT,2026-06-24,Dose Taken
SUB-2129,S36,Dose High,Baseline,2025-05-25,Dose Taken
SUB-2129,S36,Dose High,Week 2,2025-06-08,Dose Taken
SUB-2129,S36,Dose High,Week 4,2025-06-22,Dose Taken
SUB-2129,S36,Dose High,Week 8,2025-07-20,Dose Taken
SUB-2129,S36,Dose High,Week 12,2025-08-17,Dose Taken
SUB-2129,S36,Dose High,Week 16,2025-09-14,Dose Taken
SUB-2129,S36,Dose High,Week 24,2025-11-09,Dose Taken
SUB-2129,S36,Dose High,Week 36,2026-02-01,Dose Taken
SUB-2129,S36,Dose High,Week 52 / EOT,2026-05-24,Dose Taken
SUB-2130,S36,Dose High,Baseline,2025-11-03,Dose Taken
SUB-2130,S36,Dose High,Week 2,2025-11-17,Dose Taken
SUB-2130,S36,Dose High,Week 4,2025-12-01,Dose Taken
SUB-2130,S36,Dose High,Week 8,2025-12-29,Dose Held (AE)
SUB-2130,S36,Dose High,Week 12,2026-01-26,Dose Taken
SUB-2130,S36,Dose High,Week 16,2026-02-23,Dose Taken
SUB-2130,S36,Dose High,Week 24,2026-04-20,Dose Taken
SUB-2130,S36,Dose High,Week 36,2026-07-13,Dose Taken
SUB-2131,S36,Dose High,Baseline,2026-06-08,Dose Taken
SUB-2131,S36,Dose High,Week 2,2026-06-22,Dose Taken
SUB-2131,S36,Dose High,Week 4,2026-07-06,Dose Taken
SUB-2131,S36,Dose High,Week 8,2026-08-03,Dose Taken
SUB-2131,S36,Dose High,Week 12,2026-08-31,Dose Taken
SUB-2131,S36,Dose High,Week 16,2026-09-28,Dose Taken
SUB-2133,S36,Dose High,Baseline,2025-10-03,Dose Held (AE)
SUB-2133,S36,Dose High,Week 2,2025-10-17,Dose Taken
SUB-2133,S36,Dose High,Week 4,2025-10-31,Dose Taken
SUB-2133,S36,Dose High,Week 8,2025-11-28,Dose Taken
SUB-2133,S36,Dose High,Week 12,2025-12-26,Dose Taken
SUB-2133,S36,Dose High,Week 16,2026-01-23,Dose Taken
SUB-2133,S36,Dose High,Week 24,2026-03-20,Dose Taken
SUB-2133,S36,Dose High,Week 36,2026-06-12,Dose Taken
SUB-2135,S36,Dose Low,Baseline,2025-11-03,Dose Held (AE)
SUB-2135,S36,Dose Low,Week 2,2025-11-17,Dose Taken
SUB-2135,S36,Dose Low,Week 4,2025-12-01,Dose Taken
SUB-2135,S36,Dose Low,Week 8,2025-12-29,Dose Taken
SUB-2135,S36,Dose Low,Week 12,2026-01-26,Dose Taken
SUB-2135,S36,Dose Low,Week 16,2026-02-23,Dose Taken
SUB-2135,S36,Dose Low,Week 24,2026-04-20,Dose Held (AE)
SUB-2135,S36,Dose Low,Week 36,2026-07-13,Dose Taken
SUB-2136,S36,Dose High,Baseline,2026-09-19,Dose Taken
SUB-2137,S36,Dose High,Baseline,2026-08-17,Dose Taken
SUB-2137,S36,Dose High,Week 2,2026-08-31,Dose Taken
SUB-2137,S36,Dose High,Week 4,2026-09-14,Dose Taken
SUB-2138,S36,Dose High,Baseline,2025-11-19,Dose Taken
SUB-2138,S36,Dose High,Week 2,2025-12-03,Dose Taken
SUB-2138,S36,Dose High,Week 4,2025-12-17,Dose Taken
SUB-2138,S36,Dose High,Week 8,2026-01-14,Dose Taken
SUB-2138,S36,Dose High,Week 12,2026-02-11,Dose Taken
SUB-2138,S36,Dose High,Week 16,2026-03-11,Dose Held (AE)
SUB-2138,S36,Dose High,Week 24,2026-05-06,Dose Taken
SUB-2138,S36,Dose High,Week 36,2026-07-29,Dose Taken
SUB-2142,S36,Dose High,Baseline,2025-04-30,Dose Taken
SUB-2142,S36,Dose High,Week 2,2025-05-14,Dose Taken
SUB-2142,S36,Dose High,Week 4,2025-05-28,Dose Taken
SUB-2142,S36,Dose High,Week 8,2025-06-25,Dose Taken
SUB-2142,S36,Dose High,Week 12,2025-07-23,Dose Taken
SUB-2142,S36,Dose High,Week 16,2025-08-20,Dose Taken
SUB-2142,S36,Dose High,Week 24,2025-10-15,Dose Taken
SUB-2142,S36,Dose High,Week 36,2026-01-07,Dose Taken
SUB-2142,S36,Dose High,Week 52 / EOT,2026-04-29,Dose Taken
SUB-2144,S36,Dose High,Baseline,2025-07-20,Dose Taken
SUB-2144,S36,Dose High,Week 2,2025-08-03,Dose Taken
SUB-2144,S36,Dose High,Week 4,2025-08-17,Dose Taken
SUB-2144,S36,Dose High,Week 8,2025-09-14,Dose Taken
SUB-2144,S36,Dose High,Week 12,2025-10-12,Dose Taken
SUB-2144,S36,Dose High,Week 16,2025-11-09,Dose Taken
SUB-2144,S36,Dose High,Week 24,2026-01-04,Dose Taken
SUB-2144,S36,Dose High,Week 36,2026-03-29,Dose Missed
SUB-2144,S36,Dose High,Week 52 / EOT,2026-07-19,Dose Taken
SUB-2146,S36,Dose High,Baseline,2025-07-07,Dose Taken
SUB-2146,S36,Dose High,Week 2,2025-07-21,Dose Taken
SUB-2146,S36,Dose High,Week 4,2025-08-04,Dose Taken
SUB-2146,S36,Dose High,Week 8,2025-09-01,Dose Taken
SUB-2146,S36,Dose High,Week 12,2025-09-29,Dose Taken
SUB-2146,S36,Dose High,Week 16,2025-10-27,Dose Reduced
SUB-2146,S36,Dose High,Week 24,2025-12-22,Dose Taken
SUB-2146,S36,Dose High,Week 36,2026-03-16,Dose Taken
SUB-2146,S36,Dose High,Week 52 / EOT,2026-07-06,Dose Taken
SUB-2148,S36,Dose High,Baseline,2025-04-25,Dose Taken
SUB-2148,S36,Dose High,Week 2,2025-05-09,Dose Taken
SUB-2148,S36,Dose High,Week 4,2025-05-23,Dose Held (AE)
SUB-2148,S36,Dose High,Week 8,2025-06-20,Dose Taken
SUB-2148,S36,Dose High,Week 12,2025-07-18,Dose Taken
SUB-2148,S36,Dose High,Week 16,2025-08-15,Dose Taken
SUB-2148,S36,Dose High,Week 24,2025-10-10,Dose Held (AE)
SUB-2148,S36,Dose High,Week 36,2026-01-02,Dose Taken
SUB-2148,S36,Dose High,Week 52 / EOT,2026-04-24,Dose Taken
SUB-2149,S36,Dose Low,Baseline,2025-11-07,Dose Taken
SUB-2149,S36,Dose Low,Week 2,2025-11-21,Dose Taken
SUB-2149,S36,Dose Low,Week 4,2025-12-05,Dose Taken
SUB-2149,S36,Dose Low,Week 8,2026-01-02,Dose Taken
SUB-2149,S36,Dose Low,Week 12,2026-01-30,Dose Taken
SUB-2149,S36,Dose Low,Week 16,2026-02-27,Dose Taken
SUB-2149,S36,Dose Low,Week 24,2026-04-24,Dose Taken
SUB-2149,S36,Dose Low,Week 36,2026-07-17,Dose Taken
SUB-2150,S36,Dose Low,Baseline,2026-07-06,Dose Taken
SUB-2150,S36,Dose Low,Week 2,2026-07-20,Dose Taken
SUB-2150,S36,Dose Low,Week 4,2026-08-03,Dose Taken
SUB-2150,S36,Dose Low,Week 8,2026-08-31,Dose Taken
SUB-2150,S36,Dose Low,Week 12,2026-09-28,Dose Taken
SUB-2153,S36,Dose Low,Baseline,2026-09-20,Dose Taken
SUB-2154,S36,Dose High,Baseline,2025-05-28,Dose Taken
SUB-2154,S36,Dose High,Week 2,2025-06-11,Dose Held (AE)
SUB-2154,S36,Dose High,Week 4,2025-06-25,Dose Taken
SUB-2154,S36,Dose High,Week 8,2025-07-23,Dose Taken
SUB-2154,S36,Dose High,Week 12,2025-08-20,Dose Taken
SUB-2154,S36,Dose High,Week 16,2025-09-17,Dose Taken
SUB-2154,S36,Dose High,Week 24,2025-11-12,Dose Taken
SUB-2154,S36,Dose High,Week 36,2026-02-04,Dose Taken
SUB-2154,S36,Dose High,Week 52 / EOT,2026-05-27,Dose Reduced
SUB-2156,S36,Dose Low,Baseline,2026-07-06,Dose Taken
SUB-2156,S36,Dose Low,Week 2,2026-07-20,Dose Taken
SUB-2156,S36,Dose Low,Week 4,2026-08-03,Dose Taken
SUB-2156,S36,Dose Low,Week 8,2026-08-31,Dose Taken
SUB-2156,S36,Dose Low,Week 12,2026-09-28,Dose Held (AE)
SUB-2157,S36,Dose Low,Baseline,2025-07-06,Dose Taken
SUB-2157,S36,Dose Low,Week 2,2025-07-20,Dose Taken
SUB-2157,S36,Dose Low,Week 4,2025-08-03,Dose Taken
SUB-2157,S36,Dose Low,Week 8,2025-08-31,Dose Taken
SUB-2157,S36,Dose Low,Week 12,2025-09-28,Dose Taken
SUB-2157,S36,Dose Low,Week 16,2025-10-26,Dose Taken
SUB-2157,S36,Dose Low,Week 24,2025-12-21,Dose Taken
SUB-2157,S36,Dose Low,Week 36,2026-03-15,Dose Taken
SUB-2157,S36,Dose Low,Week 52 / EOT,2026-07-05,Dose Taken
SUB-2158,S36,Dose Low,Baseline,2025-05-23,Dose Taken
SUB-2158,S36,Dose Low,Week 2,2025-06-06,Dose Taken
SUB-2158,S36,Dose Low,Week 4,2025-06-20,Dose Taken
SUB-2158,S36,Dose Low,Week 8,2025-07-18,Dose Taken
SUB-2158,S36,Dose Low,Week 12,2025-08-15,Dose Taken
SUB-2158,S36,Dose Low,Week 16,2025-09-12,Dose Taken
SUB-2158,S36,Dose Low,Week 24,2025-11-07,Dose Taken
SUB-2158,S36,Dose Low,Week 36,2026-01-30,Dose Taken
SUB-2158,S36,Dose Low,Week 52 / EOT,2026-05-22,Dose Taken
SUB-2161,S36,Dose Low,Baseline,2026-09-11,Dose Taken
SUB-2161,S36,Dose Low,Week 2,2026-09-25,Dose Taken
SUB-2162,S37,Dose High,Baseline,2026-05-25,Dose Taken
SUB-2162,S37,Dose High,Week 2,2026-06-08,Dose Taken
SUB-2162,S37,Dose High,Week 4,2026-06-22,Dose Taken
SUB-2162,S37,Dose High,Week 8,2026-07-20,Dose Taken
SUB-2162,S37,Dose High,Week 12,2026-08-17,Dose Reduced
SUB-2162,S37,Dose High,Week 16,2026-09-14,Dose Taken
SUB-2165,S37,Dose Low,Baseline,2025-03-08,Dose Taken
SUB-2165,S37,Dose Low,Week 2,2025-03-22,Dose Taken
SUB-2165,S37,Dose Low,Week 4,2025-04-05,Dose Taken
SUB-2165,S37,Dose Low,Week 8,2025-05-03,Dose Taken
SUB-2165,S37,Dose Low,Week 12,2025-05-31,Dose Held (AE)
SUB-2165,S37,Dose Low,Week 16,2025-06-28,Dose Held (AE)
SUB-2165,S37,Dose Low,Week 24,2025-08-23,Dose Taken
SUB-2165,S37,Dose Low,Week 36,2025-11-15,Dose Taken
SUB-2165,S37,Dose Low,Week 52 / EOT,2026-03-07,Dose Taken
SUB-2166,S37,Dose Low,Baseline,2025-12-22,Dose Taken
SUB-2166,S37,Dose Low,Week 2,2026-01-05,Dose Missed
SUB-2166,S37,Dose Low,Week 4,2026-01-19,Dose Taken
SUB-2166,S37,Dose Low,Week 8,2026-02-16,Dose Taken
SUB-2166,S37,Dose Low,Week 12,2026-03-16,Dose Held (AE)
SUB-2166,S37,Dose Low,Week 16,2026-04-13,Dose Taken
SUB-2166,S37,Dose Low,Week 24,2026-06-08,Dose Taken
SUB-2166,S37,Dose Low,Week 36,2026-08-31,Dose Taken
SUB-2169,S37,Dose Low,Baseline,2026-08-04,Dose Taken
SUB-2169,S37,Dose Low,Week 2,2026-08-18,Dose Reduced
SUB-2169,S37,Dose Low,Week 4,2026-09-01,Dose Taken
SUB-2169,S37,Dose Low,Week 8,2026-09-29,Dose Taken
SUB-2170,S37,Dose High,Baseline,2026-08-03,Dose Taken
SUB-2170,S37,Dose High,Week 2,2026-08-17,Dose Taken
SUB-2170,S37,Dose High,Week 4,2026-08-31,Dose Taken
SUB-2170,S37,Dose High,Week 8,2026-09-28,Dose Taken
SUB-2171,S37,Dose High,Baseline,2026-03-29,Dose Taken
SUB-2171,S37,Dose High,Week 2,2026-04-12,Dose Taken
SUB-2171,S37,Dose High,Week 4,2026-04-26,Dose Taken
SUB-2171,S37,Dose High,Week 8,2026-05-24,Dose Missed
SUB-2171,S37,Dose High,Week 12,2026-06-21,Dose Taken
SUB-2171,S37,Dose High,Week 16,2026-07-19,Dose Taken
SUB-2171,S37,Dose High,Week 24,2026-09-13,Dose Taken
SUB-2172,S37,Dose Low,Baseline,2025-06-09,Dose Taken
SUB-2172,S37,Dose Low,Week 2,2025-06-23,Dose Taken
SUB-2172,S37,Dose Low,Week 4,2025-07-07,Dose Taken
SUB-2172,S37,Dose Low,Week 8,2025-08-04,Dose Taken
SUB-2172,S37,Dose Low,Week 12,2025-09-01,Dose Taken
SUB-2172,S37,Dose Low,Week 16,2025-09-29,Dose Taken
SUB-2172,S37,Dose Low,Week 24,2025-11-24,Dose Taken
SUB-2172,S37,Dose Low,Week 36,2026-02-16,Dose Taken
SUB-2172,S37,Dose Low,Week 52 / EOT,2026-06-08,Dose Taken
SUB-2174,S37,Dose Low,Baseline,2025-04-13,Dose Taken
SUB-2174,S37,Dose Low,Week 2,2025-04-27,Dose Taken
SUB-2174,S37,Dose Low,Week 4,2025-05-11,Dose Taken
SUB-2174,S37,Dose Low,Week 8,2025-06-08,Dose Taken
SUB-2174,S37,Dose Low,Week 12,2025-07-06,Dose Taken
SUB-2174,S37,Dose Low,Week 16,2025-08-03,Dose Taken
SUB-2174,S37,Dose Low,Week 24,2025-09-28,Dose Taken
SUB-2174,S37,Dose Low,Week 36,2025-12-21,Dose Taken
SUB-2174,S37,Dose Low,Week 52 / EOT,2026-04-12,Dose Taken
SUB-2183,S37,Dose Low,Baseline,2025-05-01,Dose Taken
SUB-2183,S37,Dose Low,Week 2,2025-05-15,Dose Taken
SUB-2183,S37,Dose Low,Week 4,2025-05-29,Dose Taken
SUB-2183,S37,Dose Low,Week 8,2025-06-26,Dose Taken
SUB-2183,S37,Dose Low,Week 12,2025-07-24,Dose Taken
SUB-2183,S37,Dose Low,Week 16,2025-08-21,Dose Taken
SUB-2183,S37,Dose Low,Week 24,2025-10-16,Dose Taken
SUB-2183,S37,Dose Low,Week 36,2026-01-08,Dose Taken
SUB-2183,S37,Dose Low,Week 52 / EOT,2026-04-30,Dose Taken
SUB-2184,S37,Dose High,Baseline,2026-03-23,Dose Held (AE)
SUB-2184,S37,Dose High,Week 2,2026-04-06,Dose Taken
SUB-2184,S37,Dose High,Week 4,2026-04-20,Dose Taken
SUB-2184,S37,Dose High,Week 8,2026-05-18,Dose Taken
SUB-2184,S37,Dose High,Week 12,2026-06-15,Dose Taken
SUB-2184,S37,Dose High,Week 16,2026-07-13,Dose Taken
SUB-2184,S37,Dose High,Week 24,2026-09-07,Dose Taken
SUB-2185,S37,Dose Low,Baseline,2026-05-30,Dose Taken
SUB-2185,S37,Dose Low,Week 2,2026-06-13,Dose Taken
SUB-2185,S37,Dose Low,Week 4,2026-06-27,Dose Taken
SUB-2185,S37,Dose Low,Week 8,2026-07-25,Dose Taken
SUB-2185,S37,Dose Low,Week 12,2026-08-22,Dose Taken
SUB-2185,S37,Dose Low,Week 16,2026-09-19,Dose Taken
SUB-2189,S37,Dose Low,Baseline,2025-06-14,Dose Taken
SUB-2189,S37,Dose Low,Week 2,2025-06-28,Dose Taken
SUB-2189,S37,Dose Low,Week 4,2025-07-12,Dose Taken
SUB-2189,S37,Dose Low,Week 8,2025-08-09,Dose Taken
SUB-2189,S37,Dose Low,Week 12,2025-09-06,Dose Taken
SUB-2189,S37,Dose Low,Week 16,2025-10-04,Dose Taken
SUB-2189,S37,Dose Low,Week 24,2025-11-29,Dose Taken
SUB-2189,S37,Dose Low,Week 36,2026-02-21,Dose Taken
SUB-2189,S37,Dose Low,Week 52 / EOT,2026-06-13,Dose Taken
SUB-2190,S37,Dose Low,Baseline,2025-10-19,Dose Taken
SUB-2190,S37,Dose Low,Week 2,2025-11-02,Dose Reduced
SUB-2190,S37,Dose Low,Week 4,2025-11-16,Dose Taken
SUB-2190,S37,Dose Low,Week 8,2025-12-14,Dose Taken
SUB-2190,S37,Dose Low,Week 12,2026-01-11,Dose Taken
SUB-2190,S37,Dose Low,Week 16,2026-02-08,Dose Taken
SUB-2190,S37,Dose Low,Week 24,2026-04-05,Dose Taken
SUB-2190,S37,Dose Low,Week 36,2026-06-28,Dose Taken
SUB-2191,S37,Dose High,Baseline,2025-02-21,Dose Held (AE)
SUB-2191,S37,Dose High,Week 2,2025-03-07,Dose Taken
SUB-2191,S37,Dose High,Week 4,2025-03-21,Dose Taken
SUB-2191,S37,Dose High,Week 8,2025-04-18,Dose Taken
SUB-2191,S37,Dose High,Week 12,2025-05-16,Dose Taken
SUB-2191,S37,Dose High,Week 16,2025-06-13,Dose Taken
SUB-2191,S37,Dose High,Week 24,2025-08-08,Dose Taken
SUB-2191,S37,Dose High,Week 36,2025-10-31,Dose Taken
SUB-2191,S37,Dose High,Week 52 / EOT,2026-02-20,Dose Taken
SUB-2194,S37,Dose High,Baseline,2026-07-08,Dose Reduced
SUB-2194,S37,Dose High,Week 2,2026-07-22,Dose Taken
SUB-2194,S37,Dose High,Week 4,2026-08-05,Dose Taken
SUB-2194,S37,Dose High,Week 8,2026-09-02,Dose Taken
SUB-2194,S37,Dose High,Week 12,2026-09-30,Dose Reduced
SUB-2195,S37,Dose High,Baseline,2025-10-11,Dose Taken
SUB-2195,S37,Dose High,Week 2,2025-10-25,Dose Taken
SUB-2195,S37,Dose High,Week 4,2025-11-08,Dose Reduced
SUB-2195,S37,Dose High,Week 8,2025-12-06,Dose Taken
SUB-2195,S37,Dose High,Week 12,2026-01-03,Dose Taken
SUB-2195,S37,Dose High,Week 16,2026-01-31,Dose Taken
SUB-2195,S37,Dose High,Week 24,2026-03-28,Dose Taken
SUB-2195,S37,Dose High,Week 36,2026-06-20,Dose Taken
SUB-2196,S37,Dose High,Baseline,2026-04-20,Dose Taken
SUB-2196,S37,Dose High,Week 2,2026-05-04,Dose Reduced
SUB-2196,S37,Dose High,Week 4,2026-05-18,Dose Taken
SUB-2196,S37,Dose High,Week 8,2026-06-15,Dose Taken
SUB-2196,S37,Dose High,Week 12,2026-07-13,Dose Taken
SUB-2196,S37,Dose High,Week 16,2026-08-10,Dose Taken
SUB-2200,S37,Dose High,Baseline,2026-08-02,Dose Taken
SUB-2200,S37,Dose High,Week 2,2026-08-16,Dose Taken
SUB-2200,S37,Dose High,Week 4,2026-08-30,Dose Taken
SUB-2200,S37,Dose High,Week 8,2026-09-27,Dose Taken
SUB-2201,S37,Dose Low,Baseline,2025-07-15,Dose Taken
SUB-2201,S37,Dose Low,Week 2,2025-07-29,Dose Taken
SUB-2201,S37,Dose Low,Week 4,2025-08-12,Dose Missed
SUB-2201,S37,Dose Low,Week 8,2025-09-09,Dose Taken
SUB-2201,S37,Dose Low,Week 12,2025-10-07,Dose Taken
SUB-2201,S37,Dose Low,Week 16,2025-11-04,Dose Taken
SUB-2201,S37,Dose Low,Week 24,2025-12-30,Dose Taken
SUB-2201,S37,Dose Low,Week 36,2026-03-24,Dose Taken
SUB-2201,S37,Dose Low,Week 52 / EOT,2026-07-14,Dose Taken
SUB-2202,S37,Dose High,Baseline,2025-12-16,Dose Taken
SUB-2202,S37,Dose High,Week 2,2025-12-30,Dose Taken
SUB-2202,S37,Dose High,Week 4,2026-01-13,Dose Taken
SUB-2202,S37,Dose High,Week 8,2026-02-10,Dose Taken
SUB-2202,S37,Dose High,Week 12,2026-03-10,Dose Taken
SUB-2202,S37,Dose High,Week 16,2026-04-07,Dose Taken
SUB-2202,S37,Dose High,Week 24,2026-06-02,Dose Taken
SUB-2202,S37,Dose High,Week 36,2026-08-25,Dose Taken
SUB-2203,S37,Dose Low,Baseline,2026-05-16,Dose Taken
SUB-2203,S37,Dose Low,Week 2,2026-05-30,Dose Taken
SUB-2203,S37,Dose Low,Week 4,2026-06-13,Dose Taken
SUB-2203,S37,Dose Low,Week 8,2026-07-11,Dose Taken
SUB-2203,S37,Dose Low,Week 12,2026-08-08,Dose Reduced
SUB-2203,S37,Dose Low,Week 16,2026-09-05,Dose Taken
SUB-2206,S37,Dose High,Baseline,2025-08-20,Dose Held (AE)
SUB-2206,S37,Dose High,Week 2,2025-09-03,Dose Taken
SUB-2206,S37,Dose High,Week 4,2025-09-17,Dose Held (AE)
SUB-2206,S37,Dose High,Week 8,2025-10-15,Dose Taken
SUB-2206,S37,Dose High,Week 12,2025-11-12,Dose Taken
SUB-2206,S37,Dose High,Week 16,2025-12-10,Dose Taken
SUB-2206,S37,Dose High,Week 24,2026-02-04,Dose Taken
SUB-2206,S37,Dose High,Week 36,2026-04-29,Dose Taken
SUB-2206,S37,Dose High,Week 52 / EOT,2026-08-19,Dose Held (AE)
SUB-2207,S37,Dose Low,Baseline,2025-06-08,Dose Taken
SUB-2207,S37,Dose Low,Week 2,2025-06-22,Dose Taken
SUB-2207,S37,Dose Low,Week 4,2025-07-06,Dose Taken
SUB-2207,S37,Dose Low,Week 8,2025-08-03,Dose Taken
SUB-2207,S37,Dose Low,Week 12,2025-08-31,Dose Taken
SUB-2207,S37,Dose Low,Week 16,2025-09-28,Dose Taken
SUB-2207,S37,Dose Low,Week 24,2025-11-23,Dose Taken
SUB-2207,S37,Dose Low,Week 36,2026-02-15,Dose Taken
SUB-2207,S37,Dose Low,Week 52 / EOT,2026-06-07,Dose Reduced
SUB-2210,S37,Dose Low,Baseline,2026-02-17,Dose Reduced
SUB-2210,S37,Dose Low,Week 2,2026-03-03,Dose Taken
SUB-2210,S37,Dose Low,Week 4,2026-03-17,Dose Taken
SUB-2210,S37,Dose Low,Week 8,2026-04-14,Dose Taken
SUB-2210,S37,Dose Low,Week 12,2026-05-12,Dose Taken
SUB-2210,S37,Dose Low,Week 16,2026-06-09,Dose Taken
SUB-2210,S37,Dose Low,Week 24,2026-08-04,Dose Taken
SUB-2211,S37,Dose Low,Baseline,2025-10-30,Dose Taken
SUB-2211,S37,Dose Low,Week 2,2025-11-13,Dose Taken
SUB-2211,S37,Dose Low,Week 4,2025-11-27,Dose Taken
SUB-2211,S37,Dose Low,Week 8,2025-12-25,Dose Taken
SUB-2211,S37,Dose Low,Week 12,2026-01-22,Dose Taken
SUB-2211,S37,Dose Low,Week 16,2026-02-19,Dose Taken
SUB-2211,S37,Dose Low,Week 24,2026-04-16,Dose Taken
SUB-2211,S37,Dose Low,Week 36,2026-07-09,Dose Taken
SUB-2215,S37,Dose High,Baseline,2026-05-11,Dose Reduced
SUB-2215,S37,Dose High,Week 2,2026-05-25,Dose Taken
SUB-2215,S37,Dose High,Week 4,2026-06-08,Dose Taken
SUB-2215,S37,Dose High,Week 8,2026-07-06,Dose Taken
SUB-2215,S37,Dose High,Week 12,2026-08-03,Dose Taken
SUB-2215,S37,Dose High,Week 16,2026-08-31,Dose Taken
SUB-2216,S37,Dose Low,Baseline,2025-03-21,Dose Held (AE)
SUB-2216,S37,Dose Low,Week 2,2025-04-04,Dose Taken
SUB-2216,S37,Dose Low,Week 4,2025-04-18,Dose Reduced
SUB-2216,S37,Dose Low,Week 8,2025-05-16,Dose Taken
SUB-2216,S37,Dose Low,Week 12,2025-06-13,Dose Taken
SUB-2216,S37,Dose Low,Week 16,2025-07-11,Dose Taken
SUB-2216,S37,Dose Low,Week 24,2025-09-05,Dose Taken
SUB-2216,S37,Dose Low,Week 36,2025-11-28,Dose Taken
SUB-2216,S37,Dose Low,Week 52 / EOT,2026-03-20,Dose Taken
SUB-2218,S37,Dose Low,Baseline,2026-04-22,Dose Taken
SUB-2218,S37,Dose Low,Week 2,2026-05-06,Dose Taken
SUB-2218,S37,Dose Low,Week 4,2026-05-20,Dose Taken
SUB-2218,S37,Dose Low,Week 8,2026-06-17,Dose Taken
SUB-2218,S37,Dose Low,Week 12,2026-07-15,Dose Taken
SUB-2218,S37,Dose Low,Week 16,2026-08-12,Dose Taken
SUB-2220,S37,Dose High,Baseline,2025-07-03,Dose Held (AE)
SUB-2220,S37,Dose High,Week 2,2025-07-17,Dose Taken
SUB-2220,S37,Dose High,Week 4,2025-07-31,Dose Taken
SUB-2220,S37,Dose High,Week 8,2025-08-28,Dose Taken
SUB-2220,S37,Dose High,Week 12,2025-09-25,Dose Taken
SUB-2220,S37,Dose High,Week 16,2025-10-23,Dose Reduced
SUB-2220,S37,Dose High,Week 24,2025-12-18,Dose Taken
SUB-2220,S37,Dose High,Week 36,2026-03-12,Dose Taken
SUB-2220,S37,Dose High,Week 52 / EOT,2026-07-02,Dose Taken
SUB-2222,S38,Dose High,Baseline,2025-10-24,Dose Taken
SUB-2222,S38,Dose High,Week 2,2025-11-07,Dose Taken
SUB-2222,S38,Dose High,Week 4,2025-11-21,Dose Taken
SUB-2222,S38,Dose High,Week 8,2025-12-19,Dose Taken
SUB-2222,S38,Dose High,Week 12,2026-01-16,Dose Taken
SUB-2222,S38,Dose High,Week 16,2026-02-13,Dose Taken
SUB-2222,S38,Dose High,Week 24,2026-04-10,Dose Taken
SUB-2222,S38,Dose High,Week 36,2026-07-03,Dose Taken
SUB-2225,S38,Dose Low,Baseline,2025-07-13,Dose Taken
SUB-2225,S38,Dose Low,Week 2,2025-07-27,Dose Taken
SUB-2225,S38,Dose Low,Week 4,2025-08-10,Dose Taken
SUB-2225,S38,Dose Low,Week 8,2025-09-07,Dose Taken
SUB-2225,S38,Dose Low,Week 12,2025-10-05,Dose Taken
SUB-2225,S38,Dose Low,Week 16,2025-11-02,Dose Taken
SUB-2225,S38,Dose Low,Week 24,2025-12-28,Dose Taken
SUB-2225,S38,Dose Low,Week 36,2026-03-22,Dose Taken
SUB-2225,S38,Dose Low,Week 52 / EOT,2026-07-12,Dose Taken
SUB-2226,S38,Dose High,Baseline,2026-02-13,Dose Taken
SUB-2226,S38,Dose High,Week 2,2026-02-27,Dose Taken
SUB-2226,S38,Dose High,Week 4,2026-03-13,Dose Taken
SUB-2226,S38,Dose High,Week 8,2026-04-10,Dose Taken
SUB-2226,S38,Dose High,Week 12,2026-05-08,Dose Taken
SUB-2226,S38,Dose High,Week 16,2026-06-05,Dose Reduced
SUB-2226,S38,Dose High,Week 24,2026-07-31,Dose Taken
SUB-2227,S38,Dose Low,Baseline,2026-07-26,Dose Taken
SUB-2227,S38,Dose Low,Week 2,2026-08-09,Dose Taken
SUB-2227,S38,Dose Low,Week 4,2026-08-23,Dose Taken
SUB-2227,S38,Dose Low,Week 8,2026-09-20,Dose Taken
SUB-2228,S38,Dose High,Baseline,2026-06-30,Dose Taken
SUB-2228,S38,Dose High,Week 2,2026-07-14,Dose Taken
SUB-2228,S38,Dose High,Week 4,2026-07-28,Dose Taken
SUB-2228,S38,Dose High,Week 8,2026-08-25,Dose Taken
SUB-2228,S38,Dose High,Week 12,2026-09-22,Dose Taken
SUB-2231,S38,Dose High,Baseline,2025-11-08,Dose Taken
SUB-2231,S38,Dose High,Week 2,2025-11-22,Dose Taken
SUB-2231,S38,Dose High,Week 4,2025-12-06,Dose Taken
SUB-2231,S38,Dose High,Week 8,2026-01-03,Dose Taken
SUB-2231,S38,Dose High,Week 12,2026-01-31,Dose Taken
SUB-2231,S38,Dose High,Week 16,2026-02-28,Dose Taken
SUB-2231,S38,Dose High,Week 24,2026-04-25,Dose Taken
SUB-2231,S38,Dose High,Week 36,2026-07-18,Dose Taken
SUB-2232,S38,Dose High,Baseline,2026-05-13,Dose Taken
SUB-2232,S38,Dose High,Week 2,2026-05-27,Dose Taken
SUB-2232,S38,Dose High,Week 4,2026-06-10,Dose Taken
SUB-2232,S38,Dose High,Week 8,2026-07-08,Dose Taken
SUB-2232,S38,Dose High,Week 12,2026-08-05,Dose Held (AE)
SUB-2232,S38,Dose High,Week 16,2026-09-02,Dose Taken
SUB-2235,S38,Dose High,Baseline,2025-06-20,Dose Taken
SUB-2235,S38,Dose High,Week 2,2025-07-04,Dose Missed
SUB-2235,S38,Dose High,Week 4,2025-07-18,Dose Taken
SUB-2235,S38,Dose High,Week 8,2025-08-15,Dose Taken
SUB-2235,S38,Dose High,Week 12,2025-09-12,Dose Taken
SUB-2235,S38,Dose High,Week 16,2025-10-10,Dose Held (AE)
SUB-2235,S38,Dose High,Week 24,2025-12-05,Dose Taken
SUB-2235,S38,Dose High,Week 36,2026-02-27,Dose Taken
SUB-2235,S38,Dose High,Week 52 / EOT,2026-06-19,Dose Taken
SUB-2236,S38,Dose Low,Baseline,2025-09-23,Dose Taken
SUB-2236,S38,Dose Low,Week 2,2025-10-07,Dose Taken
SUB-2236,S38,Dose Low,Week 4,2025-10-21,Dose Taken
SUB-2236,S38,Dose Low,Week 8,2025-11-18,Dose Taken
SUB-2236,S38,Dose Low,Week 12,2025-12-16,Dose Taken
SUB-2236,S38,Dose Low,Week 16,2026-01-13,Dose Held (AE)
SUB-2236,S38,Dose Low,Week 24,2026-03-10,Dose Taken
SUB-2236,S38,Dose Low,Week 36,2026-06-02,Dose Taken
SUB-2236,S38,Dose Low,Week 52 / EOT,2026-09-22,Dose Taken
SUB-2237,S38,Dose High,Baseline,2026-05-22,Dose Taken
SUB-2237,S38,Dose High,Week 2,2026-06-05,Dose Taken
SUB-2237,S38,Dose High,Week 4,2026-06-19,Dose Taken
SUB-2237,S38,Dose High,Week 8,2026-07-17,Dose Taken
SUB-2237,S38,Dose High,Week 12,2026-08-14,Dose Taken
SUB-2237,S38,Dose High,Week 16,2026-09-11,Dose Taken
SUB-2242,S38,Dose Low,Baseline,2026-05-30,Dose Taken
SUB-2242,S38,Dose Low,Week 2,2026-06-13,Dose Taken
SUB-2242,S38,Dose Low,Week 4,2026-06-27,Dose Taken
SUB-2242,S38,Dose Low,Week 8,2026-07-25,Dose Taken
SUB-2242,S38,Dose Low,Week 12,2026-08-22,Dose Taken
SUB-2242,S38,Dose Low,Week 16,2026-09-19,Dose Taken
SUB-2243,S38,Dose High,Baseline,2025-02-09,Dose Taken
SUB-2243,S38,Dose High,Week 2,2025-02-23,Dose Taken
SUB-2243,S38,Dose High,Week 4,2025-03-09,Dose Taken
SUB-2243,S38,Dose High,Week 8,2025-04-06,Dose Taken
SUB-2243,S38,Dose High,Week 12,2025-05-04,Dose Taken
SUB-2243,S38,Dose High,Week 16,2025-06-01,Dose Taken
SUB-2243,S38,Dose High,Week 24,2025-07-27,Dose Taken
SUB-2243,S38,Dose High,Week 36,2025-10-19,Dose Taken
SUB-2243,S38,Dose High,Week 52 / EOT,2026-02-08,Dose Taken
SUB-2246,S38,Dose Low,Baseline,2025-10-31,Dose Taken
SUB-2246,S38,Dose Low,Week 2,2025-11-14,Dose Taken
SUB-2246,S38,Dose Low,Week 4,2025-11-28,Dose Taken
SUB-2246,S38,Dose Low,Week 8,2025-12-26,Dose Taken
SUB-2246,S38,Dose Low,Week 12,2026-01-23,Dose Taken
SUB-2246,S38,Dose Low,Week 16,2026-02-20,Dose Taken
SUB-2246,S38,Dose Low,Week 24,2026-04-17,Dose Taken
SUB-2246,S38,Dose Low,Week 36,2026-07-10,Dose Taken
SUB-2247,S38,Dose Low,Baseline,2026-04-22,Dose Held (AE)
SUB-2247,S38,Dose Low,Week 2,2026-05-06,Dose Taken
SUB-2247,S38,Dose Low,Week 4,2026-05-20,Dose Reduced
SUB-2247,S38,Dose Low,Week 8,2026-06-17,Dose Taken
SUB-2247,S38,Dose Low,Week 12,2026-07-15,Dose Taken
SUB-2247,S38,Dose Low,Week 16,2026-08-12,Dose Taken
SUB-2249,S38,Dose Low,Baseline,2025-10-19,Dose Taken
SUB-2249,S38,Dose Low,Week 2,2025-11-02,Dose Taken
SUB-2249,S38,Dose Low,Week 4,2025-11-16,Dose Taken
SUB-2249,S38,Dose Low,Week 8,2025-12-14,Dose Taken
SUB-2249,S38,Dose Low,Week 12,2026-01-11,Dose Taken
SUB-2249,S38,Dose Low,Week 16,2026-02-08,Dose Taken
SUB-2249,S38,Dose Low,Week 24,2026-04-05,Dose Taken
SUB-2249,S38,Dose Low,Week 36,2026-06-28,Dose Taken
SUB-2251,S38,Dose Low,Baseline,2025-03-01,Dose Taken
SUB-2251,S38,Dose Low,Week 2,2025-03-15,Dose Taken
SUB-2251,S38,Dose Low,Week 4,2025-03-29,Dose Taken
SUB-2251,S38,Dose Low,Week 8,2025-04-26,Dose Taken
SUB-2251,S38,Dose Low,Week 12,2025-05-24,Dose Taken
SUB-2251,S38,Dose Low,Week 16,2025-06-21,Dose Taken
SUB-2251,S38,Dose Low,Week 24,2025-08-16,Dose Taken
SUB-2251,S38,Dose Low,Week 36,2025-11-08,Dose Taken
SUB-2251,S38,Dose Low,Week 52 / EOT,2026-02-28,Dose Taken
SUB-2252,S38,Dose Low,Baseline,2026-03-22,Dose Taken
SUB-2252,S38,Dose Low,Week 2,2026-04-05,Dose Taken
SUB-2252,S38,Dose Low,Week 4,2026-04-19,Dose Taken
SUB-2252,S38,Dose Low,Week 8,2026-05-17,Dose Taken
SUB-2252,S38,Dose Low,Week 12,2026-06-14,Dose Taken
SUB-2252,S38,Dose Low,Week 16,2026-07-12,Dose Taken
SUB-2252,S38,Dose Low,Week 24,2026-09-06,Dose Taken
SUB-2253,S38,Dose Low,Baseline,2025-12-15,Dose Taken
SUB-2253,S38,Dose Low,Week 2,2025-12-29,Dose Taken
SUB-2253,S38,Dose Low,Week 4,2026-01-12,Dose Taken
SUB-2253,S38,Dose Low,Week 8,2026-02-09,Dose Taken
SUB-2253,S38,Dose Low,Week 12,2026-03-09,Dose Taken
SUB-2253,S38,Dose Low,Week 16,2026-04-06,Dose Taken
SUB-2253,S38,Dose Low,Week 24,2026-06-01,Dose Taken
SUB-2253,S38,Dose Low,Week 36,2026-08-24,Dose Taken
SUB-2255,S38,Dose Low,Baseline,2025-04-27,Dose Taken
SUB-2255,S38,Dose Low,Week 2,2025-05-11,Dose Taken
SUB-2255,S38,Dose Low,Week 4,2025-05-25,Dose Taken
SUB-2255,S38,Dose Low,Week 8,2025-06-22,Dose Taken
SUB-2255,S38,Dose Low,Week 12,2025-07-20,Dose Taken
SUB-2255,S38,Dose Low,Week 16,2025-08-17,Dose Taken
SUB-2255,S38,Dose Low,Week 24,2025-10-12,Dose Taken
SUB-2255,S38,Dose Low,Week 36,2026-01-04,Dose Taken
SUB-2255,S38,Dose Low,Week 52 / EOT,2026-04-26,Dose Taken
SUB-2257,S38,Dose Low,Baseline,2025-09-22,Dose Held (AE)
SUB-2257,S38,Dose Low,Week 2,2025-10-06,Dose Taken
SUB-2257,S38,Dose Low,Week 4,2025-10-20,Dose Taken
SUB-2257,S38,Dose Low,Week 8,2025-11-17,Dose Taken
SUB-2257,S38,Dose Low,Week 12,2025-12-15,Dose Taken
SUB-2257,S38,Dose Low,Week 16,2026-01-12,Dose Taken
SUB-2257,S38,Dose Low,Week 24,2026-03-09,Dose Taken
SUB-2257,S38,Dose Low,Week 36,2026-06-01,Dose Taken
SUB-2257,S38,Dose Low,Week 52 / EOT,2026-09-21,Dose Taken
SUB-2259,S38,Dose Low,Baseline,2025-05-12,Dose Taken
SUB-2259,S38,Dose Low,Week 2,2025-05-26,Dose Taken
SUB-2259,S38,Dose Low,Week 4,2025-06-09,Dose Held (AE)
SUB-2259,S38,Dose Low,Week 8,2025-07-07,Dose Taken
SUB-2259,S38,Dose Low,Week 12,2025-08-04,Dose Taken
SUB-2259,S38,Dose Low,Week 16,2025-09-01,Dose Taken
SUB-2259,S38,Dose Low,Week 24,2025-10-27,Dose Taken
SUB-2259,S38,Dose Low,Week 36,2026-01-19,Dose Taken
SUB-2259,S38,Dose Low,Week 52 / EOT,2026-05-11,Dose Taken
SUB-2260,S38,Dose High,Baseline,2025-08-26,Dose Taken
SUB-2260,S38,Dose High,Week 2,2025-09-09,Dose Taken
SUB-2260,S38,Dose High,Week 4,2025-09-23,Dose Taken
SUB-2260,S38,Dose High,Week 8,2025-10-21,Dose Taken
SUB-2260,S38,Dose High,Week 12,2025-11-18,Dose Taken
SUB-2260,S38,Dose High,Week 16,2025-12-16,Dose Taken
SUB-2260,S38,Dose High,Week 24,2026-02-10,Dose Reduced
SUB-2260,S38,Dose High,Week 36,2026-05-05,Dose Taken
SUB-2260,S38,Dose High,Week 52 / EOT,2026-08-25,Dose Taken
SUB-2261,S38,Dose High,Baseline,2026-05-23,Dose Taken
SUB-2261,S38,Dose High,Week 2,2026-06-06,Dose Taken
SUB-2261,S38,Dose High,Week 4,2026-06-20,Dose Taken
SUB-2261,S38,Dose High,Week 8,2026-07-18,Dose Held (AE)
SUB-2261,S38,Dose High,Week 12,2026-08-15,Dose Taken
SUB-2261,S38,Dose High,Week 16,2026-09-12,Dose Taken
SUB-2263,S38,Dose High,Baseline,2026-02-13,Dose Taken
SUB-2263,S38,Dose High,Week 2,2026-02-27,Dose Taken
SUB-2263,S38,Dose High,Week 4,2026-03-13,Dose Held (AE)
SUB-2263,S38,Dose High,Week 8,2026-04-10,Dose Taken
SUB-2263,S38,Dose High,Week 12,2026-05-08,Dose Taken
SUB-2263,S38,Dose High,Week 16,2026-06-05,Dose Taken
SUB-2263,S38,Dose High,Week 24,2026-07-31,Dose Taken
SUB-2265,S38,Dose Low,Baseline,2025-12-15,Dose Taken
SUB-2265,S38,Dose Low,Week 2,2025-12-29,Dose Taken
SUB-2265,S38,Dose Low,Week 4,2026-01-12,Dose Taken
SUB-2265,S38,Dose Low,Week 8,2026-02-09,Dose Reduced
SUB-2265,S38,Dose Low,Week 12,2026-03-09,Dose Taken
SUB-2265,S38,Dose Low,Week 16,2026-04-06,Dose Taken
SUB-2265,S38,Dose Low,Week 24,2026-06-01,Dose Taken
SUB-2265,S38,Dose Low,Week 36,2026-08-24,Dose Taken
SUB-2266,S38,Dose Low,Baseline,2025-09-22,Dose Taken
SUB-2266,S38,Dose Low,Week 2,2025-10-06,Dose Taken
SUB-2266,S38,Dose Low,Week 4,2025-10-20,Dose Taken
SUB-2266,S38,Dose Low,Week 8,2025-11-17,Dose Taken
SUB-2266,S38,Dose Low,Week 12,2025-12-15,Dose Taken
SUB-2266,S38,Dose Low,Week 16,2026-01-12,Dose Taken
SUB-2266,S38,Dose Low,Week 24,2026-03-09,Dose Taken
SUB-2266,S38,Dose Low,Week 36,2026-06-01,Dose Taken
SUB-2266,S38,Dose Low,Week 52 / EOT,2026-09-21,Dose Taken
SUB-2270,S38,Dose High,Baseline,2026-07-26,Dose Taken
SUB-2270,S38,Dose High,Week 2,2026-08-09,Dose Taken
SUB-2270,S38,Dose High,Week 4,2026-08-23,Dose Taken
SUB-2270,S38,Dose High,Week 8,2026-09-20,Dose Taken
SUB-2272,S38,Dose High,Baseline,2025-05-07,Dose Taken
SUB-2272,S38,Dose High,Week 2,2025-05-21,Dose Taken
SUB-2272,S38,Dose High,Week 4,2025-06-04,Dose Taken
SUB-2272,S38,Dose High,Week 8,2025-07-02,Dose Taken
SUB-2272,S38,Dose High,Week 12,2025-07-30,Dose Taken
SUB-2272,S38,Dose High,Week 16,2025-08-27,Dose Taken
SUB-2272,S38,Dose High,Week 24,2025-10-22,Dose Taken
SUB-2272,S38,Dose High,Week 36,2026-01-14,Dose Taken
SUB-2272,S38,Dose High,Week 52 / EOT,2026-05-06,Dose Taken
SUB-2274,S39,Dose Low,Baseline,2026-08-19,Dose Taken
SUB-2274,S39,Dose Low,Week 2,2026-09-02,Dose Taken
SUB-2274,S39,Dose Low,Week 4,2026-09-16,Dose Taken
SUB-2278,S39,Dose Low,Baseline,2025-06-27,Dose Taken
SUB-2278,S39,Dose Low,Week 2,2025-07-11,Dose Taken
SUB-2278,S39,Dose Low,Week 4,2025-07-25,Dose Taken
SUB-2278,S39,Dose Low,Week 8,2025-08-22,Dose Taken
SUB-2278,S39,Dose Low,Week 12,2025-09-19,Dose Taken
SUB-2278,S39,Dose Low,Week 16,2025-10-17,Dose Taken
SUB-2278,S39,Dose Low,Week 24,2025-12-12,Dose Taken
SUB-2278,S39,Dose Low,Week 36,2026-03-06,Dose Taken
SUB-2278,S39,Dose Low,Week 52 / EOT,2026-06-26,Dose Taken
SUB-2279,S39,Dose Low,Baseline,2026-02-05,Dose Taken
SUB-2279,S39,Dose Low,Week 2,2026-02-19,Dose Taken
SUB-2279,S39,Dose Low,Week 4,2026-03-05,Dose Taken
SUB-2279,S39,Dose Low,Week 8,2026-04-02,Dose Taken
SUB-2279,S39,Dose Low,Week 12,2026-04-30,Dose Taken
SUB-2279,S39,Dose Low,Week 16,2026-05-28,Dose Missed
SUB-2279,S39,Dose Low,Week 24,2026-07-23,Dose Taken
SUB-2282,S39,Dose Low,Baseline,2025-07-14,Dose Taken
SUB-2282,S39,Dose Low,Week 2,2025-07-28,Dose Taken
SUB-2282,S39,Dose Low,Week 4,2025-08-11,Dose Taken
SUB-2282,S39,Dose Low,Week 8,2025-09-08,Dose Taken
SUB-2282,S39,Dose Low,Week 12,2025-10-06,Dose Taken
SUB-2282,S39,Dose Low,Week 16,2025-11-03,Dose Taken
SUB-2282,S39,Dose Low,Week 24,2025-12-29,Dose Taken
SUB-2282,S39,Dose Low,Week 36,2026-03-23,Dose Taken
SUB-2282,S39,Dose Low,Week 52 / EOT,2026-07-13,Dose Taken
SUB-2285,S39,Dose Low,Baseline,2025-10-27,Dose Taken
SUB-2285,S39,Dose Low,Week 2,2025-11-10,Dose Taken
SUB-2285,S39,Dose Low,Week 4,2025-11-24,Dose Taken
SUB-2285,S39,Dose Low,Week 8,2025-12-22,Dose Reduced
SUB-2285,S39,Dose Low,Week 12,2026-01-19,Dose Taken
SUB-2285,S39,Dose Low,Week 16,2026-02-16,Dose Taken
SUB-2285,S39,Dose Low,Week 24,2026-04-13,Dose Taken
SUB-2285,S39,Dose Low,Week 36,2026-07-06,Dose Taken
SUB-2289,S39,Dose High,Baseline,2026-03-02,Dose Taken
SUB-2289,S39,Dose High,Week 2,2026-03-16,Dose Taken
SUB-2289,S39,Dose High,Week 4,2026-03-30,Dose Taken
SUB-2289,S39,Dose High,Week 8,2026-04-27,Dose Taken
SUB-2289,S39,Dose High,Week 12,2026-05-25,Dose Taken
SUB-2289,S39,Dose High,Week 16,2026-06-22,Dose Taken
SUB-2289,S39,Dose High,Week 24,2026-08-17,Dose Taken
SUB-2290,S39,Dose Low,Baseline,2025-10-30,Dose Reduced
SUB-2290,S39,Dose Low,Week 2,2025-11-13,Dose Taken
SUB-2290,S39,Dose Low,Week 4,2025-11-27,Dose Taken
SUB-2290,S39,Dose Low,Week 8,2025-12-25,Dose Taken
SUB-2290,S39,Dose Low,Week 12,2026-01-22,Dose Taken
SUB-2290,S39,Dose Low,Week 16,2026-02-19,Dose Taken
SUB-2290,S39,Dose Low,Week 24,2026-04-16,Dose Taken
SUB-2290,S39,Dose Low,Week 36,2026-07-09,Dose Taken
SUB-2291,S39,Dose Low,Baseline,2026-02-10,Dose Taken
SUB-2291,S39,Dose Low,Week 2,2026-02-24,Dose Taken
SUB-2291,S39,Dose Low,Week 4,2026-03-10,Dose Taken
SUB-2291,S39,Dose Low,Week 8,2026-04-07,Dose Taken
SUB-2291,S39,Dose Low,Week 12,2026-05-05,Dose Taken
SUB-2291,S39,Dose Low,Week 16,2026-06-02,Dose Taken
SUB-2291,S39,Dose Low,Week 24,2026-07-28,Dose Taken
SUB-2292,S39,Dose High,Baseline,2025-10-13,Dose Taken
SUB-2292,S39,Dose High,Week 2,2025-10-27,Dose Taken
SUB-2292,S39,Dose High,Week 4,2025-11-10,Dose Taken
SUB-2292,S39,Dose High,Week 8,2025-12-08,Dose Taken
SUB-2292,S39,Dose High,Week 12,2026-01-05,Dose Taken
SUB-2292,S39,Dose High,Week 16,2026-02-02,Dose Reduced
SUB-2292,S39,Dose High,Week 24,2026-03-30,Dose Taken
SUB-2292,S39,Dose High,Week 36,2026-06-22,Dose Reduced
SUB-2293,S39,Dose Low,Baseline,2026-05-05,Dose Taken
SUB-2293,S39,Dose Low,Week 2,2026-05-19,Dose Taken
SUB-2293,S39,Dose Low,Week 4,2026-06-02,Dose Reduced
SUB-2293,S39,Dose Low,Week 8,2026-06-30,Dose Taken
SUB-2293,S39,Dose Low,Week 12,2026-07-28,Dose Taken
SUB-2293,S39,Dose Low,Week 16,2026-08-25,Dose Taken
SUB-2296,S39,Dose Low,Baseline,2026-05-24,Dose Taken
SUB-2296,S39,Dose Low,Week 2,2026-06-07,Dose Taken
SUB-2296,S39,Dose Low,Week 4,2026-06-21,Dose Taken
SUB-2296,S39,Dose Low,Week 8,2026-07-19,Dose Taken
SUB-2296,S39,Dose Low,Week 12,2026-08-16,Dose Held (AE)
SUB-2296,S39,Dose Low,Week 16,2026-09-13,Dose Taken
SUB-2297,S39,Dose High,Baseline,2026-09-21,Dose Held (AE)
SUB-2301,S39,Dose Low,Baseline,2026-02-23,Dose Taken
SUB-2301,S39,Dose Low,Week 2,2026-03-09,Dose Taken
SUB-2301,S39,Dose Low,Week 4,2026-03-23,Dose Taken
SUB-2301,S39,Dose Low,Week 8,2026-04-20,Dose Taken
SUB-2301,S39,Dose Low,Week 12,2026-05-18,Dose Taken
SUB-2301,S39,Dose Low,Week 16,2026-06-15,Dose Taken
SUB-2301,S39,Dose Low,Week 24,2026-08-10,Dose Taken
SUB-2302,S39,Dose Low,Baseline,2026-02-03,Dose Taken
SUB-2302,S39,Dose Low,Week 2,2026-02-17,Dose Taken
SUB-2302,S39,Dose Low,Week 4,2026-03-03,Dose Taken
SUB-2302,S39,Dose Low,Week 8,2026-03-31,Dose Held (AE)
SUB-2302,S39,Dose Low,Week 12,2026-04-28,Dose Taken
SUB-2302,S39,Dose Low,Week 16,2026-05-26,Dose Taken
SUB-2302,S39,Dose Low,Week 24,2026-07-21,Dose Taken
SUB-2304,S39,Dose High,Baseline,2026-04-07,Dose Taken
SUB-2304,S39,Dose High,Week 2,2026-04-21,Dose Taken
SUB-2304,S39,Dose High,Week 4,2026-05-05,Dose Taken
SUB-2304,S39,Dose High,Week 8,2026-06-02,Dose Taken
SUB-2304,S39,Dose High,Week 12,2026-06-30,Dose Taken
SUB-2304,S39,Dose High,Week 16,2026-07-28,Dose Taken
SUB-2304,S39,Dose High,Week 24,2026-09-22,Dose Taken
SUB-2305,S39,Dose High,Baseline,2026-06-25,Dose Taken
SUB-2305,S39,Dose High,Week 2,2026-07-09,Dose Held (AE)
SUB-2305,S39,Dose High,Week 4,2026-07-23,Dose Taken
SUB-2305,S39,Dose High,Week 8,2026-08-20,Dose Taken
SUB-2305,S39,Dose High,Week 12,2026-09-17,Dose Taken
SUB-2313,S39,Dose Low,Baseline,2026-05-07,Dose Taken
SUB-2313,S39,Dose Low,Week 2,2026-05-21,Dose Taken
SUB-2313,S39,Dose Low,Week 4,2026-06-04,Dose Taken
SUB-2313,S39,Dose Low,Week 8,2026-07-02,Dose Taken
SUB-2313,S39,Dose Low,Week 12,2026-07-30,Dose Taken
SUB-2313,S39,Dose Low,Week 16,2026-08-27,Dose Taken
SUB-2316,S39,Dose High,Baseline,2025-08-23,Dose Taken
SUB-2316,S39,Dose High,Week 2,2025-09-06,Dose Taken
SUB-2316,S39,Dose High,Week 4,2025-09-20,Dose Taken
SUB-2316,S39,Dose High,Week 8,2025-10-18,Dose Held (AE)
SUB-2316,S39,Dose High,Week 12,2025-11-15,Dose Taken
SUB-2316,S39,Dose High,Week 16,2025-12-13,Dose Taken
SUB-2316,S39,Dose High,Week 24,2026-02-07,Dose Taken
SUB-2316,S39,Dose High,Week 36,2026-05-02,Dose Taken
SUB-2316,S39,Dose High,Week 52 / EOT,2026-08-22,Dose Taken
SUB-2319,S39,Dose Low,Baseline,2025-07-05,Dose Held (AE)
SUB-2319,S39,Dose Low,Week 2,2025-07-19,Dose Taken
SUB-2319,S39,Dose Low,Week 4,2025-08-02,Dose Taken
SUB-2319,S39,Dose Low,Week 8,2025-08-30,Dose Taken
SUB-2319,S39,Dose Low,Week 12,2025-09-27,Dose Taken
SUB-2319,S39,Dose Low,Week 16,2025-10-25,Dose Taken
SUB-2319,S39,Dose Low,Week 24,2025-12-20,Dose Held (AE)
SUB-2319,S39,Dose Low,Week 36,2026-03-14,Dose Taken
SUB-2319,S39,Dose Low,Week 52 / EOT,2026-07-04,Dose Taken
SUB-2320,S39,Dose Low,Baseline,2025-11-22,Dose Taken
SUB-2320,S39,Dose Low,Week 2,2025-12-06,Dose Taken
SUB-2320,S39,Dose Low,Week 4,2025-12-20,Dose Reduced
SUB-2320,S39,Dose Low,Week 8,2026-01-17,Dose Taken
SUB-2320,S39,Dose Low,Week 12,2026-02-14,Dose Reduced
SUB-2320,S39,Dose Low,Week 16,2026-03-14,Dose Taken
SUB-2320,S39,Dose Low,Week 24,2026-05-09,Dose Taken
SUB-2320,S39,Dose Low,Week 36,2026-08-01,Dose Taken
SUB-2321,S39,Dose High,Baseline,2025-07-07,Dose Taken
SUB-2321,S39,Dose High,Week 2,2025-07-21,Dose Taken
SUB-2321,S39,Dose High,Week 4,2025-08-04,Dose Taken
SUB-2321,S39,Dose High,Week 8,2025-09-01,Dose Taken
SUB-2321,S39,Dose High,Week 12,2025-09-29,Dose Taken
SUB-2321,S39,Dose High,Week 16,2025-10-27,Dose Taken
SUB-2321,S39,Dose High,Week 24,2025-12-22,Dose Taken
SUB-2321,S39,Dose High,Week 36,2026-03-16,Dose Reduced
SUB-2321,S39,Dose High,Week 52 / EOT,2026-07-06,Dose Taken
SUB-2322,S39,Dose High,Baseline,2025-07-02,Dose Reduced
SUB-2322,S39,Dose High,Week 2,2025-07-16,Dose Taken
SUB-2322,S39,Dose High,Week 4,2025-07-30,Dose Taken
SUB-2322,S39,Dose High,Week 8,2025-08-27,Dose Taken
SUB-2322,S39,Dose High,Week 12,2025-09-24,Dose Held (AE)
SUB-2322,S39,Dose High,Week 16,2025-10-22,Dose Taken
SUB-2322,S39,Dose High,Week 24,2025-12-17,Dose Taken
SUB-2322,S39,Dose High,Week 36,2026-03-11,Dose Taken
SUB-2322,S39,Dose High,Week 52 / EOT,2026-07-01,Dose Taken
SUB-2323,S39,Dose Low,Baseline,2025-08-28,Dose Taken
SUB-2323,S39,Dose Low,Week 2,2025-09-11,Dose Taken
SUB-2323,S39,Dose Low,Week 4,2025-09-25,Dose Taken
SUB-2323,S39,Dose Low,Week 8,2025-10-23,Dose Taken
SUB-2323,S39,Dose Low,Week 12,2025-11-20,Dose Taken
SUB-2323,S39,Dose Low,Week 16,2025-12-18,Dose Taken
SUB-2323,S39,Dose Low,Week 24,2026-02-12,Dose Reduced
SUB-2323,S39,Dose Low,Week 36,2026-05-07,Dose Taken
SUB-2323,S39,Dose Low,Week 52 / EOT,2026-08-27,Dose Taken
SUB-2330,S40,Dose High,Baseline,2025-08-22,Dose Taken
SUB-2330,S40,Dose High,Week 2,2025-09-05,Dose Taken
SUB-2330,S40,Dose High,Week 4,2025-09-19,Dose Taken
SUB-2330,S40,Dose High,Week 8,2025-10-17,Dose Taken
SUB-2330,S40,Dose High,Week 12,2025-11-14,Dose Taken
SUB-2330,S40,Dose High,Week 16,2025-12-12,Dose Taken
SUB-2330,S40,Dose High,Week 24,2026-02-06,Dose Taken
SUB-2330,S40,Dose High,Week 36,2026-05-01,Dose Held (AE)
SUB-2330,S40,Dose High,Week 52 / EOT,2026-08-21,Dose Taken
SUB-2332,S40,Dose High,Baseline,2025-08-09,Dose Taken
SUB-2332,S40,Dose High,Week 2,2025-08-23,Dose Taken
SUB-2332,S40,Dose High,Week 4,2025-09-06,Dose Taken
SUB-2332,S40,Dose High,Week 8,2025-10-04,Dose Taken
SUB-2332,S40,Dose High,Week 12,2025-11-01,Dose Taken
SUB-2332,S40,Dose High,Week 16,2025-11-29,Dose Reduced
SUB-2332,S40,Dose High,Week 24,2026-01-24,Dose Taken
SUB-2332,S40,Dose High,Week 36,2026-04-18,Dose Taken
SUB-2332,S40,Dose High,Week 52 / EOT,2026-08-08,Dose Taken
SUB-2334,S40,Dose Low,Baseline,2026-09-24,Dose Missed
SUB-2335,S40,Dose Low,Baseline,2026-09-29,Dose Taken
SUB-2338,S40,Dose High,Baseline,2026-06-17,Dose Taken
SUB-2338,S40,Dose High,Week 2,2026-07-01,Dose Taken
SUB-2338,S40,Dose High,Week 4,2026-07-15,Dose Taken
SUB-2338,S40,Dose High,Week 8,2026-08-12,Dose Taken
SUB-2338,S40,Dose High,Week 12,2026-09-09,Dose Taken
SUB-2339,S40,Dose High,Baseline,2026-07-03,Dose Taken
SUB-2339,S40,Dose High,Week 2,2026-07-17,Dose Taken
SUB-2339,S40,Dose High,Week 4,2026-07-31,Dose Taken
SUB-2339,S40,Dose High,Week 8,2026-08-28,Dose Taken
SUB-2339,S40,Dose High,Week 12,2026-09-25,Dose Taken
SUB-2340,S40,Dose High,Baseline,2026-09-01,Dose Taken
SUB-2340,S40,Dose High,Week 2,2026-09-15,Dose Taken
SUB-2340,S40,Dose High,Week 4,2026-09-29,Dose Taken
SUB-2341,S40,Dose Low,Baseline,2025-10-12,Dose Taken
SUB-2341,S40,Dose Low,Week 2,2025-10-26,Dose Taken
SUB-2341,S40,Dose Low,Week 4,2025-11-09,Dose Taken
SUB-2341,S40,Dose Low,Week 8,2025-12-07,Dose Taken
SUB-2341,S40,Dose Low,Week 12,2026-01-04,Dose Taken
SUB-2341,S40,Dose Low,Week 16,2026-02-01,Dose Taken
SUB-2341,S40,Dose Low,Week 24,2026-03-29,Dose Taken
SUB-2341,S40,Dose Low,Week 36,2026-06-21,Dose Taken
SUB-2342,S40,Dose Low,Baseline,2026-03-08,Dose Taken
SUB-2342,S40,Dose Low,Week 2,2026-03-22,Dose Taken
SUB-2342,S40,Dose Low,Week 4,2026-04-05,Dose Reduced
SUB-2342,S40,Dose Low,Week 8,2026-05-03,Dose Held (AE)
SUB-2342,S40,Dose Low,Week 12,2026-05-31,Dose Taken
SUB-2342,S40,Dose Low,Week 16,2026-06-28,Dose Taken
SUB-2342,S40,Dose Low,Week 24,2026-08-23,Dose Taken
SUB-2345,S40,Dose High,Baseline,2025-12-01,Dose Taken
SUB-2345,S40,Dose High,Week 2,2025-12-15,Dose Taken
SUB-2345,S40,Dose High,Week 4,2025-12-29,Dose Missed
SUB-2345,S40,Dose High,Week 8,2026-01-26,Dose Taken
SUB-2345,S40,Dose High,Week 12,2026-02-23,Dose Missed
SUB-2345,S40,Dose High,Week 16,2026-03-23,Dose Taken
SUB-2345,S40,Dose High,Week 24,2026-05-18,Dose Held (AE)
SUB-2345,S40,Dose High,Week 36,2026-08-10,Dose Taken
SUB-2346,S40,Dose Low,Baseline,2026-01-21,Dose Taken
SUB-2346,S40,Dose Low,Week 2,2026-02-04,Dose Taken
SUB-2346,S40,Dose Low,Week 4,2026-02-18,Dose Taken
SUB-2346,S40,Dose Low,Week 8,2026-03-18,Dose Taken
SUB-2346,S40,Dose Low,Week 12,2026-04-15,Dose Taken
SUB-2346,S40,Dose Low,Week 16,2026-05-13,Dose Taken
SUB-2346,S40,Dose Low,Week 24,2026-07-08,Dose Taken
SUB-2346,S40,Dose Low,Week 36,2026-09-30,Dose Taken
SUB-2348,S40,Dose High,Baseline,2025-12-21,Dose Taken
SUB-2348,S40,Dose High,Week 2,2026-01-04,Dose Taken
SUB-2348,S40,Dose High,Week 4,2026-01-18,Dose Taken
SUB-2348,S40,Dose High,Week 8,2026-02-15,Dose Taken
SUB-2348,S40,Dose High,Week 12,2026-03-15,Dose Taken
SUB-2348,S40,Dose High,Week 16,2026-04-12,Dose Taken
SUB-2348,S40,Dose High,Week 24,2026-06-07,Dose Held (AE)
SUB-2348,S40,Dose High,Week 36,2026-08-30,Dose Taken
SUB-2350,S40,Dose Low,Baseline,2026-04-08,Dose Taken
SUB-2350,S40,Dose Low,Week 2,2026-04-22,Dose Taken
SUB-2350,S40,Dose Low,Week 4,2026-05-06,Dose Taken
SUB-2350,S40,Dose Low,Week 8,2026-06-03,Dose Taken
SUB-2350,S40,Dose Low,Week 12,2026-07-01,Dose Taken
SUB-2350,S40,Dose Low,Week 16,2026-07-29,Dose Taken
SUB-2350,S40,Dose Low,Week 24,2026-09-23,Dose Taken
SUB-2352,S40,Dose Low,Baseline,2026-04-22,Dose Taken
SUB-2352,S40,Dose Low,Week 2,2026-05-06,Dose Taken
SUB-2352,S40,Dose Low,Week 4,2026-05-20,Dose Taken
SUB-2352,S40,Dose Low,Week 8,2026-06-17,Dose Taken
SUB-2352,S40,Dose Low,Week 12,2026-07-15,Dose Held (AE)
SUB-2352,S40,Dose Low,Week 16,2026-08-12,Dose Taken
SUB-2354,S40,Dose Low,Baseline,2026-09-10,Dose Taken
SUB-2354,S40,Dose Low,Week 2,2026-09-24,Dose Taken
SUB-2356,S40,Dose Low,Baseline,2026-08-19,Dose Taken
SUB-2356,S40,Dose Low,Week 2,2026-09-02,Dose Taken
SUB-2356,S40,Dose Low,Week 4,2026-09-16,Dose Reduced
SUB-2357,S40,Dose Low,Baseline,2026-08-04,Dose Missed
SUB-2357,S40,Dose Low,Week 2,2026-08-18,Dose Taken
SUB-2357,S40,Dose Low,Week 4,2026-09-01,Dose Taken
SUB-2357,S40,Dose Low,Week 8,2026-09-29,Dose Taken
SUB-2359,S40,Dose Low,Baseline,2026-09-27,Dose Taken
SUB-2360,S40,Dose Low,Baseline,2026-01-29,Dose Taken
SUB-2360,S40,Dose Low,Week 2,2026-02-12,Dose Held (AE)
SUB-2360,S40,Dose Low,Week 4,2026-02-26,Dose Taken
SUB-2360,S40,Dose Low,Week 8,2026-03-26,Dose Taken
SUB-2360,S40,Dose Low,Week 12,2026-04-23,Dose Taken
SUB-2360,S40,Dose Low,Week 16,2026-05-21,Dose Taken
SUB-2360,S40,Dose Low,Week 24,2026-07-16,Dose Taken
SUB-2362,S40,Dose High,Baseline,2025-10-03,Dose Taken
SUB-2362,S40,Dose High,Week 2,2025-10-17,Dose Taken
SUB-2362,S40,Dose High,Week 4,2025-10-31,Dose Taken
SUB-2362,S40,Dose High,Week 8,2025-11-28,Dose Taken
SUB-2362,S40,Dose High,Week 12,2025-12-26,Dose Taken
SUB-2362,S40,Dose High,Week 16,2026-01-23,Dose Taken
SUB-2362,S40,Dose High,Week 24,2026-03-20,Dose Taken
SUB-2362,S40,Dose High,Week 36,2026-06-12,Dose Taken
SUB-2363,S40,Dose High,Baseline,2026-02-13,Dose Taken
SUB-2363,S40,Dose High,Week 2,2026-02-27,Dose Taken
SUB-2363,S40,Dose High,Week 4,2026-03-13,Dose Taken
SUB-2363,S40,Dose High,Week 8,2026-04-10,Dose Taken
SUB-2363,S40,Dose High,Week 12,2026-05-08,Dose Taken
SUB-2363,S40,Dose High,Week 16,2026-06-05,Dose Missed
SUB-2363,S40,Dose High,Week 24,2026-07-31,Dose Taken
SUB-2364,S40,Dose Low,Baseline,2026-06-12,Dose Taken
SUB-2364,S40,Dose Low,Week 2,2026-06-26,Dose Taken
SUB-2364,S40,Dose Low,Week 4,2026-07-10,Dose Taken
SUB-2364,S40,Dose Low,Week 8,2026-08-07,Dose Taken
SUB-2364,S40,Dose Low,Week 12,2026-09-04,Dose Taken
SUB-2366,S40,Dose High,Baseline,2025-08-15,Dose Taken
SUB-2366,S40,Dose High,Week 2,2025-08-29,Dose Taken
SUB-2366,S40,Dose High,Week 4,2025-09-12,Dose Taken
SUB-2366,S40,Dose High,Week 8,2025-10-10,Dose Taken
SUB-2366,S40,Dose High,Week 12,2025-11-07,Dose Taken
SUB-2366,S40,Dose High,Week 16,2025-12-05,Dose Taken
SUB-2366,S40,Dose High,Week 24,2026-01-30,Dose Taken
SUB-2366,S40,Dose High,Week 36,2026-04-24,Dose Taken
SUB-2366,S40,Dose High,Week 52 / EOT,2026-08-14,Dose Taken
SUB-2367,S40,Dose Low,Baseline,2026-09-10,Dose Reduced
SUB-2367,S40,Dose Low,Week 2,2026-09-24,Dose Taken
SUB-2368,S40,Dose High,Baseline,2025-11-26,Dose Taken
SUB-2368,S40,Dose High,Week 2,2025-12-10,Dose Taken
SUB-2368,S40,Dose High,Week 4,2025-12-24,Dose Reduced
SUB-2368,S40,Dose High,Week 8,2026-01-21,Dose Taken
SUB-2368,S40,Dose High,Week 12,2026-02-18,Dose Taken
SUB-2368,S40,Dose High,Week 16,2026-03-18,Dose Taken
SUB-2368,S40,Dose High,Week 24,2026-05-13,Dose Taken
SUB-2368,S40,Dose High,Week 36,2026-08-05,Dose Taken
SUB-2369,S40,Dose High,Baseline,2026-08-28,Dose Taken
SUB-2369,S40,Dose High,Week 2,2026-09-11,Dose Taken
SUB-2369,S40,Dose High,Week 4,2026-09-25,Dose Reduced
SUB-2370,S40,Dose High,Baseline,2025-10-04,Dose Taken
SUB-2370,S40,Dose High,Week 2,2025-10-18,Dose Taken
SUB-2370,S40,Dose High,Week 4,2025-11-01,Dose Taken
SUB-2370,S40,Dose High,Week 8,2025-11-29,Dose Taken
SUB-2370,S40,Dose High,Week 12,2025-12-27,Dose Taken
SUB-2370,S40,Dose High,Week 16,2026-01-24,Dose Taken
SUB-2370,S40,Dose High,Week 24,2026-03-21,Dose Taken
SUB-2370,S40,Dose High,Week 36,2026-06-13,Dose Taken
SUB-2371,S40,Dose Low,Baseline,2025-09-28,Dose Reduced
SUB-2371,S40,Dose Low,Week 2,2025-10-12,Dose Taken
SUB-2371,S40,Dose Low,Week 4,2025-10-26,Dose Taken
SUB-2371,S40,Dose Low,Week 8,2025-11-23,Dose Taken
SUB-2371,S40,Dose Low,Week 12,2025-12-21,Dose Taken
SUB-2371,S40,Dose Low,Week 16,2026-01-18,Dose Taken
SUB-2371,S40,Dose Low,Week 24,2026-03-15,Dose Taken
SUB-2371,S40,Dose Low,Week 36,2026-06-07,Dose Taken
SUB-2371,S40,Dose Low,Week 52 / EOT,2026-09-27,Dose Taken
SUB-2372,S40,Dose Low,Baseline,2025-10-24,Dose Taken
SUB-2372,S40,Dose Low,Week 2,2025-11-07,Dose Taken
SUB-2372,S40,Dose Low,Week 4,2025-11-21,Dose Taken
SUB-2372,S40,Dose Low,Week 8,2025-12-19,Dose Taken
SUB-2372,S40,Dose Low,Week 12,2026-01-16,Dose Taken
SUB-2372,S40,Dose Low,Week 16,2026-02-13,Dose Taken
SUB-2372,S40,Dose Low,Week 24,2026-04-10,Dose Taken
SUB-2372,S40,Dose Low,Week 36,2026-07-03,Dose Taken
SUB-2373,S40,Dose High,Baseline,2025-12-27,Dose Missed
SUB-2373,S40,Dose High,Week 2,2026-01-10,Dose Taken
SUB-2373,S40,Dose High,Week 4,2026-01-24,Dose Taken
SUB-2373,S40,Dose High,Week 8,2026-02-21,Dose Taken
SUB-2373,S40,Dose High,Week 12,2026-03-21,Dose Held (AE)
SUB-2373,S40,Dose High,Week 16,2026-04-18,Dose Taken
SUB-2373,S40,Dose High,Week 24,2026-06-13,Dose Taken
SUB-2373,S40,Dose High,Week 36,2026-09-05,Dose Taken
SUB-2375,S40,Dose Low,Baseline,2026-09-21,Dose Taken
SUB-2378,S40,Dose High,Baseline,2026-05-03,Dose Taken
SUB-2378,S40,Dose High,Week 2,2026-05-17,Dose Taken
SUB-2378,S40,Dose High,Week 4,2026-05-31,Dose Taken
SUB-2378,S40,Dose High,Week 8,2026-06-28,Dose Taken
SUB-2378,S40,Dose High,Week 12,2026-07-26,Dose Taken
SUB-2378,S40,Dose High,Week 16,2026-08-23,Dose Taken
SUB-2379,S40,Dose High,Baseline,2026-08-13,Dose Taken
SUB-2379,S40,Dose High,Week 2,2026-08-27,Dose Taken
SUB-2379,S40,Dose High,Week 4,2026-09-10,Dose Taken
SUB-2380,S40,Dose High,Baseline,2026-08-28,Dose Taken
SUB-2380,S40,Dose High,Week 2,2026-09-11,Dose Taken
SUB-2380,S40,Dose High,Week 4,2026-09-25,Dose Taken
SUB-2382,S40,Dose High,Baseline,2026-09-07,Dose Taken
SUB-2382,S40,Dose High,Week 2,2026-09-21,Dose Taken
SUB-2383,S40,Dose Low,Baseline,2026-06-07,Dose Taken
SUB-2383,S40,Dose Low,Week 2,2026-06-21,Dose Missed
SUB-2383,S40,Dose Low,Week 4,2026-07-05,Dose Taken
SUB-2383,S40,Dose Low,Week 8,2026-08-02,Dose Taken
SUB-2383,S40,Dose Low,Week 12,2026-08-30,Dose Taken
SUB-2383,S40,Dose Low,Week 16,2026-09-27,Dose Taken
SUB-2385,S40,Dose Low,Baseline,2026-08-01,Dose Taken
SUB-2385,S40,Dose Low,Week 2,2026-08-15,Dose Taken
SUB-2385,S40,Dose Low,Week 4,2026-08-29,Dose Taken
SUB-2385,S40,Dose Low,Week 8,2026-09-26,Dose Reduced
SUB-2386,S40,Dose Low,Baseline,2025-08-12,Dose Taken
SUB-2386,S40,Dose Low,Week 2,2025-08-26,Dose Reduced
SUB-2386,S40,Dose Low,Week 4,2025-09-09,Dose Taken
SUB-2386,S40,Dose Low,Week 8,2025-10-07,Dose Taken
SUB-2386,S40,Dose Low,Week 12,2025-11-04,Dose Taken
SUB-2386,S40,Dose Low,Week 16,2025-12-02,Dose Held (AE)
SUB-2386,S40,Dose Low,Week 24,2026-01-27,Dose Taken
SUB-2386,S40,Dose Low,Week 36,2026-04-21,Dose Taken
SUB-2386,S40,Dose Low,Week 52 / EOT,2026-08-11,Dose Taken
SUB-2387,S40,Dose Low,Baseline,2026-09-11,Dose Taken
SUB-2387,S40,Dose Low,Week 2,2026-09-25,Dose Taken
SUB-2389,S40,Dose Low,Baseline,2026-09-03,Dose Taken
SUB-2389,S40,Dose Low,Week 2,2026-09-17,Dose Taken
SUB-2390,S40,Dose High,Baseline,2026-04-20,Dose Missed
SUB-2390,S40,Dose High,Week 2,2026-05-04,Dose Taken
SUB-2390,S40,Dose High,Week 4,2026-05-18,Dose Taken
SUB-2390,S40,Dose High,Week 8,2026-06-15,Dose Taken
SUB-2390,S40,Dose High,Week 12,2026-07-13,Dose Taken
SUB-2390,S40,Dose High,Week 16,2026-08-10,Dose Taken
