MedID,SubjectID,SiteID,DrugClass,DrugName,StartDate,Ongoing
M00001,SUB-0001,S01,Antidepressants,Sertraline,2026-09-16,Yes
M00002,SUB-0002,S01,Statins,Atorvastatin,2025-07-08,Yes
M00003,SUB-0002,S01,Analgesics,Paracetamol,2025-06-23,Yes
M00004,SUB-0002,S01,Analgesics,Paracetamol,2025-06-18,No
M00005,SUB-0003,S01,Antidiabetics,Metformin,2025-10-11,Yes
M00006,SUB-0004,S01,Antihistamines,Cetirizine,2025-10-29,No
M00007,SUB-0004,S01,Analgesics,Ibuprofen,2025-11-08,Yes
M00008,SUB-0004,S01,Antidepressants,Sertraline,2025-11-05,No
M00009,SUB-0005,S01,Statins,Atorvastatin,2026-06-28,Yes
M00010,SUB-0007,S01,Analgesics,Paracetamol,2025-07-26,No
M00011,SUB-0009,S01,Antidepressants,Sertraline,2026-05-18,No
M00012,SUB-0010,S01,Statins,Atorvastatin,2026-05-09,No
M00013,SUB-0010,S01,Corticosteroids,Prednisone,2026-05-02,Yes
M00014,SUB-0010,S01,Antihypertensives,Lisinopril,2026-05-11,Yes
M00015,SUB-0011,S01,Antidepressants,Sertraline,2026-03-20,No
M00016,SUB-0014,S01,Proton Pump Inhibitors,Omeprazole,2026-01-29,No
M00017,SUB-0014,S01,Antidiabetics,Metformin,2026-02-12,Yes
M00018,SUB-0014,S01,Analgesics,Ibuprofen,2026-01-31,No
M00019,SUB-0014,S01,Antihypertensives,Lisinopril,2026-01-26,No
M00020,SUB-0017,S01,Antihistamines,Cetirizine,2026-09-24,No
M00021,SUB-0017,S01,Corticosteroids,Prednisone,2026-06-28,No
M00022,SUB-0018,S01,Proton Pump Inhibitors,Omeprazole,2025-04-05,Yes
M00023,SUB-0018,S01,Analgesics,Paracetamol,2025-07-03,No
M00024,SUB-0018,S01,Analgesics,Paracetamol,2025-04-18,Yes
M00025,SUB-0022,S01,Analgesics,Paracetamol,2025-03-18,Yes
M00026,SUB-0023,S01,Antihypertensives,Amlodipine,2025-11-28,Yes
M00027,SUB-0024,S01,Statins,Atorvastatin,2025-08-24,Yes
M00028,SUB-0024,S01,Statins,Atorvastatin,2025-07-20,Yes
M00029,SUB-0024,S01,Antibiotics,Amoxicillin,2025-08-30,Yes
M00030,SUB-0024,S01,Corticosteroids,Prednisone,2025-06-02,Yes
M00031,SUB-0025,S01,Antibiotics,Amoxicillin,2026-06-24,No
M00032,SUB-0026,S01,Antihypertensives,Amlodipine,2025-08-29,No
M00033,SUB-0026,S01,Antidiabetics,Metformin,2025-07-23,No
M00034,SUB-0027,S01,Antihistamines,Cetirizine,2025-08-27,Yes
M00035,SUB-0028,S01,Proton Pump Inhibitors,Omeprazole,2026-07-24,Yes
M00036,SUB-0033,S01,Antibiotics,Amoxicillin,2026-04-12,Yes
M00037,SUB-0033,S01,Proton Pump Inhibitors,Omeprazole,2026-04-19,Yes
M00038,SUB-0035,S01,Antidepressants,Sertraline,2026-05-31,Yes
M00039,SUB-0039,S01,Statins,Atorvastatin,2026-06-21,Yes
M00040,SUB-0040,S01,Analgesics,Paracetamol,2026-08-14,Yes
M00041,SUB-0041,S01,Antihypertensives,Lisinopril,2025-12-02,No
M00042,SUB-0041,S01,Analgesics,Paracetamol,2025-11-20,Yes
M00043,SUB-0043,S01,Antihypertensives,Amlodipine,2025-07-12,Yes
M00044,SUB-0043,S01,Corticosteroids,Prednisone,2025-06-17,No
M00045,SUB-0045,S01,Analgesics,Paracetamol,2026-02-12,Yes
M00046,SUB-0045,S01,Corticosteroids,Prednisone,2026-03-06,Yes
M00047,SUB-0046,S01,Antihistamines,Cetirizine,2026-03-31,Yes
M00048,SUB-0046,S01,Antihypertensives,Lisinopril,2026-04-09,No
M00049,SUB-0046,S01,Proton Pump Inhibitors,Omeprazole,2026-05-29,No
M00050,SUB-0047,S01,Vitamins,Cholecalciferol,2026-08-09,Yes
M00051,SUB-0047,S01,Antidiabetics,Metformin,2026-08-10,Yes
M00052,SUB-0048,S01,Antibiotics,Amoxicillin,2026-08-31,Yes
M00053,SUB-0049,S01,Analgesics,Paracetamol,2025-06-03,Yes
M00054,SUB-0049,S01,Proton Pump Inhibitors,Omeprazole,2025-07-24,Yes
M00055,SUB-0049,S01,Antibiotics,Amoxicillin,2025-05-24,Yes
M00056,SUB-0049,S01,Antihistamines,Cetirizine,2025-07-15,Yes
M00057,SUB-0050,S01,Antidepressants,Sertraline,2025-11-20,No
M00058,SUB-0051,S01,Antihypertensives,Amlodipine,2025-04-12,No
M00059,SUB-0051,S01,Antidepressants,Sertraline,2025-05-20,Yes
M00060,SUB-0052,S01,Antihistamines,Cetirizine,2025-05-28,Yes
M00061,SUB-0053,S01,Antihistamines,Cetirizine,2026-06-01,No
M00062,SUB-0053,S01,Statins,Atorvastatin,2026-07-20,No
M00063,SUB-0053,S01,Corticosteroids,Prednisone,2026-05-12,Yes
M00064,SUB-0054,S01,Analgesics,Paracetamol,2025-08-06,Yes
M00065,SUB-0056,S01,Analgesics,Paracetamol,2026-08-06,No
M00066,SUB-0058,S02,Antidiabetics,Metformin,2025-10-23,Yes
M00067,SUB-0059,S02,Analgesics,Ibuprofen,2026-09-21,No
M00068,SUB-0059,S02,Statins,Atorvastatin,2026-07-11,Yes
M00069,SUB-0059,S02,Antihypertensives,Amlodipine,2026-07-15,Yes
M00070,SUB-0060,S02,Corticosteroids,Prednisone,2026-07-03,No
M00071,SUB-0061,S02,Antibiotics,Amoxicillin,2025-10-07,Yes
M00072,SUB-0062,S02,Statins,Atorvastatin,2026-06-14,No
M00073,SUB-0062,S02,Antibiotics,Amoxicillin,2026-07-04,Yes
M00074,SUB-0062,S02,Antidiabetics,Metformin,2026-08-01,Yes
M00075,SUB-0063,S02,Antidiabetics,Metformin,2026-06-14,Yes
M00076,SUB-0069,S02,Vitamins,Cholecalciferol,2026-07-13,Yes
M00077,SUB-0070,S02,Analgesics,Paracetamol,2026-06-13,Yes
M00078,SUB-0072,S02,Proton Pump Inhibitors,Omeprazole,2026-04-04,No
M00079,SUB-0074,S02,Antihistamines,Cetirizine,2026-06-26,Yes
M00080,SUB-0076,S02,Analgesics,Paracetamol,2026-06-09,No
M00081,SUB-0076,S02,Antihypertensives,Lisinopril,2026-08-09,No
M00082,SUB-0076,S02,Antihypertensives,Amlodipine,2026-07-18,No
M00083,SUB-0081,S02,Vitamins,Cholecalciferol,2026-03-18,Yes
M00084,SUB-0081,S02,Proton Pump Inhibitors,Omeprazole,2026-04-29,No
M00085,SUB-0084,S02,Antibiotics,Amoxicillin,2025-07-23,Yes
M00086,SUB-0084,S02,Antihistamines,Cetirizine,2025-08-03,No
M00087,SUB-0085,S02,Analgesics,Paracetamol,2025-08-13,No
M00088,SUB-0089,S02,Proton Pump Inhibitors,Omeprazole,2025-08-02,Yes
M00089,SUB-0089,S02,Proton Pump Inhibitors,Omeprazole,2025-07-30,No
M00090,SUB-0089,S02,Antihypertensives,Amlodipine,2025-05-28,Yes
M00091,SUB-0090,S02,Analgesics,Paracetamol,2025-06-20,Yes
M00092,SUB-0090,S02,Analgesics,Ibuprofen,2025-08-10,Yes
M00093,SUB-0091,S02,Antidiabetics,Metformin,2026-07-06,No
M00094,SUB-0091,S02,Antidiabetics,Metformin,2026-09-17,Yes
M00095,SUB-0092,S02,Vitamins,Cholecalciferol,2025-12-27,No
M00096,SUB-0098,S02,Vitamins,Cholecalciferol,2025-09-08,Yes
M00097,SUB-0100,S02,Antidiabetics,Metformin,2026-08-12,Yes
M00098,SUB-0102,S02,Corticosteroids,Prednisone,2025-12-04,Yes
M00099,SUB-0104,S02,Antidiabetics,Metformin,2025-10-06,Yes
M00100,SUB-0105,S02,Antihypertensives,Amlodipine,2026-09-17,Yes
M00101,SUB-0105,S02,Analgesics,Ibuprofen,2026-07-06,No
M00102,SUB-0105,S02,Antihistamines,Cetirizine,2026-09-25,Yes
M00103,SUB-0106,S02,Antidiabetics,Metformin,2025-05-02,Yes
M00104,SUB-0106,S02,Antihistamines,Cetirizine,2025-06-03,No
M00105,SUB-0107,S02,Antihypertensives,Lisinopril,2026-06-29,Yes
M00106,SUB-0111,S03,Antidepressants,Sertraline,2025-11-11,No
M00107,SUB-0111,S03,Vitamins,Cholecalciferol,2025-09-05,No
M00108,SUB-0112,S03,Corticosteroids,Prednisone,2025-10-28,Yes
M00109,SUB-0116,S03,Analgesics,Paracetamol,2026-04-21,Yes
M00110,SUB-0117,S03,Antidepressants,Sertraline,2026-08-20,No
M00111,SUB-0118,S03,Antihistamines,Cetirizine,2025-09-26,Yes
M00112,SUB-0118,S03,Corticosteroids,Prednisone,2025-11-14,Yes
M00113,SUB-0121,S03,Antidepressants,Sertraline,2026-06-13,No
M00114,SUB-0121,S03,Vitamins,Cholecalciferol,2026-08-02,No
M00115,SUB-0122,S03,Antibiotics,Amoxicillin,2026-07-12,Yes
M00116,SUB-0122,S03,Antihistamines,Cetirizine,2026-07-03,Yes
M00117,SUB-0123,S03,Analgesics,Paracetamol,2026-08-09,No
M00118,SUB-0123,S03,Antihypertensives,Amlodipine,2026-07-01,No
M00119,SUB-0123,S03,Proton Pump Inhibitors,Omeprazole,2026-08-30,No
M00120,SUB-0125,S03,Antibiotics,Amoxicillin,2026-08-08,No
M00121,SUB-0125,S03,Analgesics,Paracetamol,2026-07-17,Yes
M00122,SUB-0126,S03,Proton Pump Inhibitors,Omeprazole,2026-07-16,Yes
M00123,SUB-0128,S03,Antihypertensives,Lisinopril,2026-09-03,No
M00124,SUB-0128,S03,Analgesics,Paracetamol,2026-09-26,Yes
M00125,SUB-0128,S03,Antihypertensives,Amlodipine,2026-08-24,No
M00126,SUB-0128,S03,Statins,Atorvastatin,2026-09-19,No
M00127,SUB-0129,S03,Statins,Atorvastatin,2025-09-18,Yes
M00128,SUB-0129,S03,Analgesics,Paracetamol,2025-08-10,No
M00129,SUB-0129,S03,Proton Pump Inhibitors,Omeprazole,2025-07-31,No
M00130,SUB-0132,S03,Analgesics,Ibuprofen,2025-10-26,Yes
M00131,SUB-0134,S03,Antibiotics,Amoxicillin,2025-08-07,No
M00132,SUB-0136,S03,Antihypertensives,Amlodipine,2025-10-13,Yes
M00133,SUB-0136,S03,Antihypertensives,Lisinopril,2025-10-20,No
M00134,SUB-0136,S03,Proton Pump Inhibitors,Omeprazole,2025-09-20,No
M00135,SUB-0137,S03,Antidiabetics,Metformin,2025-10-06,Yes
M00136,SUB-0137,S03,Vitamins,Cholecalciferol,2025-08-27,Yes
M00137,SUB-0138,S03,Analgesics,Paracetamol,2026-07-05,Yes
M00138,SUB-0138,S03,Antibiotics,Amoxicillin,2026-09-01,Yes
M00139,SUB-0138,S03,Corticosteroids,Prednisone,2026-07-15,Yes
M00140,SUB-0143,S03,Analgesics,Ibuprofen,2026-02-28,Yes
M00141,SUB-0143,S03,Corticosteroids,Prednisone,2026-01-11,No
M00142,SUB-0146,S03,Analgesics,Ibuprofen,2025-07-24,Yes
M00143,SUB-0147,S03,Antihistamines,Cetirizine,2026-06-13,Yes
M00144,SUB-0147,S03,Antidiabetics,Metformin,2026-06-06,No
M00145,SUB-0152,S03,Antihistamines,Cetirizine,2026-04-28,Yes
M00146,SUB-0153,S03,Antibiotics,Amoxicillin,2025-12-10,Yes
M00147,SUB-0154,S03,Proton Pump Inhibitors,Omeprazole,2025-08-17,Yes
M00148,SUB-0154,S03,Vitamins,Cholecalciferol,2025-10-01,Yes
M00149,SUB-0154,S03,Statins,Atorvastatin,2025-09-16,Yes
M00150,SUB-0155,S03,Antidiabetics,Metformin,2026-06-15,No
M00151,SUB-0155,S03,Proton Pump Inhibitors,Omeprazole,2026-07-27,No
M00152,SUB-0157,S03,Corticosteroids,Prednisone,2026-04-13,Yes
M00153,SUB-0159,S03,Corticosteroids,Prednisone,2026-05-30,No
M00154,SUB-0160,S03,Statins,Atorvastatin,2025-12-15,Yes
M00155,SUB-0160,S03,Antidepressants,Sertraline,2026-02-03,Yes
M00156,SUB-0160,S03,Corticosteroids,Prednisone,2025-11-29,No
M00157,SUB-0162,S03,Antidepressants,Sertraline,2026-01-11,Yes
M00158,SUB-0162,S03,Analgesics,Paracetamol,2026-01-08,Yes
M00159,SUB-0162,S03,Antidiabetics,Metformin,2026-01-06,Yes
M00160,SUB-0163,S03,Vitamins,Cholecalciferol,2026-09-15,Yes
M00161,SUB-0164,S03,Proton Pump Inhibitors,Omeprazole,2026-06-12,Yes
M00162,SUB-0164,S03,Analgesics,Ibuprofen,2026-05-29,No
M00163,SUB-0165,S03,Proton Pump Inhibitors,Omeprazole,2026-02-07,Yes
M00164,SUB-0166,S03,Corticosteroids,Prednisone,2026-06-27,No
M00165,SUB-0167,S03,Analgesics,Ibuprofen,2026-06-30,Yes
M00166,SUB-0168,S03,Antibiotics,Amoxicillin,2026-08-28,No
M00167,SUB-0168,S03,Corticosteroids,Prednisone,2026-07-30,Yes
M00168,SUB-0170,S03,Analgesics,Paracetamol,2026-06-06,No
M00169,SUB-0176,S03,Antihypertensives,Amlodipine,2025-09-26,No
M00170,SUB-0176,S03,Antibiotics,Amoxicillin,2025-08-29,No
M00171,SUB-0176,S03,Antidepressants,Sertraline,2025-09-22,Yes
M00172,SUB-0176,S03,Corticosteroids,Prednisone,2025-09-23,Yes
M00173,SUB-0178,S04,Antihistamines,Cetirizine,2024-12-13,Yes
M00174,SUB-0178,S04,Antidepressants,Sertraline,2025-01-29,No
M00175,SUB-0178,S04,Analgesics,Paracetamol,2024-12-12,No
M00176,SUB-0179,S04,Proton Pump Inhibitors,Omeprazole,2026-01-05,Yes
M00177,SUB-0179,S04,Statins,Atorvastatin,2025-11-17,Yes
M00178,SUB-0179,S04,Statins,Atorvastatin,2025-12-21,Yes
M00179,SUB-0180,S04,Corticosteroids,Prednisone,2026-03-03,No
M00180,SUB-0180,S04,Corticosteroids,Prednisone,2026-01-17,No
M00181,SUB-0180,S04,Antidiabetics,Metformin,2026-02-16,No
M00182,SUB-0180,S04,Vitamins,Cholecalciferol,2026-02-20,Yes
M00183,SUB-0182,S04,Statins,Atorvastatin,2026-07-13,No
M00184,SUB-0183,S04,Analgesics,Ibuprofen,2025-08-04,Yes
M00185,SUB-0185,S04,Antihistamines,Cetirizine,2025-10-09,No
M00186,SUB-0186,S04,Antihypertensives,Lisinopril,2025-07-10,Yes
M00187,SUB-0188,S04,Antihistamines,Cetirizine,2025-10-22,No
M00188,SUB-0190,S04,Vitamins,Cholecalciferol,2026-06-08,Yes
M00189,SUB-0190,S04,Corticosteroids,Prednisone,2026-06-19,Yes
M00190,SUB-0192,S04,Analgesics,Ibuprofen,2026-03-21,Yes
M00191,SUB-0193,S04,Analgesics,Ibuprofen,2026-05-07,No
M00192,SUB-0195,S04,Statins,Atorvastatin,2026-02-19,No
M00193,SUB-0195,S04,Statins,Atorvastatin,2026-03-23,No
M00194,SUB-0195,S04,Vitamins,Cholecalciferol,2026-02-18,No
M00195,SUB-0195,S04,Vitamins,Cholecalciferol,2026-02-01,Yes
M00196,SUB-0196,S04,Proton Pump Inhibitors,Omeprazole,2025-04-01,No
M00197,SUB-0199,S04,Analgesics,Paracetamol,2025-10-17,Yes
M00198,SUB-0199,S04,Antihistamines,Cetirizine,2025-10-14,No
M00199,SUB-0199,S04,Corticosteroids,Prednisone,2025-10-24,Yes
M00200,SUB-0199,S04,Antidepressants,Sertraline,2025-09-27,Yes
M00201,SUB-0202,S04,Antihypertensives,Amlodipine,2026-06-28,Yes
M00202,SUB-0205,S04,Vitamins,Cholecalciferol,2026-04-21,Yes
M00203,SUB-0205,S04,Analgesics,Paracetamol,2026-04-30,No
M00204,SUB-0205,S04,Vitamins,Cholecalciferol,2026-04-14,Yes
M00205,SUB-0208,S04,Antihypertensives,Lisinopril,2025-12-05,No
M00206,SUB-0208,S04,Antibiotics,Amoxicillin,2026-01-15,No
M00207,SUB-0211,S04,Antidepressants,Sertraline,2025-05-18,Yes
M00208,SUB-0213,S04,Antidepressants,Sertraline,2025-02-27,No
M00209,SUB-0215,S04,Antihypertensives,Amlodipine,2025-03-13,No
M00210,SUB-0217,S04,Antibiotics,Amoxicillin,2026-06-22,No
M00211,SUB-0217,S04,Antidepressants,Sertraline,2026-05-22,No
M00212,SUB-0217,S04,Antidiabetics,Metformin,2026-05-19,No
M00213,SUB-0217,S04,Antibiotics,Amoxicillin,2026-07-19,Yes
M00214,SUB-0219,S04,Vitamins,Cholecalciferol,2025-09-26,Yes
M00215,SUB-0219,S04,Analgesics,Paracetamol,2025-10-12,No
M00216,SUB-0219,S04,Antihypertensives,Amlodipine,2025-10-14,Yes
M00217,SUB-0219,S04,Analgesics,Ibuprofen,2025-09-14,Yes
M00218,SUB-0220,S04,Antihypertensives,Lisinopril,2025-01-30,Yes
M00219,SUB-0220,S04,Corticosteroids,Prednisone,2025-04-23,Yes
M00220,SUB-0220,S04,Antidiabetics,Metformin,2025-04-02,No
M00221,SUB-0222,S04,Antihypertensives,Lisinopril,2025-12-25,No
M00222,SUB-0222,S04,Analgesics,Ibuprofen,2025-12-07,Yes
M00223,SUB-0223,S04,Analgesics,Paracetamol,2026-02-24,Yes
M00224,SUB-0223,S04,Antibiotics,Amoxicillin,2026-03-11,No
M00225,SUB-0224,S04,Antihistamines,Cetirizine,2025-12-29,No
M00226,SUB-0225,S04,Analgesics,Ibuprofen,2025-08-06,Yes
M00227,SUB-0226,S04,Vitamins,Cholecalciferol,2025-03-27,Yes
M00228,SUB-0228,S04,Antihypertensives,Amlodipine,2025-12-24,Yes
M00229,SUB-0228,S04,Analgesics,Ibuprofen,2025-10-29,Yes
M00230,SUB-0230,S04,Vitamins,Cholecalciferol,2025-05-19,Yes
M00231,SUB-0230,S04,Antihypertensives,Lisinopril,2025-07-03,Yes
M00232,SUB-0231,S04,Proton Pump Inhibitors,Omeprazole,2025-12-21,No
M00233,SUB-0231,S04,Antihypertensives,Lisinopril,2026-01-05,Yes
M00234,SUB-0232,S04,Vitamins,Cholecalciferol,2025-12-17,Yes
M00235,SUB-0235,S05,Proton Pump Inhibitors,Omeprazole,2025-10-09,Yes
M00236,SUB-0235,S05,Antibiotics,Amoxicillin,2025-09-23,No
M00237,SUB-0235,S05,Antihypertensives,Lisinopril,2025-10-25,Yes
M00238,SUB-0237,S05,Vitamins,Cholecalciferol,2025-04-09,Yes
M00239,SUB-0238,S05,Antidepressants,Sertraline,2025-04-09,No
M00240,SUB-0242,S05,Antihypertensives,Lisinopril,2026-01-05,Yes
M00241,SUB-0242,S05,Statins,Atorvastatin,2025-12-17,No
M00242,SUB-0242,S05,Antidiabetics,Metformin,2026-01-20,No
M00243,SUB-0245,S05,Antidepressants,Sertraline,2026-03-04,Yes
M00244,SUB-0245,S05,Analgesics,Paracetamol,2026-04-09,Yes
M00245,SUB-0247,S05,Analgesics,Paracetamol,2025-06-21,Yes
M00246,SUB-0248,S05,Antihistamines,Cetirizine,2025-09-13,No
M00247,SUB-0248,S05,Antidiabetics,Metformin,2025-10-04,Yes
M00248,SUB-0248,S05,Antidiabetics,Metformin,2025-09-03,Yes
M00249,SUB-0248,S05,Antidiabetics,Metformin,2025-08-31,No
M00250,SUB-0250,S05,Antihypertensives,Lisinopril,2025-12-22,No
M00251,SUB-0250,S05,Statins,Atorvastatin,2026-01-01,No
M00252,SUB-0251,S05,Antibiotics,Amoxicillin,2026-01-23,Yes
M00253,SUB-0252,S05,Antidepressants,Sertraline,2025-08-28,Yes
M00254,SUB-0252,S05,Vitamins,Cholecalciferol,2025-07-05,No
M00255,SUB-0252,S05,Vitamins,Cholecalciferol,2025-08-05,No
M00256,SUB-0253,S05,Vitamins,Cholecalciferol,2025-04-19,No
M00257,SUB-0256,S05,Antihistamines,Cetirizine,2025-01-28,No
M00258,SUB-0256,S05,Vitamins,Cholecalciferol,2025-02-03,No
M00259,SUB-0264,S05,Analgesics,Paracetamol,2025-04-03,Yes
M00260,SUB-0264,S05,Statins,Atorvastatin,2025-04-04,Yes
M00261,SUB-0264,S05,Proton Pump Inhibitors,Omeprazole,2025-03-26,Yes
M00262,SUB-0264,S05,Proton Pump Inhibitors,Omeprazole,2025-06-22,Yes
M00263,SUB-0269,S05,Antidiabetics,Metformin,2025-08-19,No
M00264,SUB-0269,S05,Antidiabetics,Metformin,2025-09-19,No
M00265,SUB-0269,S05,Antibiotics,Amoxicillin,2025-09-24,No
M00266,SUB-0271,S05,Analgesics,Ibuprofen,2026-03-22,Yes
M00267,SUB-0271,S05,Antihistamines,Cetirizine,2026-04-23,Yes
M00268,SUB-0272,S05,Vitamins,Cholecalciferol,2025-10-06,No
M00269,SUB-0272,S05,Antidepressants,Sertraline,2025-10-22,Yes
M00270,SUB-0274,S05,Antihypertensives,Amlodipine,2025-09-14,Yes
M00271,SUB-0274,S05,Antihypertensives,Lisinopril,2025-09-15,Yes
M00272,SUB-0274,S05,Antidepressants,Sertraline,2025-09-10,No
M00273,SUB-0276,S05,Analgesics,Ibuprofen,2025-08-27,Yes
M00274,SUB-0276,S05,Antidepressants,Sertraline,2025-08-25,Yes
M00275,SUB-0276,S05,Antidepressants,Sertraline,2025-08-29,No
M00276,SUB-0277,S05,Antihypertensives,Amlodipine,2026-05-17,Yes
M00277,SUB-0277,S05,Analgesics,Paracetamol,2026-06-10,Yes
M00278,SUB-0278,S05,Corticosteroids,Prednisone,2025-02-23,No
M00279,SUB-0280,S05,Antibiotics,Amoxicillin,2026-01-21,Yes
M00280,SUB-0285,S05,Vitamins,Cholecalciferol,2025-04-26,Yes
M00281,SUB-0287,S06,Antihypertensives,Amlodipine,2026-02-07,No
M00282,SUB-0287,S06,Vitamins,Cholecalciferol,2026-01-31,Yes
M00283,SUB-0287,S06,Antidiabetics,Metformin,2026-02-02,No
M00284,SUB-0287,S06,Proton Pump Inhibitors,Omeprazole,2025-12-21,Yes
M00285,SUB-0291,S06,Statins,Atorvastatin,2025-04-20,No
M00286,SUB-0291,S06,Antibiotics,Amoxicillin,2025-05-23,No
M00287,SUB-0292,S06,Antidepressants,Sertraline,2026-04-06,No
M00288,SUB-0293,S06,Statins,Atorvastatin,2025-03-21,No
M00289,SUB-0293,S06,Corticosteroids,Prednisone,2025-05-29,Yes
M00290,SUB-0297,S06,Corticosteroids,Prednisone,2025-06-03,Yes
M00291,SUB-0300,S06,Statins,Atorvastatin,2025-06-07,No
M00292,SUB-0300,S06,Analgesics,Ibuprofen,2025-08-11,Yes
M00293,SUB-0300,S06,Corticosteroids,Prednisone,2025-08-17,Yes
M00294,SUB-0302,S06,Antihypertensives,Lisinopril,2026-07-09,No
M00295,SUB-0303,S06,Antihypertensives,Amlodipine,2026-05-27,Yes
M00296,SUB-0303,S06,Antihypertensives,Amlodipine,2026-03-30,No
M00297,SUB-0303,S06,Proton Pump Inhibitors,Omeprazole,2026-03-15,Yes
M00298,SUB-0304,S06,Proton Pump Inhibitors,Omeprazole,2025-10-05,No
M00299,SUB-0304,S06,Analgesics,Paracetamol,2025-10-24,No
M00300,SUB-0304,S06,Antihypertensives,Lisinopril,2025-10-21,Yes
M00301,SUB-0305,S06,Analgesics,Ibuprofen,2026-08-21,Yes
M00302,SUB-0306,S06,Antihypertensives,Lisinopril,2025-04-16,Yes
M00303,SUB-0306,S06,Vitamins,Cholecalciferol,2025-03-25,No
M00304,SUB-0308,S06,Vitamins,Cholecalciferol,2026-01-03,No
M00305,SUB-0308,S06,Antibiotics,Amoxicillin,2026-02-27,Yes
M00306,SUB-0308,S06,Proton Pump Inhibitors,Omeprazole,2026-02-25,Yes
M00307,SUB-0313,S06,Analgesics,Ibuprofen,2025-12-03,No
M00308,SUB-0313,S06,Antidiabetics,Metformin,2025-12-20,No
M00309,SUB-0313,S06,Antidiabetics,Metformin,2025-11-04,No
M00310,SUB-0315,S06,Analgesics,Paracetamol,2025-06-27,No
M00311,SUB-0316,S06,Antidepressants,Sertraline,2026-08-30,Yes
M00312,SUB-0318,S06,Antidepressants,Sertraline,2025-08-06,No
M00313,SUB-0321,S06,Antihypertensives,Lisinopril,2025-03-09,Yes
M00314,SUB-0321,S06,Analgesics,Ibuprofen,2025-04-08,No
M00315,SUB-0321,S06,Corticosteroids,Prednisone,2025-04-22,No
M00316,SUB-0323,S06,Analgesics,Paracetamol,2026-02-18,No
M00317,SUB-0323,S06,Antibiotics,Amoxicillin,2026-04-24,No
M00318,SUB-0323,S06,Antihistamines,Cetirizine,2026-05-09,Yes
M00319,SUB-0323,S06,Proton Pump Inhibitors,Omeprazole,2026-05-15,Yes
M00320,SUB-0325,S06,Antibiotics,Amoxicillin,2026-04-02,No
M00321,SUB-0325,S06,Analgesics,Ibuprofen,2026-02-17,Yes
M00322,SUB-0326,S06,Analgesics,Paracetamol,2025-10-29,No
M00323,SUB-0326,S06,Antibiotics,Amoxicillin,2025-12-12,Yes
M00324,SUB-0326,S06,Antidiabetics,Metformin,2025-12-22,Yes
M00325,SUB-0328,S06,Antihypertensives,Amlodipine,2026-04-11,No
M00326,SUB-0333,S06,Analgesics,Ibuprofen,2025-04-07,No
M00327,SUB-0334,S06,Proton Pump Inhibitors,Omeprazole,2025-08-29,Yes
M00328,SUB-0335,S06,Proton Pump Inhibitors,Omeprazole,2025-12-03,Yes
M00329,SUB-0336,S06,Proton Pump Inhibitors,Omeprazole,2026-09-15,Yes
M00330,SUB-0337,S06,Antihistamines,Cetirizine,2026-04-21,Yes
M00331,SUB-0338,S06,Antihypertensives,Amlodipine,2026-03-16,Yes
M00332,SUB-0338,S06,Statins,Atorvastatin,2026-03-16,No
M00333,SUB-0341,S06,Antihypertensives,Lisinopril,2025-12-15,No
M00334,SUB-0341,S06,Antihypertensives,Lisinopril,2026-01-30,Yes
M00335,SUB-0344,S06,Antihypertensives,Lisinopril,2026-02-11,Yes
M00336,SUB-0345,S06,Antihypertensives,Lisinopril,2025-11-04,No
M00337,SUB-0345,S06,Antihistamines,Cetirizine,2025-10-08,No
M00338,SUB-0347,S06,Corticosteroids,Prednisone,2025-07-16,No
M00339,SUB-0347,S06,Analgesics,Paracetamol,2025-06-30,Yes
M00340,SUB-0347,S06,Antihistamines,Cetirizine,2025-06-25,Yes
M00341,SUB-0349,S07,Statins,Atorvastatin,2026-03-26,No
M00342,SUB-0349,S07,Antihypertensives,Amlodipine,2026-04-01,Yes
M00343,SUB-0350,S07,Antihistamines,Cetirizine,2025-07-22,No
M00344,SUB-0350,S07,Antihistamines,Cetirizine,2025-08-01,No
M00345,SUB-0350,S07,Proton Pump Inhibitors,Omeprazole,2025-07-21,No
M00346,SUB-0350,S07,Antihistamines,Cetirizine,2025-08-26,No
M00347,SUB-0352,S07,Antidepressants,Sertraline,2025-06-24,No
M00348,SUB-0352,S07,Antidiabetics,Metformin,2025-06-17,Yes
M00349,SUB-0353,S07,Analgesics,Paracetamol,2026-06-28,Yes
M00350,SUB-0353,S07,Analgesics,Ibuprofen,2026-05-03,Yes
M00351,SUB-0353,S07,Antihistamines,Cetirizine,2026-05-16,Yes
M00352,SUB-0355,S07,Antihypertensives,Amlodipine,2026-06-19,Yes
M00353,SUB-0355,S07,Statins,Atorvastatin,2026-06-29,Yes
M00354,SUB-0355,S07,Antihypertensives,Amlodipine,2026-07-11,Yes
M00355,SUB-0355,S07,Antihypertensives,Lisinopril,2026-07-15,No
M00356,SUB-0358,S07,Corticosteroids,Prednisone,2026-03-27,No
M00357,SUB-0361,S07,Antihistamines,Cetirizine,2025-06-20,No
M00358,SUB-0361,S07,Statins,Atorvastatin,2025-07-01,No
M00359,SUB-0365,S07,Antidepressants,Sertraline,2026-06-26,Yes
M00360,SUB-0366,S07,Vitamins,Cholecalciferol,2025-08-14,No
M00361,SUB-0366,S07,Antihypertensives,Amlodipine,2025-09-07,Yes
M00362,SUB-0366,S07,Antihypertensives,Lisinopril,2025-08-15,No
M00363,SUB-0368,S07,Proton Pump Inhibitors,Omeprazole,2025-08-25,Yes
M00364,SUB-0369,S07,Antihypertensives,Amlodipine,2026-07-27,Yes
M00365,SUB-0369,S07,Statins,Atorvastatin,2026-07-07,No
M00366,SUB-0371,S07,Proton Pump Inhibitors,Omeprazole,2026-03-03,Yes
M00367,SUB-0371,S07,Antidiabetics,Metformin,2026-05-06,No
M00368,SUB-0371,S07,Antihypertensives,Lisinopril,2026-04-12,Yes
M00369,SUB-0375,S07,Analgesics,Paracetamol,2026-04-24,No
M00370,SUB-0375,S07,Antidiabetics,Metformin,2026-05-24,No
M00371,SUB-0375,S07,Proton Pump Inhibitors,Omeprazole,2026-06-11,No
M00372,SUB-0377,S07,Antihistamines,Cetirizine,2026-03-15,Yes
M00373,SUB-0377,S07,Proton Pump Inhibitors,Omeprazole,2026-02-03,No
M00374,SUB-0379,S07,Proton Pump Inhibitors,Omeprazole,2026-09-17,No
M00375,SUB-0381,S07,Statins,Atorvastatin,2025-10-28,Yes
M00376,SUB-0382,S07,Antihypertensives,Amlodipine,2025-09-04,No
M00377,SUB-0383,S07,Corticosteroids,Prednisone,2026-04-18,Yes
M00378,SUB-0385,S07,Antihypertensives,Amlodipine,2026-08-12,Yes
M00379,SUB-0386,S07,Analgesics,Ibuprofen,2026-06-21,Yes
M00380,SUB-0386,S07,Proton Pump Inhibitors,Omeprazole,2026-08-08,No
M00381,SUB-0386,S07,Vitamins,Cholecalciferol,2026-07-06,No
M00382,SUB-0386,S07,Vitamins,Cholecalciferol,2026-08-22,Yes
M00383,SUB-0389,S07,Antibiotics,Amoxicillin,2025-11-18,Yes
M00384,SUB-0389,S07,Antihypertensives,Amlodipine,2025-12-05,Yes
M00385,SUB-0393,S07,Vitamins,Cholecalciferol,2026-04-03,Yes
M00386,SUB-0393,S07,Corticosteroids,Prednisone,2026-05-10,Yes
M00387,SUB-0393,S07,Analgesics,Paracetamol,2026-03-14,Yes
M00388,SUB-0393,S07,Antihistamines,Cetirizine,2026-04-08,Yes
M00389,SUB-0394,S07,Antihistamines,Cetirizine,2025-11-14,No
M00390,SUB-0396,S07,Analgesics,Ibuprofen,2025-07-06,No
M00391,SUB-0397,S07,Antidiabetics,Metformin,2026-05-04,Yes
M00392,SUB-0397,S07,Vitamins,Cholecalciferol,2026-04-01,Yes
M00393,SUB-0397,S07,Antibiotics,Amoxicillin,2026-05-09,No
M00394,SUB-0397,S07,Antihypertensives,Amlodipine,2026-04-06,Yes
M00395,SUB-0398,S07,Antidepressants,Sertraline,2026-08-20,No
M00396,SUB-0401,S07,Proton Pump Inhibitors,Omeprazole,2025-12-25,Yes
M00397,SUB-0402,S07,Antihypertensives,Amlodipine,2025-12-26,No
M00398,SUB-0403,S07,Analgesics,Paracetamol,2026-04-05,Yes
M00399,SUB-0404,S07,Analgesics,Paracetamol,2026-04-17,Yes
M00400,SUB-0404,S07,Statins,Atorvastatin,2026-06-13,Yes
M00401,SUB-0404,S07,Antibiotics,Amoxicillin,2026-05-19,No
M00402,SUB-0407,S07,Proton Pump Inhibitors,Omeprazole,2026-01-31,Yes
M00403,SUB-0407,S07,Corticosteroids,Prednisone,2025-12-23,Yes
M00404,SUB-0409,S07,Analgesics,Paracetamol,2026-02-10,No
M00405,SUB-0409,S07,Antidepressants,Sertraline,2026-01-06,No
M00406,SUB-0409,S07,Vitamins,Cholecalciferol,2025-12-22,Yes
M00407,SUB-0414,S08,Proton Pump Inhibitors,Omeprazole,2026-04-15,No
M00408,SUB-0414,S08,Antidepressants,Sertraline,2026-04-04,Yes
M00409,SUB-0414,S08,Antihypertensives,Lisinopril,2026-02-26,No
M00410,SUB-0414,S08,Corticosteroids,Prednisone,2026-03-10,No
M00411,SUB-0416,S08,Analgesics,Paracetamol,2025-07-07,Yes
M00412,SUB-0416,S08,Analgesics,Ibuprofen,2025-08-08,Yes
M00413,SUB-0416,S08,Antidepressants,Sertraline,2025-07-14,Yes
M00414,SUB-0416,S08,Antibiotics,Amoxicillin,2025-07-07,No
M00415,SUB-0417,S08,Proton Pump Inhibitors,Omeprazole,2025-11-11,Yes
M00416,SUB-0418,S08,Antibiotics,Amoxicillin,2026-03-23,No
M00417,SUB-0419,S08,Analgesics,Paracetamol,2025-10-10,Yes
M00418,SUB-0419,S08,Analgesics,Ibuprofen,2025-09-10,No
M00419,SUB-0421,S08,Vitamins,Cholecalciferol,2026-08-05,Yes
M00420,SUB-0423,S08,Statins,Atorvastatin,2025-10-01,Yes
M00421,SUB-0423,S08,Antihypertensives,Amlodipine,2025-08-14,No
M00422,SUB-0424,S08,Proton Pump Inhibitors,Omeprazole,2025-08-06,No
M00423,SUB-0424,S08,Antihypertensives,Amlodipine,2025-07-09,No
M00424,SUB-0424,S08,Proton Pump Inhibitors,Omeprazole,2025-08-12,No
M00425,SUB-0425,S08,Analgesics,Paracetamol,2026-09-22,Yes
M00426,SUB-0429,S08,Vitamins,Cholecalciferol,2025-04-20,Yes
M00427,SUB-0429,S08,Antidiabetics,Metformin,2025-04-18,No
M00428,SUB-0438,S08,Antibiotics,Amoxicillin,2026-04-18,Yes
M00429,SUB-0439,S08,Antidiabetics,Metformin,2026-06-20,No
M00430,SUB-0439,S08,Analgesics,Ibuprofen,2026-08-14,No
M00431,SUB-0445,S08,Proton Pump Inhibitors,Omeprazole,2026-09-20,Yes
M00432,SUB-0445,S08,Corticosteroids,Prednisone,2026-09-02,Yes
M00433,SUB-0447,S08,Proton Pump Inhibitors,Omeprazole,2025-05-12,No
M00434,SUB-0448,S08,Proton Pump Inhibitors,Omeprazole,2026-02-07,No
M00435,SUB-0448,S08,Corticosteroids,Prednisone,2026-01-11,No
M00436,SUB-0448,S08,Proton Pump Inhibitors,Omeprazole,2025-12-27,Yes
M00437,SUB-0448,S08,Proton Pump Inhibitors,Omeprazole,2026-01-24,Yes
M00438,SUB-0450,S08,Analgesics,Paracetamol,2025-06-05,No
M00439,SUB-0452,S08,Analgesics,Ibuprofen,2025-11-15,No
M00440,SUB-0452,S08,Proton Pump Inhibitors,Omeprazole,2025-12-13,No
M00441,SUB-0453,S08,Proton Pump Inhibitors,Omeprazole,2025-12-04,No
M00442,SUB-0453,S08,Analgesics,Ibuprofen,2026-01-18,No
M00443,SUB-0453,S08,Corticosteroids,Prednisone,2026-01-28,No
M00444,SUB-0453,S08,Antihypertensives,Amlodipine,2025-12-31,Yes
M00445,SUB-0455,S08,Antihypertensives,Amlodipine,2025-05-24,Yes
M00446,SUB-0455,S08,Analgesics,Ibuprofen,2025-07-20,No
M00447,SUB-0455,S08,Analgesics,Paracetamol,2025-08-10,No
M00448,SUB-0458,S08,Corticosteroids,Prednisone,2025-05-29,Yes
M00449,SUB-0458,S08,Analgesics,Ibuprofen,2025-07-16,Yes
M00450,SUB-0460,S08,Antibiotics,Amoxicillin,2026-03-06,No
M00451,SUB-0461,S08,Antibiotics,Amoxicillin,2026-03-10,No
M00452,SUB-0461,S08,Antihypertensives,Lisinopril,2026-03-17,Yes
M00453,SUB-0461,S08,Vitamins,Cholecalciferol,2026-05-05,No
M00454,SUB-0462,S08,Antidiabetics,Metformin,2025-04-15,Yes
M00455,SUB-0462,S08,Antihistamines,Cetirizine,2025-04-17,No
M00456,SUB-0465,S08,Vitamins,Cholecalciferol,2026-05-23,No
M00457,SUB-0465,S08,Corticosteroids,Prednisone,2026-07-06,Yes
M00458,SUB-0465,S08,Analgesics,Ibuprofen,2026-04-18,No
M00459,SUB-0466,S08,Proton Pump Inhibitors,Omeprazole,2025-04-15,Yes
M00460,SUB-0466,S08,Antibiotics,Amoxicillin,2025-04-04,No
M00461,SUB-0470,S08,Antibiotics,Amoxicillin,2026-07-14,No
M00462,SUB-0471,S08,Analgesics,Ibuprofen,2026-04-19,No
M00463,SUB-0471,S08,Antihypertensives,Lisinopril,2026-04-21,Yes
M00464,SUB-0472,S08,Antihypertensives,Lisinopril,2026-06-24,No
M00465,SUB-0472,S08,Vitamins,Cholecalciferol,2026-06-19,Yes
M00466,SUB-0474,S08,Antibiotics,Amoxicillin,2026-02-25,No
M00467,SUB-0474,S08,Analgesics,Paracetamol,2026-02-08,No
M00468,SUB-0475,S08,Antihypertensives,Amlodipine,2026-05-14,Yes
M00469,SUB-0475,S08,Analgesics,Paracetamol,2026-05-11,No
M00470,SUB-0476,S08,Vitamins,Cholecalciferol,2026-01-20,Yes
M00471,SUB-0478,S08,Antidepressants,Sertraline,2025-05-02,Yes
M00472,SUB-0479,S08,Analgesics,Ibuprofen,2026-09-02,No
M00473,SUB-0480,S08,Antibiotics,Amoxicillin,2025-10-09,No
M00474,SUB-0480,S08,Antihypertensives,Lisinopril,2025-12-05,Yes
M00475,SUB-0480,S08,Antihypertensives,Amlodipine,2025-12-25,No
M00476,SUB-0481,S09,Proton Pump Inhibitors,Omeprazole,2026-07-26,Yes
M00477,SUB-0485,S09,Statins,Atorvastatin,2026-03-30,Yes
M00478,SUB-0485,S09,Antihistamines,Cetirizine,2026-03-12,Yes
M00479,SUB-0485,S09,Vitamins,Cholecalciferol,2026-04-06,Yes
M00480,SUB-0485,S09,Corticosteroids,Prednisone,2026-03-17,Yes
M00481,SUB-0486,S09,Proton Pump Inhibitors,Omeprazole,2025-10-08,Yes
M00482,SUB-0486,S09,Proton Pump Inhibitors,Omeprazole,2025-09-18,Yes
M00483,SUB-0487,S09,Antibiotics,Amoxicillin,2026-05-28,Yes
M00484,SUB-0487,S09,Antihypertensives,Lisinopril,2026-07-20,No
M00485,SUB-0491,S09,Vitamins,Cholecalciferol,2026-07-14,Yes
M00486,SUB-0491,S09,Antihypertensives,Lisinopril,2026-09-14,No
M00487,SUB-0493,S09,Statins,Atorvastatin,2025-10-20,No
M00488,SUB-0493,S09,Analgesics,Ibuprofen,2025-09-16,No
M00489,SUB-0493,S09,Analgesics,Ibuprofen,2025-10-23,Yes
M00490,SUB-0496,S09,Corticosteroids,Prednisone,2026-09-11,Yes
M00491,SUB-0497,S09,Antibiotics,Amoxicillin,2026-06-21,Yes
M00492,SUB-0499,S09,Proton Pump Inhibitors,Omeprazole,2025-11-15,No
M00493,SUB-0499,S09,Proton Pump Inhibitors,Omeprazole,2025-10-11,No
M00494,SUB-0500,S09,Analgesics,Paracetamol,2026-07-22,Yes
M00495,SUB-0502,S09,Proton Pump Inhibitors,Omeprazole,2026-09-08,No
M00496,SUB-0504,S09,Analgesics,Ibuprofen,2025-10-05,Yes
M00497,SUB-0504,S09,Corticosteroids,Prednisone,2025-10-27,No
M00498,SUB-0505,S09,Analgesics,Ibuprofen,2026-04-05,No
M00499,SUB-0505,S09,Corticosteroids,Prednisone,2026-05-03,Yes
M00500,SUB-0505,S09,Antihypertensives,Lisinopril,2026-05-02,No
M00501,SUB-0506,S09,Analgesics,Paracetamol,2025-11-06,Yes
M00502,SUB-0509,S09,Analgesics,Ibuprofen,2025-09-23,Yes
M00503,SUB-0514,S09,Analgesics,Paracetamol,2026-07-20,No
M00504,SUB-0518,S09,Proton Pump Inhibitors,Omeprazole,2026-05-15,No
M00505,SUB-0520,S09,Antihypertensives,Lisinopril,2026-09-27,Yes
M00506,SUB-0530,S09,Analgesics,Paracetamol,2025-08-14,Yes
M00507,SUB-0532,S09,Antihistamines,Cetirizine,2026-08-14,No
M00508,SUB-0534,S09,Proton Pump Inhibitors,Omeprazole,2026-07-05,No
M00509,SUB-0534,S09,Antihypertensives,Lisinopril,2026-08-06,No
M00510,SUB-0534,S09,Antibiotics,Amoxicillin,2026-08-30,Yes
M00511,SUB-0540,S09,Antidepressants,Sertraline,2025-12-19,No
M00512,SUB-0540,S09,Vitamins,Cholecalciferol,2026-01-02,Yes
M00513,SUB-0541,S09,Antihypertensives,Lisinopril,2025-11-15,No
M00514,SUB-0542,S09,Statins,Atorvastatin,2026-06-21,Yes
M00515,SUB-0545,S09,Analgesics,Ibuprofen,2026-06-13,No
M00516,SUB-0545,S09,Antidiabetics,Metformin,2026-05-21,No
M00517,SUB-0545,S09,Analgesics,Ibuprofen,2026-07-11,Yes
M00518,SUB-0546,S10,Antidiabetics,Metformin,2026-05-12,No
M00519,SUB-0546,S10,Corticosteroids,Prednisone,2026-07-09,Yes
M00520,SUB-0548,S10,Vitamins,Cholecalciferol,2025-12-05,No
M00521,SUB-0548,S10,Analgesics,Paracetamol,2025-10-06,Yes
M00522,SUB-0549,S10,Antibiotics,Amoxicillin,2025-12-28,No
M00523,SUB-0552,S10,Antibiotics,Amoxicillin,2025-08-04,Yes
M00524,SUB-0558,S10,Vitamins,Cholecalciferol,2025-09-06,No
M00525,SUB-0559,S10,Analgesics,Paracetamol,2025-09-07,Yes
M00526,SUB-0560,S10,Analgesics,Paracetamol,2026-02-09,No
M00527,SUB-0560,S10,Antidiabetics,Metformin,2026-03-26,No
M00528,SUB-0562,S10,Antihistamines,Cetirizine,2025-10-08,No
M00529,SUB-0562,S10,Antihypertensives,Amlodipine,2025-12-20,Yes
M00530,SUB-0562,S10,Analgesics,Ibuprofen,2025-11-13,Yes
M00531,SUB-0562,S10,Vitamins,Cholecalciferol,2025-11-06,No
M00532,SUB-0563,S10,Antihypertensives,Amlodipine,2025-09-24,Yes
M00533,SUB-0564,S10,Statins,Atorvastatin,2026-08-25,Yes
M00534,SUB-0564,S10,Statins,Atorvastatin,2026-07-27,No
M00535,SUB-0572,S10,Antidiabetics,Metformin,2025-12-02,No
M00536,SUB-0572,S10,Antidiabetics,Metformin,2025-12-02,No
M00537,SUB-0574,S10,Antihypertensives,Lisinopril,2026-08-17,No
M00538,SUB-0574,S10,Analgesics,Ibuprofen,2026-07-07,Yes
M00539,SUB-0574,S10,Vitamins,Cholecalciferol,2026-09-15,Yes
M00540,SUB-0578,S10,Antibiotics,Amoxicillin,2025-10-23,Yes
M00541,SUB-0578,S10,Vitamins,Cholecalciferol,2025-11-02,No
M00542,SUB-0578,S10,Corticosteroids,Prednisone,2025-10-11,No
M00543,SUB-0580,S10,Analgesics,Ibuprofen,2026-08-01,Yes
M00544,SUB-0581,S10,Analgesics,Ibuprofen,2025-12-04,No
M00545,SUB-0583,S10,Corticosteroids,Prednisone,2025-09-07,Yes
M00546,SUB-0584,S10,Analgesics,Paracetamol,2026-07-24,No
M00547,SUB-0584,S10,Antibiotics,Amoxicillin,2026-09-03,Yes
M00548,SUB-0585,S10,Antidiabetics,Metformin,2025-12-12,Yes
M00549,SUB-0585,S10,Antihypertensives,Amlodipine,2026-01-06,Yes
M00550,SUB-0585,S10,Antidiabetics,Metformin,2026-02-02,Yes
M00551,SUB-0587,S10,Corticosteroids,Prednisone,2025-11-01,Yes
M00552,SUB-0587,S10,Proton Pump Inhibitors,Omeprazole,2025-10-31,Yes
M00553,SUB-0588,S10,Antibiotics,Amoxicillin,2026-03-29,No
M00554,SUB-0588,S10,Antihistamines,Cetirizine,2026-03-31,Yes
M00555,SUB-0588,S10,Antibiotics,Amoxicillin,2026-06-19,Yes
M00556,SUB-0591,S10,Vitamins,Cholecalciferol,2025-06-23,Yes
M00557,SUB-0592,S10,Analgesics,Paracetamol,2025-10-10,No
M00558,SUB-0593,S10,Antidepressants,Sertraline,2026-07-14,No
M00559,SUB-0594,S10,Proton Pump Inhibitors,Omeprazole,2026-08-14,No
M00560,SUB-0595,S10,Antihypertensives,Amlodipine,2025-10-24,No
M00561,SUB-0596,S10,Antihypertensives,Amlodipine,2025-05-30,Yes
M00562,SUB-0596,S10,Antihypertensives,Amlodipine,2025-06-09,No
M00563,SUB-0597,S10,Antihypertensives,Amlodipine,2026-08-30,Yes
M00564,SUB-0598,S10,Antihistamines,Cetirizine,2025-09-16,No
M00565,SUB-0598,S10,Antihistamines,Cetirizine,2025-09-14,Yes
M00566,SUB-0598,S10,Corticosteroids,Prednisone,2025-11-02,No
M00567,SUB-0599,S10,Antibiotics,Amoxicillin,2025-10-15,No
M00568,SUB-0599,S10,Antihypertensives,Amlodipine,2025-09-25,No
M00569,SUB-0601,S10,Vitamins,Cholecalciferol,2025-07-08,No
M00570,SUB-0601,S10,Analgesics,Ibuprofen,2025-06-10,Yes
M00571,SUB-0601,S10,Statins,Atorvastatin,2025-07-10,Yes
M00572,SUB-0601,S10,Statins,Atorvastatin,2025-07-23,Yes
M00573,SUB-0605,S11,Analgesics,Ibuprofen,2025-08-20,No
M00574,SUB-0605,S11,Proton Pump Inhibitors,Omeprazole,2025-09-05,No
M00575,SUB-0605,S11,Antihypertensives,Lisinopril,2025-10-21,No
M00576,SUB-0605,S11,Corticosteroids,Prednisone,2025-08-20,No
M00577,SUB-0607,S11,Statins,Atorvastatin,2026-04-11,No
M00578,SUB-0607,S11,Corticosteroids,Prednisone,2026-04-13,Yes
M00579,SUB-0608,S11,Antihypertensives,Amlodipine,2025-05-17,No
M00580,SUB-0608,S11,Antidiabetics,Metformin,2025-05-12,No
M00581,SUB-0608,S11,Corticosteroids,Prednisone,2025-04-11,Yes
M00582,SUB-0608,S11,Statins,Atorvastatin,2025-04-26,Yes
M00583,SUB-0609,S11,Proton Pump Inhibitors,Omeprazole,2025-10-26,No
M00584,SUB-0609,S11,Antibiotics,Amoxicillin,2025-11-20,Yes
M00585,SUB-0614,S11,Statins,Atorvastatin,2025-05-31,Yes
M00586,SUB-0614,S11,Antihypertensives,Amlodipine,2025-06-17,No
M00587,SUB-0615,S11,Antidepressants,Sertraline,2026-07-07,No
M00588,SUB-0615,S11,Antihypertensives,Amlodipine,2026-06-22,No
M00589,SUB-0617,S11,Proton Pump Inhibitors,Omeprazole,2026-09-07,No
M00590,SUB-0618,S11,Antidepressants,Sertraline,2026-02-10,No
M00591,SUB-0622,S11,Statins,Atorvastatin,2026-07-10,No
M00592,SUB-0622,S11,Analgesics,Ibuprofen,2026-08-24,No
M00593,SUB-0623,S11,Antidepressants,Sertraline,2026-09-03,Yes
M00594,SUB-0624,S11,Antihypertensives,Amlodipine,2026-01-01,Yes
M00595,SUB-0624,S11,Antihypertensives,Amlodipine,2026-03-01,No
M00596,SUB-0624,S11,Antihistamines,Cetirizine,2026-02-21,Yes
M00597,SUB-0624,S11,Antibiotics,Amoxicillin,2025-12-17,Yes
M00598,SUB-0625,S11,Statins,Atorvastatin,2026-03-08,Yes
M00599,SUB-0626,S11,Corticosteroids,Prednisone,2025-09-01,Yes
M00600,SUB-0626,S11,Antibiotics,Amoxicillin,2025-08-02,No
M00601,SUB-0626,S11,Antidepressants,Sertraline,2025-09-05,No
M00602,SUB-0628,S11,Corticosteroids,Prednisone,2026-09-11,Yes
M00603,SUB-0628,S11,Analgesics,Paracetamol,2026-09-07,No
M00604,SUB-0628,S11,Proton Pump Inhibitors,Omeprazole,2026-08-12,No
M00605,SUB-0630,S11,Antihypertensives,Amlodipine,2026-08-22,No
M00606,SUB-0630,S11,Vitamins,Cholecalciferol,2026-08-08,Yes
M00607,SUB-0633,S11,Antihistamines,Cetirizine,2026-04-16,No
M00608,SUB-0634,S11,Vitamins,Cholecalciferol,2026-02-07,Yes
M00609,SUB-0634,S11,Antibiotics,Amoxicillin,2025-11-16,Yes
M00610,SUB-0635,S11,Vitamins,Cholecalciferol,2026-04-10,Yes
M00611,SUB-0638,S11,Analgesics,Paracetamol,2026-04-12,Yes
M00612,SUB-0638,S11,Antidiabetics,Metformin,2026-04-28,Yes
M00613,SUB-0640,S11,Analgesics,Ibuprofen,2025-08-31,No
M00614,SUB-0640,S11,Corticosteroids,Prednisone,2025-09-04,Yes
M00615,SUB-0640,S11,Antihypertensives,Lisinopril,2025-07-26,No
M00616,SUB-0640,S11,Antidepressants,Sertraline,2025-09-27,Yes
M00617,SUB-0642,S11,Antihypertensives,Amlodipine,2025-06-22,Yes
M00618,SUB-0644,S11,Proton Pump Inhibitors,Omeprazole,2026-05-12,Yes
M00619,SUB-0644,S11,Antihypertensives,Lisinopril,2026-04-20,No
M00620,SUB-0644,S11,Proton Pump Inhibitors,Omeprazole,2026-03-25,Yes
M00621,SUB-0645,S11,Antihypertensives,Lisinopril,2026-04-04,Yes
M00622,SUB-0646,S11,Antihypertensives,Lisinopril,2026-04-19,No
M00623,SUB-0646,S11,Vitamins,Cholecalciferol,2026-07-03,Yes
M00624,SUB-0647,S11,Antidepressants,Sertraline,2025-06-13,No
M00625,SUB-0647,S11,Analgesics,Ibuprofen,2025-05-01,No
M00626,SUB-0650,S11,Analgesics,Ibuprofen,2026-07-01,Yes
M00627,SUB-0653,S11,Antidiabetics,Metformin,2026-04-22,Yes
M00628,SUB-0662,S11,Antihypertensives,Amlodipine,2025-06-16,Yes
M00629,SUB-0662,S11,Antihypertensives,Lisinopril,2025-06-21,No
M00630,SUB-0662,S11,Antidiabetics,Metformin,2025-07-31,Yes
M00631,SUB-0663,S11,Statins,Atorvastatin,2026-04-01,No
M00632,SUB-0663,S11,Statins,Atorvastatin,2026-03-07,Yes
M00633,SUB-0667,S11,Antihypertensives,Amlodipine,2025-09-15,Yes
M00634,SUB-0667,S11,Antihypertensives,Amlodipine,2025-09-24,Yes
M00635,SUB-0667,S11,Vitamins,Cholecalciferol,2025-10-04,Yes
M00636,SUB-0669,S12,Antidiabetics,Metformin,2025-11-17,Yes
M00637,SUB-0670,S12,Antibiotics,Amoxicillin,2026-08-24,Yes
M00638,SUB-0670,S12,Antihistamines,Cetirizine,2026-08-18,No
M00639,SUB-0676,S12,Statins,Atorvastatin,2026-03-04,Yes
M00640,SUB-0678,S12,Antihypertensives,Lisinopril,2025-06-13,Yes
M00641,SUB-0680,S12,Proton Pump Inhibitors,Omeprazole,2025-11-07,Yes
M00642,SUB-0680,S12,Analgesics,Paracetamol,2026-01-06,Yes
M00643,SUB-0681,S12,Antihypertensives,Amlodipine,2026-05-26,Yes
M00644,SUB-0682,S12,Proton Pump Inhibitors,Omeprazole,2026-07-24,No
M00645,SUB-0682,S12,Analgesics,Ibuprofen,2026-08-08,No
M00646,SUB-0682,S12,Antidepressants,Sertraline,2026-08-13,No
M00647,SUB-0684,S12,Analgesics,Ibuprofen,2026-02-07,Yes
M00648,SUB-0686,S12,Vitamins,Cholecalciferol,2025-12-24,Yes
M00649,SUB-0686,S12,Antihypertensives,Lisinopril,2026-02-25,No
M00650,SUB-0691,S12,Antidepressants,Sertraline,2025-10-31,No
M00651,SUB-0692,S12,Analgesics,Paracetamol,2025-06-22,No
M00652,SUB-0692,S12,Antihypertensives,Lisinopril,2025-06-14,Yes
M00653,SUB-0692,S12,Antidepressants,Sertraline,2025-06-15,Yes
M00654,SUB-0693,S12,Antihistamines,Cetirizine,2026-08-21,No
M00655,SUB-0693,S12,Antibiotics,Amoxicillin,2026-07-13,Yes
M00656,SUB-0693,S12,Vitamins,Cholecalciferol,2026-08-29,Yes
M00657,SUB-0693,S12,Antihypertensives,Lisinopril,2026-08-21,Yes
M00658,SUB-0695,S12,Antihypertensives,Amlodipine,2026-07-13,No
M00659,SUB-0695,S12,Antihistamines,Cetirizine,2026-07-31,No
M00660,SUB-0698,S12,Statins,Atorvastatin,2026-08-01,No
M00661,SUB-0698,S12,Proton Pump Inhibitors,Omeprazole,2026-08-16,No
M00662,SUB-0698,S12,Vitamins,Cholecalciferol,2026-08-04,Yes
M00663,SUB-0698,S12,Proton Pump Inhibitors,Omeprazole,2026-08-25,No
M00664,SUB-0701,S12,Analgesics,Paracetamol,2025-08-04,Yes
M00665,SUB-0701,S12,Proton Pump Inhibitors,Omeprazole,2025-09-08,Yes
M00666,SUB-0701,S12,Vitamins,Cholecalciferol,2025-09-17,No
M00667,SUB-0701,S12,Corticosteroids,Prednisone,2025-08-06,No
M00668,SUB-0702,S12,Antihistamines,Cetirizine,2025-09-21,No
M00669,SUB-0702,S12,Vitamins,Cholecalciferol,2025-11-05,Yes
M00670,SUB-0703,S12,Statins,Atorvastatin,2025-10-17,Yes
M00671,SUB-0703,S12,Vitamins,Cholecalciferol,2025-12-17,Yes
M00672,SUB-0705,S12,Analgesics,Ibuprofen,2026-07-18,Yes
M00673,SUB-0705,S12,Antihypertensives,Lisinopril,2026-08-11,No
M00674,SUB-0705,S12,Statins,Atorvastatin,2026-08-29,No
M00675,SUB-0708,S12,Corticosteroids,Prednisone,2025-11-23,Yes
M00676,SUB-0709,S12,Statins,Atorvastatin,2026-08-05,Yes
M00677,SUB-0710,S12,Antidepressants,Sertraline,2025-12-12,Yes
M00678,SUB-0710,S12,Antihypertensives,Amlodipine,2026-03-04,Yes
M00679,SUB-0710,S12,Antihypertensives,Amlodipine,2026-01-05,Yes
M00680,SUB-0712,S12,Antibiotics,Amoxicillin,2025-07-21,Yes
M00681,SUB-0712,S12,Corticosteroids,Prednisone,2025-07-11,Yes
M00682,SUB-0712,S12,Antidiabetics,Metformin,2025-07-28,No
M00683,SUB-0713,S12,Vitamins,Cholecalciferol,2025-07-29,No
M00684,SUB-0713,S12,Antidepressants,Sertraline,2025-08-10,Yes
M00685,SUB-0717,S12,Statins,Atorvastatin,2026-01-02,Yes
M00686,SUB-0717,S12,Antidepressants,Sertraline,2025-10-23,No
M00687,SUB-0717,S12,Corticosteroids,Prednisone,2025-11-24,No
M00688,SUB-0718,S12,Antihistamines,Cetirizine,2025-09-14,No
M00689,SUB-0718,S12,Analgesics,Paracetamol,2025-09-01,No
M00690,SUB-0719,S12,Analgesics,Ibuprofen,2026-07-16,No
M00691,SUB-0720,S12,Analgesics,Paracetamol,2025-11-07,Yes
M00692,SUB-0720,S12,Analgesics,Paracetamol,2025-12-14,Yes
M00693,SUB-0721,S12,Antidiabetics,Metformin,2025-12-22,Yes
M00694,SUB-0728,S12,Antihypertensives,Amlodipine,2025-09-16,No
M00695,SUB-0731,S12,Antihypertensives,Lisinopril,2025-09-05,No
M00696,SUB-0731,S12,Antidiabetics,Metformin,2025-08-09,No
M00697,SUB-0732,S12,Antibiotics,Amoxicillin,2026-02-22,Yes
M00698,SUB-0732,S12,Antidiabetics,Metformin,2026-04-04,Yes
M00699,SUB-0732,S12,Vitamins,Cholecalciferol,2026-03-03,No
M00700,SUB-0732,S12,Analgesics,Paracetamol,2026-02-16,Yes
M00701,SUB-0733,S13,Corticosteroids,Prednisone,2025-10-18,Yes
M00702,SUB-0733,S13,Antihistamines,Cetirizine,2025-09-07,Yes
M00703,SUB-0735,S13,Analgesics,Ibuprofen,2026-02-07,No
M00704,SUB-0735,S13,Analgesics,Ibuprofen,2026-04-02,Yes
M00705,SUB-0736,S13,Antihypertensives,Lisinopril,2025-10-22,Yes
M00706,SUB-0738,S13,Antihypertensives,Amlodipine,2025-09-01,Yes
M00707,SUB-0738,S13,Antidiabetics,Metformin,2025-07-23,Yes
M00708,SUB-0741,S13,Antidepressants,Sertraline,2026-06-23,Yes
M00709,SUB-0741,S13,Vitamins,Cholecalciferol,2026-05-24,Yes
M00710,SUB-0749,S13,Antibiotics,Amoxicillin,2026-06-14,Yes
M00711,SUB-0749,S13,Antihypertensives,Amlodipine,2026-08-15,Yes
M00712,SUB-0749,S13,Antihypertensives,Amlodipine,2026-06-16,Yes
M00713,SUB-0750,S13,Antibiotics,Amoxicillin,2026-03-15,Yes
M00714,SUB-0751,S13,Antihypertensives,Lisinopril,2026-09-13,No
M00715,SUB-0752,S13,Vitamins,Cholecalciferol,2026-07-17,No
M00716,SUB-0752,S13,Proton Pump Inhibitors,Omeprazole,2026-07-31,No
M00717,SUB-0753,S13,Corticosteroids,Prednisone,2026-04-23,Yes
M00718,SUB-0753,S13,Antihistamines,Cetirizine,2026-04-02,Yes
M00719,SUB-0753,S13,Antidepressants,Sertraline,2026-03-09,Yes
M00720,SUB-0754,S13,Antibiotics,Amoxicillin,2026-03-10,No
M00721,SUB-0754,S13,Antihypertensives,Lisinopril,2026-03-01,No
M00722,SUB-0755,S13,Antibiotics,Amoxicillin,2026-08-02,Yes
M00723,SUB-0755,S13,Analgesics,Paracetamol,2026-06-12,Yes
M00724,SUB-0755,S13,Analgesics,Ibuprofen,2026-08-05,No
M00725,SUB-0756,S13,Antidepressants,Sertraline,2025-11-20,No
M00726,SUB-0756,S13,Antibiotics,Amoxicillin,2025-12-30,Yes
M00727,SUB-0756,S13,Analgesics,Ibuprofen,2025-12-06,No
M00728,SUB-0758,S13,Antihypertensives,Lisinopril,2026-07-23,Yes
M00729,SUB-0758,S13,Analgesics,Paracetamol,2026-05-29,Yes
M00730,SUB-0759,S13,Analgesics,Ibuprofen,2026-02-10,No
M00731,SUB-0759,S13,Statins,Atorvastatin,2026-01-05,Yes
M00732,SUB-0762,S13,Statins,Atorvastatin,2025-11-28,No
M00733,SUB-0762,S13,Corticosteroids,Prednisone,2025-11-24,Yes
M00734,SUB-0762,S13,Antihypertensives,Lisinopril,2026-01-23,Yes
M00735,SUB-0763,S13,Statins,Atorvastatin,2025-08-29,Yes
M00736,SUB-0763,S13,Vitamins,Cholecalciferol,2025-06-27,No
M00737,SUB-0766,S13,Antidiabetics,Metformin,2026-08-13,No
M00738,SUB-0766,S13,Antidepressants,Sertraline,2026-07-13,Yes
M00739,SUB-0767,S13,Antihistamines,Cetirizine,2025-09-14,No
M00740,SUB-0767,S13,Vitamins,Cholecalciferol,2025-11-15,No
M00741,SUB-0767,S13,Vitamins,Cholecalciferol,2025-11-07,No
M00742,SUB-0769,S13,Antidiabetics,Metformin,2026-01-09,No
M00743,SUB-0769,S13,Antihypertensives,Amlodipine,2026-02-04,Yes
M00744,SUB-0770,S13,Antidiabetics,Metformin,2026-01-03,No
M00745,SUB-0771,S13,Analgesics,Paracetamol,2026-01-05,No
M00746,SUB-0772,S13,Statins,Atorvastatin,2025-09-11,No
M00747,SUB-0773,S13,Antidiabetics,Metformin,2025-12-07,Yes
M00748,SUB-0774,S13,Vitamins,Cholecalciferol,2025-09-22,Yes
M00749,SUB-0774,S13,Vitamins,Cholecalciferol,2025-12-09,Yes
M00750,SUB-0777,S13,Antihypertensives,Lisinopril,2026-06-12,No
M00751,SUB-0777,S13,Antibiotics,Amoxicillin,2026-07-22,No
M00752,SUB-0777,S13,Analgesics,Ibuprofen,2026-08-26,No
M00753,SUB-0781,S13,Antidiabetics,Metformin,2026-07-02,No
M00754,SUB-0781,S13,Antihypertensives,Amlodipine,2026-08-08,No
M00755,SUB-0782,S13,Proton Pump Inhibitors,Omeprazole,2025-10-28,No
M00756,SUB-0782,S13,Analgesics,Ibuprofen,2025-10-08,Yes
M00757,SUB-0787,S13,Antihypertensives,Amlodipine,2026-07-30,No
M00758,SUB-0789,S14,Antibiotics,Amoxicillin,2025-12-31,Yes
M00759,SUB-0789,S14,Analgesics,Paracetamol,2026-01-21,No
M00760,SUB-0789,S14,Antidiabetics,Metformin,2026-01-15,Yes
M00761,SUB-0792,S14,Antihistamines,Cetirizine,2026-09-01,Yes
M00762,SUB-0792,S14,Analgesics,Ibuprofen,2026-08-14,Yes
M00763,SUB-0794,S14,Analgesics,Paracetamol,2026-07-15,No
M00764,SUB-0795,S14,Corticosteroids,Prednisone,2026-06-19,Yes
M00765,SUB-0795,S14,Corticosteroids,Prednisone,2026-06-29,Yes
M00766,SUB-0796,S14,Antibiotics,Amoxicillin,2025-10-12,Yes
M00767,SUB-0796,S14,Proton Pump Inhibitors,Omeprazole,2025-09-11,No
M00768,SUB-0797,S14,Antihypertensives,Amlodipine,2026-02-06,No
M00769,SUB-0797,S14,Antibiotics,Amoxicillin,2026-04-01,Yes
M00770,SUB-0797,S14,Proton Pump Inhibitors,Omeprazole,2026-03-02,Yes
M00771,SUB-0799,S14,Antihypertensives,Amlodipine,2026-01-07,No
M00772,SUB-0800,S14,Antihistamines,Cetirizine,2025-11-07,No
M00773,SUB-0800,S14,Proton Pump Inhibitors,Omeprazole,2025-10-23,Yes
M00774,SUB-0802,S14,Antibiotics,Amoxicillin,2026-03-05,Yes
M00775,SUB-0808,S14,Antidepressants,Sertraline,2026-06-28,Yes
M00776,SUB-0808,S14,Statins,Atorvastatin,2026-06-29,No
M00777,SUB-0808,S14,Corticosteroids,Prednisone,2026-07-05,Yes
M00778,SUB-0808,S14,Analgesics,Paracetamol,2026-07-17,Yes
M00779,SUB-0811,S14,Antidepressants,Sertraline,2026-06-30,Yes
M00780,SUB-0811,S14,Analgesics,Ibuprofen,2026-07-11,No
M00781,SUB-0811,S14,Statins,Atorvastatin,2026-07-28,Yes
M00782,SUB-0813,S14,Antihypertensives,Lisinopril,2026-06-03,No
M00783,SUB-0813,S14,Antihypertensives,Lisinopril,2026-05-09,Yes
M00784,SUB-0815,S14,Statins,Atorvastatin,2026-01-19,Yes
M00785,SUB-0815,S14,Antihypertensives,Lisinopril,2026-02-07,No
M00786,SUB-0815,S14,Analgesics,Ibuprofen,2026-01-27,Yes
M00787,SUB-0816,S14,Proton Pump Inhibitors,Omeprazole,2026-04-27,No
M00788,SUB-0816,S14,Proton Pump Inhibitors,Omeprazole,2026-05-28,Yes
M00789,SUB-0818,S14,Antihistamines,Cetirizine,2026-07-29,No
M00790,SUB-0820,S14,Antidiabetics,Metformin,2026-08-16,Yes
M00791,SUB-0820,S14,Antihypertensives,Amlodipine,2026-08-19,Yes
M00792,SUB-0823,S14,Vitamins,Cholecalciferol,2025-10-23,No
M00793,SUB-0826,S14,Analgesics,Ibuprofen,2026-01-19,No
M00794,SUB-0827,S14,Antidiabetics,Metformin,2025-07-23,Yes
M00795,SUB-0827,S14,Antidiabetics,Metformin,2025-07-22,Yes
M00796,SUB-0828,S14,Antidepressants,Sertraline,2025-12-25,Yes
M00797,SUB-0829,S14,Statins,Atorvastatin,2026-01-01,No
M00798,SUB-0832,S14,Antidepressants,Sertraline,2026-07-14,No
M00799,SUB-0832,S14,Proton Pump Inhibitors,Omeprazole,2026-09-01,No
M00800,SUB-0833,S14,Antibiotics,Amoxicillin,2026-05-07,No
M00801,SUB-0833,S14,Analgesics,Ibuprofen,2026-05-10,Yes
M00802,SUB-0834,S14,Analgesics,Ibuprofen,2025-11-02,Yes
M00803,SUB-0837,S14,Antihypertensives,Lisinopril,2026-04-29,No
M00804,SUB-0838,S14,Antihypertensives,Lisinopril,2025-08-29,No
M00805,SUB-0839,S14,Statins,Atorvastatin,2025-12-27,No
M00806,SUB-0839,S14,Antidepressants,Sertraline,2025-12-09,Yes
M00807,SUB-0840,S14,Proton Pump Inhibitors,Omeprazole,2026-05-13,No
M00808,SUB-0840,S14,Vitamins,Cholecalciferol,2026-02-18,No
M00809,SUB-0840,S14,Antidiabetics,Metformin,2026-04-09,Yes
M00810,SUB-0841,S14,Antihypertensives,Amlodipine,2026-06-30,Yes
M00811,SUB-0841,S14,Analgesics,Ibuprofen,2026-07-15,No
M00812,SUB-0841,S14,Antidiabetics,Metformin,2026-08-20,No
M00813,SUB-0841,S14,Antihypertensives,Lisinopril,2026-06-26,Yes
M00814,SUB-0843,S14,Proton Pump Inhibitors,Omeprazole,2026-03-14,No
M00815,SUB-0843,S14,Antibiotics,Amoxicillin,2026-03-11,No
M00816,SUB-0843,S14,Proton Pump Inhibitors,Omeprazole,2026-03-06,No
M00817,SUB-0843,S14,Analgesics,Paracetamol,2026-03-27,Yes
M00818,SUB-0844,S14,Corticosteroids,Prednisone,2026-09-03,Yes
M00819,SUB-0844,S14,Analgesics,Ibuprofen,2026-08-20,Yes
M00820,SUB-0849,S14,Analgesics,Paracetamol,2026-02-18,Yes
M00821,SUB-0849,S14,Proton Pump Inhibitors,Omeprazole,2026-03-28,No
M00822,SUB-0849,S14,Antihypertensives,Lisinopril,2026-03-19,No
M00823,SUB-0850,S14,Antihistamines,Cetirizine,2026-09-23,Yes
M00824,SUB-0853,S14,Corticosteroids,Prednisone,2026-07-16,Yes
M00825,SUB-0854,S14,Antidepressants,Sertraline,2026-06-05,No
M00826,SUB-0854,S14,Vitamins,Cholecalciferol,2026-04-27,Yes
M00827,SUB-0859,S15,Antihypertensives,Lisinopril,2025-08-02,Yes
M00828,SUB-0860,S15,Antidepressants,Sertraline,2026-07-19,No
M00829,SUB-0860,S15,Analgesics,Paracetamol,2026-09-03,No
M00830,SUB-0860,S15,Analgesics,Paracetamol,2026-06-28,No
M00831,SUB-0862,S15,Vitamins,Cholecalciferol,2025-06-20,No
M00832,SUB-0865,S15,Antibiotics,Amoxicillin,2026-01-03,No
M00833,SUB-0865,S15,Corticosteroids,Prednisone,2026-01-22,Yes
M00834,SUB-0866,S15,Proton Pump Inhibitors,Omeprazole,2026-04-19,Yes
M00835,SUB-0869,S15,Antihypertensives,Amlodipine,2026-07-19,No
M00836,SUB-0869,S15,Antibiotics,Amoxicillin,2026-08-25,Yes
M00837,SUB-0869,S15,Vitamins,Cholecalciferol,2026-07-21,No
M00838,SUB-0872,S15,Analgesics,Ibuprofen,2026-06-15,No
M00839,SUB-0875,S15,Antidiabetics,Metformin,2026-08-29,No
M00840,SUB-0877,S15,Antidiabetics,Metformin,2026-07-15,No
M00841,SUB-0877,S15,Analgesics,Ibuprofen,2026-07-03,Yes
M00842,SUB-0878,S15,Antidiabetics,Metformin,2026-02-12,Yes
M00843,SUB-0878,S15,Antihypertensives,Amlodipine,2026-02-26,No
M00844,SUB-0882,S15,Analgesics,Paracetamol,2026-02-23,Yes
M00845,SUB-0882,S15,Antidepressants,Sertraline,2026-05-15,Yes
M00846,SUB-0882,S15,Antihypertensives,Lisinopril,2026-04-14,No
M00847,SUB-0883,S15,Analgesics,Paracetamol,2026-07-25,Yes
M00848,SUB-0886,S15,Antibiotics,Amoxicillin,2025-05-10,Yes
M00849,SUB-0886,S15,Antidiabetics,Metformin,2025-07-24,Yes
M00850,SUB-0886,S15,Antidiabetics,Metformin,2025-07-09,No
M00851,SUB-0887,S15,Analgesics,Paracetamol,2025-08-24,No
M00852,SUB-0887,S15,Proton Pump Inhibitors,Omeprazole,2025-06-27,No
M00853,SUB-0889,S15,Antihistamines,Cetirizine,2026-02-21,No
M00854,SUB-0889,S15,Antihypertensives,Lisinopril,2026-03-15,Yes
M00855,SUB-0890,S15,Antidiabetics,Metformin,2026-09-04,Yes
M00856,SUB-0890,S15,Statins,Atorvastatin,2026-08-28,Yes
M00857,SUB-0892,S15,Vitamins,Cholecalciferol,2026-02-13,No
M00858,SUB-0893,S15,Antihypertensives,Amlodipine,2026-01-30,Yes
M00859,SUB-0894,S15,Antibiotics,Amoxicillin,2026-03-23,Yes
M00860,SUB-0896,S15,Antibiotics,Amoxicillin,2025-11-30,Yes
M00861,SUB-0897,S15,Antidiabetics,Metformin,2026-06-08,Yes
M00862,SUB-0897,S15,Antihypertensives,Lisinopril,2026-06-05,No
M00863,SUB-0900,S15,Analgesics,Ibuprofen,2026-06-18,Yes
M00864,SUB-0900,S15,Statins,Atorvastatin,2026-08-27,No
M00865,SUB-0900,S15,Antidiabetics,Metformin,2026-07-04,No
M00866,SUB-0901,S15,Antihypertensives,Lisinopril,2025-12-18,No
M00867,SUB-0903,S15,Antihypertensives,Amlodipine,2026-07-05,No
M00868,SUB-0906,S15,Corticosteroids,Prednisone,2026-03-17,Yes
M00869,SUB-0906,S15,Antihypertensives,Lisinopril,2026-03-19,Yes
M00870,SUB-0907,S15,Antibiotics,Amoxicillin,2026-06-16,No
M00871,SUB-0907,S15,Antidepressants,Sertraline,2026-07-06,Yes
M00872,SUB-0908,S15,Proton Pump Inhibitors,Omeprazole,2025-12-23,No
M00873,SUB-0908,S15,Statins,Atorvastatin,2025-11-09,No
M00874,SUB-0909,S15,Antibiotics,Amoxicillin,2026-08-26,No
M00875,SUB-0909,S15,Antihistamines,Cetirizine,2026-07-10,No
M00876,SUB-0909,S15,Antibiotics,Amoxicillin,2026-06-26,No
M00877,SUB-0910,S15,Analgesics,Paracetamol,2025-11-02,Yes
M00878,SUB-0910,S15,Antihistamines,Cetirizine,2025-09-21,Yes
M00879,SUB-0912,S15,Antibiotics,Amoxicillin,2026-08-09,Yes
M00880,SUB-0912,S15,Antihistamines,Cetirizine,2026-06-26,No
M00881,SUB-0912,S15,Antidepressants,Sertraline,2026-06-23,Yes
M00882,SUB-0914,S16,Antihypertensives,Amlodipine,2025-12-21,Yes
M00883,SUB-0914,S16,Antibiotics,Amoxicillin,2026-01-24,Yes
M00884,SUB-0914,S16,Antihistamines,Cetirizine,2026-01-23,Yes
M00885,SUB-0918,S16,Vitamins,Cholecalciferol,2026-01-09,No
M00886,SUB-0919,S16,Antihypertensives,Amlodipine,2025-06-10,No
M00887,SUB-0920,S16,Statins,Atorvastatin,2026-04-10,Yes
M00888,SUB-0921,S16,Corticosteroids,Prednisone,2025-07-14,Yes
M00889,SUB-0921,S16,Analgesics,Paracetamol,2025-07-06,No
M00890,SUB-0921,S16,Vitamins,Cholecalciferol,2025-05-29,No
M00891,SUB-0924,S16,Analgesics,Ibuprofen,2025-08-27,No
M00892,SUB-0925,S16,Proton Pump Inhibitors,Omeprazole,2025-12-06,No
M00893,SUB-0928,S16,Antihypertensives,Amlodipine,2026-07-20,Yes
M00894,SUB-0928,S16,Antidepressants,Sertraline,2026-07-12,No
M00895,SUB-0929,S16,Proton Pump Inhibitors,Omeprazole,2026-06-08,No
M00896,SUB-0929,S16,Statins,Atorvastatin,2026-04-18,No
M00897,SUB-0930,S16,Analgesics,Ibuprofen,2025-10-17,Yes
M00898,SUB-0930,S16,Corticosteroids,Prednisone,2025-09-30,Yes
M00899,SUB-0931,S16,Antibiotics,Amoxicillin,2025-09-20,No
M00900,SUB-0932,S16,Antidepressants,Sertraline,2025-09-10,No
M00901,SUB-0933,S16,Corticosteroids,Prednisone,2025-06-05,Yes
M00902,SUB-0933,S16,Antihypertensives,Lisinopril,2025-04-20,Yes
M00903,SUB-0934,S16,Vitamins,Cholecalciferol,2025-10-28,Yes
M00904,SUB-0934,S16,Vitamins,Cholecalciferol,2025-10-27,No
M00905,SUB-0936,S16,Vitamins,Cholecalciferol,2026-08-25,No
M00906,SUB-0936,S16,Antidiabetics,Metformin,2026-08-04,No
M00907,SUB-0937,S16,Proton Pump Inhibitors,Omeprazole,2026-02-22,Yes
M00908,SUB-0937,S16,Vitamins,Cholecalciferol,2026-02-06,No
M00909,SUB-0940,S16,Antihistamines,Cetirizine,2026-07-03,No
M00910,SUB-0942,S16,Antidepressants,Sertraline,2025-07-01,Yes
M00911,SUB-0942,S16,Antihypertensives,Amlodipine,2025-06-11,No
M00912,SUB-0942,S16,Vitamins,Cholecalciferol,2025-08-22,Yes
M00913,SUB-0943,S16,Analgesics,Paracetamol,2026-08-03,Yes
M00914,SUB-0943,S16,Antihypertensives,Lisinopril,2026-07-11,No
M00915,SUB-0944,S16,Corticosteroids,Prednisone,2026-05-01,No
M00916,SUB-0944,S16,Antidiabetics,Metformin,2026-06-12,Yes
M00917,SUB-0944,S16,Vitamins,Cholecalciferol,2026-06-26,Yes
M00918,SUB-0950,S16,Antidiabetics,Metformin,2026-05-17,No
M00919,SUB-0951,S16,Proton Pump Inhibitors,Omeprazole,2025-12-18,No
M00920,SUB-0952,S16,Corticosteroids,Prednisone,2026-03-12,No
M00921,SUB-0953,S16,Antidepressants,Sertraline,2026-06-24,Yes
M00922,SUB-0954,S16,Analgesics,Paracetamol,2025-06-25,No
M00923,SUB-0956,S16,Antihypertensives,Amlodipine,2026-01-29,No
M00924,SUB-0956,S16,Antihistamines,Cetirizine,2026-01-21,Yes
M00925,SUB-0957,S16,Antidepressants,Sertraline,2026-02-02,No
M00926,SUB-0957,S16,Statins,Atorvastatin,2026-01-02,Yes
M00927,SUB-0957,S16,Antidiabetics,Metformin,2026-01-16,Yes
M00928,SUB-0957,S16,Analgesics,Ibuprofen,2026-02-08,No
M00929,SUB-0958,S16,Antihistamines,Cetirizine,2026-01-19,Yes
M00930,SUB-0958,S16,Antihistamines,Cetirizine,2025-11-14,No
M00931,SUB-0959,S16,Antidiabetics,Metformin,2026-01-31,No
M00932,SUB-0962,S16,Antihistamines,Cetirizine,2025-07-13,No
M00933,SUB-0962,S16,Analgesics,Paracetamol,2025-07-14,No
M00934,SUB-0963,S16,Antidiabetics,Metformin,2026-05-20,Yes
M00935,SUB-0967,S16,Analgesics,Paracetamol,2026-06-01,Yes
M00936,SUB-0967,S16,Antihypertensives,Lisinopril,2026-06-08,Yes
M00937,SUB-0968,S16,Proton Pump Inhibitors,Omeprazole,2025-06-30,Yes
M00938,SUB-0968,S16,Vitamins,Cholecalciferol,2025-07-22,Yes
M00939,SUB-0968,S16,Analgesics,Ibuprofen,2025-08-06,No
M00940,SUB-0968,S16,Analgesics,Ibuprofen,2025-07-28,No
M00941,SUB-0969,S16,Analgesics,Ibuprofen,2025-11-27,Yes
M00942,SUB-0969,S16,Antihypertensives,Amlodipine,2025-12-11,Yes
M00943,SUB-0970,S16,Antihypertensives,Amlodipine,2026-06-24,Yes
M00944,SUB-0972,S17,Antihypertensives,Amlodipine,2026-08-16,Yes
M00945,SUB-0972,S17,Corticosteroids,Prednisone,2026-09-06,No
M00946,SUB-0972,S17,Antihypertensives,Lisinopril,2026-06-30,Yes
M00947,SUB-0975,S17,Analgesics,Ibuprofen,2026-05-22,Yes
M00948,SUB-0975,S17,Antidepressants,Sertraline,2026-08-05,Yes
M00949,SUB-0975,S17,Antihypertensives,Amlodipine,2026-05-31,Yes
M00950,SUB-0975,S17,Corticosteroids,Prednisone,2026-05-25,Yes
M00951,SUB-0978,S17,Corticosteroids,Prednisone,2026-08-01,No
M00952,SUB-0978,S17,Antibiotics,Amoxicillin,2026-07-19,Yes
M00953,SUB-0978,S17,Statins,Atorvastatin,2026-07-08,Yes
M00954,SUB-0978,S17,Antidiabetics,Metformin,2026-08-28,No
M00955,SUB-0981,S17,Antihistamines,Cetirizine,2026-02-16,Yes
M00956,SUB-0984,S17,Antihypertensives,Amlodipine,2026-07-28,Yes
M00957,SUB-0985,S17,Statins,Atorvastatin,2026-01-27,Yes
M00958,SUB-0985,S17,Antihypertensives,Lisinopril,2026-02-07,Yes
M00959,SUB-0986,S17,Antihypertensives,Amlodipine,2026-07-21,No
M00960,SUB-0986,S17,Analgesics,Ibuprofen,2026-07-31,No
M00961,SUB-0986,S17,Antihistamines,Cetirizine,2026-06-23,Yes
M00962,SUB-0987,S17,Proton Pump Inhibitors,Omeprazole,2026-04-17,Yes
M00963,SUB-0987,S17,Analgesics,Paracetamol,2026-04-29,Yes
M00964,SUB-0987,S17,Antibiotics,Amoxicillin,2026-06-09,Yes
M00965,SUB-0989,S17,Antihypertensives,Amlodipine,2026-08-31,No
M00966,SUB-0989,S17,Analgesics,Ibuprofen,2026-07-14,No
M00967,SUB-0989,S17,Statins,Atorvastatin,2026-09-14,Yes
M00968,SUB-0991,S17,Antidepressants,Sertraline,2026-09-11,Yes
M00969,SUB-0991,S17,Vitamins,Cholecalciferol,2026-06-24,Yes
M00970,SUB-0991,S17,Antidiabetics,Metformin,2026-08-18,Yes
M00971,SUB-0992,S17,Antihypertensives,Amlodipine,2025-09-10,No
M00972,SUB-0992,S17,Antidepressants,Sertraline,2025-08-26,No
M00973,SUB-0992,S17,Corticosteroids,Prednisone,2025-10-09,No
M00974,SUB-0993,S17,Antidepressants,Sertraline,2025-11-09,No
M00975,SUB-0993,S17,Antihypertensives,Lisinopril,2025-11-23,Yes
M00976,SUB-0993,S17,Analgesics,Paracetamol,2025-11-19,No
M00977,SUB-0995,S17,Vitamins,Cholecalciferol,2025-06-06,Yes
M00978,SUB-0995,S17,Antidepressants,Sertraline,2025-06-21,No
M00979,SUB-0995,S17,Proton Pump Inhibitors,Omeprazole,2025-07-21,No
M00980,SUB-0996,S17,Antidiabetics,Metformin,2025-12-23,Yes
M00981,SUB-0996,S17,Analgesics,Ibuprofen,2026-02-07,No
M00982,SUB-0996,S17,Antibiotics,Amoxicillin,2025-12-17,Yes
M00983,SUB-0996,S17,Vitamins,Cholecalciferol,2026-03-15,No
M00984,SUB-0997,S17,Antihistamines,Cetirizine,2025-09-14,Yes
M00985,SUB-0997,S17,Antihypertensives,Lisinopril,2025-10-11,No
M00986,SUB-0998,S17,Corticosteroids,Prednisone,2025-11-21,No
M00987,SUB-0998,S17,Antidiabetics,Metformin,2025-10-08,No
M00988,SUB-0998,S17,Antihypertensives,Amlodipine,2025-10-19,No
M00989,SUB-1002,S17,Antihypertensives,Amlodipine,2025-08-09,No
M00990,SUB-1003,S17,Analgesics,Paracetamol,2026-02-15,No
M00991,SUB-1003,S17,Antibiotics,Amoxicillin,2025-12-15,No
M00992,SUB-1004,S17,Antidepressants,Sertraline,2026-09-17,No
M00993,SUB-1004,S17,Antihypertensives,Amlodipine,2026-09-13,No
M00994,SUB-1004,S17,Proton Pump Inhibitors,Omeprazole,2026-07-09,Yes
M00995,SUB-1005,S17,Statins,Atorvastatin,2026-03-18,Yes
M00996,SUB-1005,S17,Antidiabetics,Metformin,2026-03-16,No
M00997,SUB-1005,S17,Antihypertensives,Amlodipine,2026-04-03,No
M00998,SUB-1006,S17,Antidiabetics,Metformin,2026-02-11,No
M00999,SUB-1006,S17,Antihistamines,Cetirizine,2026-01-12,No
M01000,SUB-1006,S17,Antihypertensives,Lisinopril,2026-02-25,Yes
M01001,SUB-1008,S17,Antibiotics,Amoxicillin,2025-11-25,Yes
M01002,SUB-1011,S17,Corticosteroids,Prednisone,2025-06-16,Yes
M01003,SUB-1012,S17,Analgesics,Paracetamol,2025-10-10,Yes
M01004,SUB-1012,S17,Statins,Atorvastatin,2025-10-31,Yes
M01005,SUB-1012,S17,Statins,Atorvastatin,2025-10-13,Yes
M01006,SUB-1013,S17,Antihypertensives,Lisinopril,2025-12-25,Yes
M01007,SUB-1013,S17,Antihistamines,Cetirizine,2026-01-25,Yes
M01008,SUB-1014,S17,Antihypertensives,Amlodipine,2026-09-24,Yes
M01009,SUB-1014,S17,Analgesics,Paracetamol,2026-09-10,No
M01010,SUB-1014,S17,Antibiotics,Amoxicillin,2026-08-28,Yes
M01011,SUB-1014,S17,Corticosteroids,Prednisone,2026-08-21,Yes
M01012,SUB-1016,S17,Antihypertensives,Lisinopril,2026-08-17,No
M01013,SUB-1016,S17,Antidepressants,Sertraline,2026-07-17,No
M01014,SUB-1016,S17,Statins,Atorvastatin,2026-08-18,Yes
M01015,SUB-1016,S17,Antihypertensives,Amlodipine,2026-07-19,No
M01016,SUB-1017,S17,Vitamins,Cholecalciferol,2026-05-05,No
M01017,SUB-1018,S17,Antihypertensives,Lisinopril,2026-07-07,Yes
M01018,SUB-1018,S17,Vitamins,Cholecalciferol,2026-07-19,No
M01019,SUB-1019,S17,Vitamins,Cholecalciferol,2025-11-14,No
M01020,SUB-1019,S17,Proton Pump Inhibitors,Omeprazole,2025-10-10,No
M01021,SUB-1020,S17,Antibiotics,Amoxicillin,2025-08-05,Yes
M01022,SUB-1022,S17,Statins,Atorvastatin,2026-06-10,Yes
M01023,SUB-1026,S17,Corticosteroids,Prednisone,2025-11-24,No
M01024,SUB-1028,S18,Antihypertensives,Lisinopril,2026-03-01,No
M01025,SUB-1028,S18,Antihypertensives,Amlodipine,2026-03-06,No
M01026,SUB-1029,S18,Statins,Atorvastatin,2025-12-10,No
M01027,SUB-1030,S18,Analgesics,Ibuprofen,2026-02-23,Yes
M01028,SUB-1031,S18,Vitamins,Cholecalciferol,2025-09-18,No
M01029,SUB-1031,S18,Statins,Atorvastatin,2025-07-31,Yes
M01030,SUB-1032,S18,Antihistamines,Cetirizine,2026-07-01,No
M01031,SUB-1033,S18,Antihypertensives,Lisinopril,2025-09-01,No
M01032,SUB-1033,S18,Statins,Atorvastatin,2025-07-02,Yes
M01033,SUB-1033,S18,Antidepressants,Sertraline,2025-09-06,Yes
M01034,SUB-1034,S18,Antihypertensives,Lisinopril,2025-09-16,Yes
M01035,SUB-1035,S18,Proton Pump Inhibitors,Omeprazole,2025-07-24,No
M01036,SUB-1038,S18,Antihistamines,Cetirizine,2026-01-21,Yes
M01037,SUB-1038,S18,Antidepressants,Sertraline,2026-01-04,No
M01038,SUB-1038,S18,Antihypertensives,Lisinopril,2026-01-31,No
M01039,SUB-1039,S18,Antihypertensives,Amlodipine,2026-07-30,No
M01040,SUB-1040,S18,Antidepressants,Sertraline,2025-09-02,No
M01041,SUB-1041,S18,Antihypertensives,Lisinopril,2026-08-30,Yes
M01042,SUB-1041,S18,Vitamins,Cholecalciferol,2026-09-11,Yes
M01043,SUB-1044,S18,Proton Pump Inhibitors,Omeprazole,2025-09-17,No
M01044,SUB-1044,S18,Antihypertensives,Amlodipine,2025-07-10,No
M01045,SUB-1044,S18,Analgesics,Ibuprofen,2025-09-17,Yes
M01046,SUB-1045,S18,Antibiotics,Amoxicillin,2026-08-25,No
M01047,SUB-1045,S18,Antihypertensives,Lisinopril,2026-07-01,Yes
M01048,SUB-1049,S18,Vitamins,Cholecalciferol,2026-05-14,Yes
M01049,SUB-1049,S18,Antidiabetics,Metformin,2026-05-25,Yes
M01050,SUB-1049,S18,Corticosteroids,Prednisone,2026-06-23,Yes
M01051,SUB-1051,S18,Antidepressants,Sertraline,2025-12-31,Yes
M01052,SUB-1051,S18,Antihistamines,Cetirizine,2026-02-11,No
M01053,SUB-1055,S18,Vitamins,Cholecalciferol,2025-08-02,Yes
M01054,SUB-1056,S18,Analgesics,Paracetamol,2026-06-26,No
M01055,SUB-1057,S18,Antihypertensives,Amlodipine,2026-07-10,No
M01056,SUB-1057,S18,Antihistamines,Cetirizine,2026-07-28,Yes
M01057,SUB-1059,S18,Statins,Atorvastatin,2026-02-22,Yes
M01058,SUB-1059,S18,Analgesics,Paracetamol,2026-04-25,Yes
M01059,SUB-1061,S18,Antibiotics,Amoxicillin,2025-11-01,No
M01060,SUB-1061,S18,Antihypertensives,Amlodipine,2025-11-17,No
M01061,SUB-1063,S18,Antidiabetics,Metformin,2026-05-14,Yes
M01062,SUB-1063,S18,Antibiotics,Amoxicillin,2026-05-14,No
M01063,SUB-1063,S18,Antibiotics,Amoxicillin,2026-03-27,Yes
M01064,SUB-1065,S18,Analgesics,Ibuprofen,2026-02-21,No
M01065,SUB-1067,S18,Corticosteroids,Prednisone,2025-10-03,Yes
M01066,SUB-1067,S18,Antihistamines,Cetirizine,2025-12-23,No
M01067,SUB-1067,S18,Analgesics,Ibuprofen,2025-12-13,Yes
M01068,SUB-1067,S18,Antihypertensives,Lisinopril,2025-11-27,No
M01069,SUB-1072,S18,Antihypertensives,Amlodipine,2025-08-19,No
M01070,SUB-1074,S18,Analgesics,Paracetamol,2026-03-04,Yes
M01071,SUB-1074,S18,Proton Pump Inhibitors,Omeprazole,2026-02-01,Yes
M01072,SUB-1074,S18,Antibiotics,Amoxicillin,2026-01-14,Yes
M01073,SUB-1075,S18,Antibiotics,Amoxicillin,2025-07-25,No
M01074,SUB-1075,S18,Antihistamines,Cetirizine,2025-08-14,No
M01075,SUB-1075,S18,Antihistamines,Cetirizine,2025-07-09,No
M01076,SUB-1076,S18,Vitamins,Cholecalciferol,2025-10-04,Yes
M01077,SUB-1077,S18,Statins,Atorvastatin,2025-10-08,Yes
M01078,SUB-1080,S18,Antihypertensives,Amlodipine,2025-11-06,Yes
M01079,SUB-1082,S18,Corticosteroids,Prednisone,2026-01-05,No
M01080,SUB-1083,S18,Statins,Atorvastatin,2025-09-14,No
M01081,SUB-1083,S18,Antidepressants,Sertraline,2025-10-15,No
M01082,SUB-1085,S18,Corticosteroids,Prednisone,2025-10-24,Yes
M01083,SUB-1085,S18,Vitamins,Cholecalciferol,2025-11-22,Yes
M01084,SUB-1086,S18,Antihypertensives,Lisinopril,2026-06-28,Yes
M01085,SUB-1086,S18,Corticosteroids,Prednisone,2026-06-12,Yes
M01086,SUB-1087,S18,Antidiabetics,Metformin,2026-03-03,Yes
M01087,SUB-1087,S18,Antidiabetics,Metformin,2026-03-08,Yes
M01088,SUB-1090,S18,Antihypertensives,Lisinopril,2026-07-09,Yes
M01089,SUB-1093,S19,Antihypertensives,Amlodipine,2026-05-02,No
M01090,SUB-1093,S19,Statins,Atorvastatin,2026-04-14,No
M01091,SUB-1094,S19,Antihistamines,Cetirizine,2025-04-30,Yes
M01092,SUB-1094,S19,Analgesics,Ibuprofen,2025-05-13,Yes
M01093,SUB-1094,S19,Antibiotics,Amoxicillin,2025-07-18,No
M01094,SUB-1094,S19,Antidepressants,Sertraline,2025-06-27,Yes
M01095,SUB-1100,S19,Statins,Atorvastatin,2025-12-09,Yes
M01096,SUB-1102,S19,Corticosteroids,Prednisone,2025-11-30,Yes
M01097,SUB-1102,S19,Antihistamines,Cetirizine,2025-10-21,No
M01098,SUB-1103,S19,Corticosteroids,Prednisone,2025-11-19,No
M01099,SUB-1104,S19,Antihypertensives,Amlodipine,2025-12-13,Yes
M01100,SUB-1104,S19,Antibiotics,Amoxicillin,2025-12-03,Yes
M01101,SUB-1106,S19,Corticosteroids,Prednisone,2026-05-28,No
M01102,SUB-1110,S19,Antidiabetics,Metformin,2025-07-21,Yes
M01103,SUB-1110,S19,Statins,Atorvastatin,2025-07-14,Yes
M01104,SUB-1110,S19,Antidepressants,Sertraline,2025-07-22,Yes
M01105,SUB-1112,S19,Analgesics,Ibuprofen,2025-04-09,Yes
M01106,SUB-1112,S19,Analgesics,Paracetamol,2025-05-28,Yes
M01107,SUB-1113,S19,Antihistamines,Cetirizine,2026-03-09,Yes
M01108,SUB-1118,S19,Vitamins,Cholecalciferol,2025-08-08,Yes
M01109,SUB-1118,S19,Antidiabetics,Metformin,2025-08-19,Yes
M01110,SUB-1119,S19,Antibiotics,Amoxicillin,2025-05-15,Yes
M01111,SUB-1120,S19,Corticosteroids,Prednisone,2025-04-22,Yes
M01112,SUB-1122,S19,Proton Pump Inhibitors,Omeprazole,2025-07-07,Yes
M01113,SUB-1122,S19,Proton Pump Inhibitors,Omeprazole,2025-06-28,Yes
M01114,SUB-1122,S19,Analgesics,Ibuprofen,2025-05-16,No
M01115,SUB-1123,S19,Analgesics,Paracetamol,2025-05-13,No
M01116,SUB-1123,S19,Antihypertensives,Amlodipine,2025-06-07,No
M01117,SUB-1124,S19,Antibiotics,Amoxicillin,2025-12-01,No
M01118,SUB-1125,S19,Vitamins,Cholecalciferol,2026-03-07,Yes
M01119,SUB-1128,S19,Vitamins,Cholecalciferol,2025-10-22,No
M01120,SUB-1128,S19,Antihypertensives,Amlodipine,2025-12-20,Yes
M01121,SUB-1128,S19,Statins,Atorvastatin,2025-12-07,Yes
M01122,SUB-1129,S19,Antihistamines,Cetirizine,2025-06-15,Yes
M01123,SUB-1130,S19,Antibiotics,Amoxicillin,2026-07-25,Yes
M01124,SUB-1130,S19,Antidepressants,Sertraline,2026-07-09,Yes
M01125,SUB-1131,S19,Antihistamines,Cetirizine,2026-07-09,Yes
M01126,SUB-1132,S19,Vitamins,Cholecalciferol,2026-04-15,Yes
M01127,SUB-1134,S19,Vitamins,Cholecalciferol,2026-08-17,No
M01128,SUB-1138,S19,Antihypertensives,Amlodipine,2026-01-06,Yes
M01129,SUB-1138,S19,Antibiotics,Amoxicillin,2026-02-05,Yes
M01130,SUB-1139,S19,Antidiabetics,Metformin,2025-09-25,No
M01131,SUB-1141,S19,Corticosteroids,Prednisone,2026-09-06,Yes
M01132,SUB-1142,S19,Analgesics,Paracetamol,2025-11-01,No
M01133,SUB-1142,S19,Antibiotics,Amoxicillin,2025-09-28,Yes
M01134,SUB-1144,S19,Vitamins,Cholecalciferol,2026-06-18,No
M01135,SUB-1144,S19,Antihypertensives,Amlodipine,2026-09-11,No
M01136,SUB-1144,S19,Analgesics,Paracetamol,2026-07-04,No
M01137,SUB-1144,S19,Antidiabetics,Metformin,2026-07-11,No
M01138,SUB-1151,S20,Analgesics,Paracetamol,2025-07-22,Yes
M01139,SUB-1152,S20,Corticosteroids,Prednisone,2026-08-13,Yes
M01140,SUB-1154,S20,Antihypertensives,Lisinopril,2026-08-25,No
M01141,SUB-1157,S20,Analgesics,Paracetamol,2026-06-30,No
M01142,SUB-1158,S20,Antidepressants,Sertraline,2025-09-08,Yes
M01143,SUB-1158,S20,Antihypertensives,Amlodipine,2025-09-16,No
M01144,SUB-1160,S20,Proton Pump Inhibitors,Omeprazole,2025-11-07,No
M01145,SUB-1163,S20,Statins,Atorvastatin,2025-09-19,Yes
M01146,SUB-1164,S20,Vitamins,Cholecalciferol,2025-12-07,No
M01147,SUB-1171,S20,Analgesics,Ibuprofen,2026-04-13,Yes
M01148,SUB-1172,S20,Antihypertensives,Lisinopril,2026-08-18,Yes
M01149,SUB-1172,S20,Analgesics,Paracetamol,2026-07-13,No
M01150,SUB-1173,S20,Antidiabetics,Metformin,2026-07-30,Yes
M01151,SUB-1173,S20,Antihypertensives,Amlodipine,2026-09-10,Yes
M01152,SUB-1173,S20,Analgesics,Paracetamol,2026-07-26,Yes
M01153,SUB-1175,S20,Analgesics,Paracetamol,2025-10-27,Yes
M01154,SUB-1176,S20,Antihypertensives,Lisinopril,2025-08-30,Yes
M01155,SUB-1176,S20,Antihypertensives,Amlodipine,2025-09-08,No
M01156,SUB-1176,S20,Proton Pump Inhibitors,Omeprazole,2025-11-06,Yes
M01157,SUB-1177,S20,Corticosteroids,Prednisone,2026-08-23,Yes
M01158,SUB-1177,S20,Antihypertensives,Amlodipine,2026-08-02,No
M01159,SUB-1182,S20,Proton Pump Inhibitors,Omeprazole,2026-08-09,No
M01160,SUB-1182,S20,Corticosteroids,Prednisone,2026-07-16,No
M01161,SUB-1183,S20,Antihypertensives,Amlodipine,2025-11-27,No
M01162,SUB-1185,S20,Analgesics,Ibuprofen,2026-02-01,No
M01163,SUB-1185,S20,Analgesics,Paracetamol,2026-03-19,No
M01164,SUB-1186,S20,Antihypertensives,Amlodipine,2026-01-24,No
M01165,SUB-1186,S20,Antidiabetics,Metformin,2025-12-02,No
M01166,SUB-1187,S20,Corticosteroids,Prednisone,2026-07-29,No
M01167,SUB-1187,S20,Antihistamines,Cetirizine,2026-06-19,Yes
M01168,SUB-1187,S20,Antidiabetics,Metformin,2026-09-06,Yes
M01169,SUB-1187,S20,Proton Pump Inhibitors,Omeprazole,2026-08-03,No
M01170,SUB-1190,S20,Antihistamines,Cetirizine,2025-05-06,Yes
M01171,SUB-1194,S20,Proton Pump Inhibitors,Omeprazole,2025-10-13,Yes
M01172,SUB-1195,S20,Corticosteroids,Prednisone,2026-03-28,Yes
M01173,SUB-1195,S20,Vitamins,Cholecalciferol,2026-02-07,No
M01174,SUB-1195,S20,Statins,Atorvastatin,2026-03-28,Yes
M01175,SUB-1200,S20,Proton Pump Inhibitors,Omeprazole,2026-01-08,No
M01176,SUB-1200,S20,Antidiabetics,Metformin,2025-11-10,Yes
M01177,SUB-1200,S20,Antihypertensives,Amlodipine,2026-01-09,Yes
M01178,SUB-1201,S20,Antidepressants,Sertraline,2025-11-19,No
M01179,SUB-1201,S20,Antihypertensives,Lisinopril,2025-11-02,No
M01180,SUB-1202,S20,Antidiabetics,Metformin,2025-09-17,Yes
M01181,SUB-1202,S20,Antihypertensives,Lisinopril,2025-11-14,Yes
M01182,SUB-1204,S21,Antibiotics,Amoxicillin,2026-01-12,Yes
M01183,SUB-1204,S21,Vitamins,Cholecalciferol,2026-01-27,No
M01184,SUB-1206,S21,Proton Pump Inhibitors,Omeprazole,2026-06-08,Yes
M01185,SUB-1206,S21,Antihypertensives,Amlodipine,2026-07-13,No
M01186,SUB-1207,S21,Antidepressants,Sertraline,2026-01-25,Yes
M01187,SUB-1207,S21,Statins,Atorvastatin,2026-02-25,Yes
M01188,SUB-1208,S21,Vitamins,Cholecalciferol,2025-05-04,No
M01189,SUB-1210,S21,Analgesics,Paracetamol,2025-05-18,Yes
M01190,SUB-1213,S21,Antihistamines,Cetirizine,2026-09-14,Yes
M01191,SUB-1213,S21,Antihypertensives,Lisinopril,2026-08-16,Yes
M01192,SUB-1213,S21,Corticosteroids,Prednisone,2026-07-12,Yes
M01193,SUB-1213,S21,Vitamins,Cholecalciferol,2026-09-07,Yes
M01194,SUB-1214,S21,Antihistamines,Cetirizine,2025-09-01,Yes
M01195,SUB-1214,S21,Antihypertensives,Amlodipine,2025-09-25,Yes
M01196,SUB-1215,S21,Proton Pump Inhibitors,Omeprazole,2025-05-20,Yes
M01197,SUB-1215,S21,Statins,Atorvastatin,2025-05-16,No
M01198,SUB-1215,S21,Antidiabetics,Metformin,2025-04-21,No
M01199,SUB-1215,S21,Antihistamines,Cetirizine,2025-06-20,Yes
M01200,SUB-1219,S21,Corticosteroids,Prednisone,2025-03-18,Yes
M01201,SUB-1220,S21,Analgesics,Paracetamol,2026-02-15,No
M01202,SUB-1221,S21,Antidiabetics,Metformin,2025-10-24,Yes
M01203,SUB-1221,S21,Statins,Atorvastatin,2025-10-24,Yes
M01204,SUB-1221,S21,Corticosteroids,Prednisone,2025-12-11,Yes
M01205,SUB-1222,S21,Antidiabetics,Metformin,2025-03-01,Yes
M01206,SUB-1223,S21,Antidiabetics,Metformin,2026-01-28,Yes
M01207,SUB-1223,S21,Antidepressants,Sertraline,2025-12-21,No
M01208,SUB-1224,S21,Antidepressants,Sertraline,2025-12-28,Yes
M01209,SUB-1224,S21,Antidiabetics,Metformin,2026-02-18,Yes
M01210,SUB-1224,S21,Antidiabetics,Metformin,2026-02-04,No
M01211,SUB-1228,S21,Antihistamines,Cetirizine,2025-05-01,No
M01212,SUB-1228,S21,Corticosteroids,Prednisone,2025-05-27,Yes
M01213,SUB-1228,S21,Antibiotics,Amoxicillin,2025-04-19,No
M01214,SUB-1229,S21,Statins,Atorvastatin,2025-08-17,No
M01215,SUB-1231,S21,Antihypertensives,Lisinopril,2026-05-23,Yes
M01216,SUB-1231,S21,Antihypertensives,Amlodipine,2026-05-26,Yes
M01217,SUB-1232,S21,Antihypertensives,Lisinopril,2025-02-08,No
M01218,SUB-1234,S21,Antidiabetics,Metformin,2026-03-11,No
M01219,SUB-1235,S21,Analgesics,Ibuprofen,2025-04-28,Yes
M01220,SUB-1235,S21,Corticosteroids,Prednisone,2025-04-27,Yes
M01221,SUB-1235,S21,Proton Pump Inhibitors,Omeprazole,2025-02-25,Yes
M01222,SUB-1236,S21,Vitamins,Cholecalciferol,2026-09-12,No
M01223,SUB-1237,S21,Proton Pump Inhibitors,Omeprazole,2026-03-31,No
M01224,SUB-1238,S21,Proton Pump Inhibitors,Omeprazole,2026-04-08,Yes
M01225,SUB-1238,S21,Antihypertensives,Amlodipine,2026-04-28,No
M01226,SUB-1238,S21,Antibiotics,Amoxicillin,2026-04-30,Yes
M01227,SUB-1238,S21,Antihistamines,Cetirizine,2026-02-09,No
M01228,SUB-1239,S21,Analgesics,Ibuprofen,2025-12-18,Yes
M01229,SUB-1241,S21,Antidiabetics,Metformin,2025-11-10,Yes
M01230,SUB-1241,S21,Vitamins,Cholecalciferol,2025-10-29,Yes
M01231,SUB-1241,S21,Antidiabetics,Metformin,2025-11-22,Yes
M01232,SUB-1241,S21,Antihypertensives,Lisinopril,2025-10-24,No
M01233,SUB-1242,S21,Corticosteroids,Prednisone,2025-10-07,No
M01234,SUB-1242,S21,Analgesics,Ibuprofen,2025-10-16,No
M01235,SUB-1242,S21,Antibiotics,Amoxicillin,2025-09-24,No
M01236,SUB-1244,S21,Antibiotics,Amoxicillin,2026-04-15,Yes
M01237,SUB-1244,S21,Antihistamines,Cetirizine,2026-03-14,Yes
M01238,SUB-1245,S21,Antihistamines,Cetirizine,2026-08-05,Yes
M01239,SUB-1248,S21,Antidepressants,Sertraline,2025-07-19,No
M01240,SUB-1248,S21,Statins,Atorvastatin,2025-10-01,Yes
M01241,SUB-1248,S21,Analgesics,Paracetamol,2025-07-29,No
M01242,SUB-1251,S21,Vitamins,Cholecalciferol,2025-08-09,Yes
M01243,SUB-1253,S21,Analgesics,Ibuprofen,2026-03-13,Yes
M01244,SUB-1255,S22,Antihypertensives,Lisinopril,2026-09-04,No
M01245,SUB-1260,S22,Corticosteroids,Prednisone,2026-08-12,Yes
M01246,SUB-1260,S22,Vitamins,Cholecalciferol,2026-08-06,Yes
M01247,SUB-1261,S22,Analgesics,Ibuprofen,2025-07-20,Yes
M01248,SUB-1262,S22,Antidiabetics,Metformin,2025-12-17,Yes
M01249,SUB-1267,S22,Antihypertensives,Lisinopril,2025-07-02,Yes
M01250,SUB-1271,S22,Statins,Atorvastatin,2025-08-27,Yes
M01251,SUB-1271,S22,Antihypertensives,Amlodipine,2025-08-13,Yes
M01252,SUB-1271,S22,Corticosteroids,Prednisone,2025-09-13,No
M01253,SUB-1272,S22,Vitamins,Cholecalciferol,2025-08-04,No
M01254,SUB-1273,S22,Antidiabetics,Metformin,2026-08-19,Yes
M01255,SUB-1274,S22,Vitamins,Cholecalciferol,2025-10-30,Yes
M01256,SUB-1274,S22,Analgesics,Paracetamol,2026-01-03,No
M01257,SUB-1274,S22,Antihistamines,Cetirizine,2025-12-25,Yes
M01258,SUB-1275,S22,Antihypertensives,Lisinopril,2025-07-24,Yes
M01259,SUB-1275,S22,Analgesics,Paracetamol,2025-09-08,No
M01260,SUB-1275,S22,Vitamins,Cholecalciferol,2025-08-28,No
M01261,SUB-1276,S22,Antidepressants,Sertraline,2026-01-08,No
M01262,SUB-1276,S22,Corticosteroids,Prednisone,2025-12-23,Yes
M01263,SUB-1277,S22,Statins,Atorvastatin,2026-02-13,No
M01264,SUB-1277,S22,Corticosteroids,Prednisone,2026-01-04,Yes
M01265,SUB-1277,S22,Analgesics,Ibuprofen,2025-12-06,No
M01266,SUB-1280,S22,Proton Pump Inhibitors,Omeprazole,2026-06-05,Yes
M01267,SUB-1281,S22,Antihypertensives,Amlodipine,2026-04-05,No
M01268,SUB-1281,S22,Antihypertensives,Amlodipine,2026-04-09,No
M01269,SUB-1281,S22,Antihypertensives,Lisinopril,2026-02-19,Yes
M01270,SUB-1282,S22,Antidepressants,Sertraline,2025-11-03,No
M01271,SUB-1285,S22,Analgesics,Paracetamol,2026-04-12,Yes
M01272,SUB-1285,S22,Corticosteroids,Prednisone,2026-02-19,No
M01273,SUB-1285,S22,Antihypertensives,Lisinopril,2026-01-21,No
M01274,SUB-1285,S22,Antihypertensives,Amlodipine,2026-03-09,No
M01275,SUB-1287,S22,Analgesics,Ibuprofen,2026-05-26,Yes
M01276,SUB-1287,S22,Analgesics,Ibuprofen,2026-04-23,No
M01277,SUB-1288,S22,Statins,Atorvastatin,2026-08-22,Yes
M01278,SUB-1288,S22,Antibiotics,Amoxicillin,2026-07-07,Yes
M01279,SUB-1292,S22,Proton Pump Inhibitors,Omeprazole,2025-12-13,No
M01280,SUB-1293,S22,Antidiabetics,Metformin,2026-07-27,No
M01281,SUB-1294,S22,Proton Pump Inhibitors,Omeprazole,2026-08-31,No
M01282,SUB-1294,S22,Analgesics,Paracetamol,2026-08-23,Yes
M01283,SUB-1294,S22,Antihypertensives,Amlodipine,2026-08-24,No
M01284,SUB-1295,S22,Antihistamines,Cetirizine,2026-06-17,Yes
M01285,SUB-1297,S22,Proton Pump Inhibitors,Omeprazole,2026-04-19,No
M01286,SUB-1297,S22,Antihistamines,Cetirizine,2026-04-02,Yes
M01287,SUB-1297,S22,Analgesics,Ibuprofen,2026-04-27,Yes
M01288,SUB-1302,S22,Analgesics,Paracetamol,2025-12-15,Yes
M01289,SUB-1303,S22,Analgesics,Ibuprofen,2026-01-01,No
M01290,SUB-1303,S22,Antihypertensives,Lisinopril,2025-12-17,No
M01291,SUB-1304,S22,Antihistamines,Cetirizine,2026-07-01,No
M01292,SUB-1304,S22,Vitamins,Cholecalciferol,2026-08-13,Yes
M01293,SUB-1304,S22,Analgesics,Paracetamol,2026-08-06,No
M01294,SUB-1307,S22,Antidepressants,Sertraline,2026-06-17,Yes
M01295,SUB-1307,S22,Antidiabetics,Metformin,2026-06-16,Yes
M01296,SUB-1307,S22,Statins,Atorvastatin,2026-06-09,No
M01297,SUB-1307,S22,Analgesics,Paracetamol,2026-05-06,Yes
M01298,SUB-1308,S23,Vitamins,Cholecalciferol,2026-04-09,Yes
M01299,SUB-1309,S23,Statins,Atorvastatin,2025-10-08,Yes
M01300,SUB-1309,S23,Antidiabetics,Metformin,2025-11-06,Yes
M01301,SUB-1309,S23,Antihypertensives,Lisinopril,2025-11-25,No
M01302,SUB-1309,S23,Antihypertensives,Amlodipine,2025-12-04,Yes
M01303,SUB-1310,S23,Analgesics,Ibuprofen,2025-07-25,Yes
M01304,SUB-1311,S23,Antihypertensives,Lisinopril,2026-02-05,Yes
M01305,SUB-1311,S23,Antihypertensives,Amlodipine,2025-12-31,Yes
M01306,SUB-1312,S23,Antihypertensives,Amlodipine,2026-08-01,No
M01307,SUB-1312,S23,Analgesics,Paracetamol,2026-09-05,Yes
M01308,SUB-1312,S23,Corticosteroids,Prednisone,2026-08-02,Yes
M01309,SUB-1313,S23,Analgesics,Paracetamol,2026-01-03,Yes
M01310,SUB-1316,S23,Proton Pump Inhibitors,Omeprazole,2025-11-14,No
M01311,SUB-1316,S23,Analgesics,Ibuprofen,2026-01-24,Yes
M01312,SUB-1317,S23,Analgesics,Ibuprofen,2026-01-16,No
M01313,SUB-1322,S23,Antihistamines,Cetirizine,2025-05-28,Yes
M01314,SUB-1322,S23,Statins,Atorvastatin,2025-04-08,Yes
M01315,SUB-1325,S23,Antihistamines,Cetirizine,2025-05-16,No
M01316,SUB-1326,S23,Antidepressants,Sertraline,2026-06-22,No
M01317,SUB-1327,S23,Antihypertensives,Lisinopril,2026-02-27,Yes
M01318,SUB-1329,S23,Corticosteroids,Prednisone,2026-07-26,Yes
M01319,SUB-1329,S23,Antidepressants,Sertraline,2026-09-09,No
M01320,SUB-1329,S23,Proton Pump Inhibitors,Omeprazole,2026-07-10,Yes
M01321,SUB-1329,S23,Antibiotics,Amoxicillin,2026-07-21,Yes
M01322,SUB-1330,S23,Statins,Atorvastatin,2026-07-29,Yes
M01323,SUB-1330,S23,Vitamins,Cholecalciferol,2026-07-14,Yes
M01324,SUB-1334,S23,Analgesics,Paracetamol,2026-01-04,No
M01325,SUB-1336,S23,Vitamins,Cholecalciferol,2025-11-13,Yes
M01326,SUB-1338,S23,Antihistamines,Cetirizine,2025-11-24,Yes
M01327,SUB-1341,S23,Proton Pump Inhibitors,Omeprazole,2026-09-02,Yes
M01328,SUB-1342,S23,Antidepressants,Sertraline,2026-01-12,Yes
M01329,SUB-1342,S23,Antihypertensives,Lisinopril,2026-01-20,Yes
M01330,SUB-1342,S23,Vitamins,Cholecalciferol,2026-03-16,Yes
M01331,SUB-1343,S23,Vitamins,Cholecalciferol,2026-02-06,No
M01332,SUB-1343,S23,Antihypertensives,Amlodipine,2025-11-27,Yes
M01333,SUB-1343,S23,Analgesics,Paracetamol,2025-12-24,Yes
M01334,SUB-1343,S23,Analgesics,Paracetamol,2026-01-10,Yes
M01335,SUB-1344,S23,Antihistamines,Cetirizine,2026-05-08,Yes
M01336,SUB-1347,S23,Antihypertensives,Lisinopril,2025-07-21,No
M01337,SUB-1348,S23,Analgesics,Paracetamol,2025-07-08,No
M01338,SUB-1352,S23,Antihypertensives,Amlodipine,2026-07-13,No
M01339,SUB-1353,S23,Proton Pump Inhibitors,Omeprazole,2025-09-20,Yes
M01340,SUB-1353,S23,Proton Pump Inhibitors,Omeprazole,2025-11-11,No
M01341,SUB-1353,S23,Analgesics,Paracetamol,2025-08-28,No
M01342,SUB-1355,S23,Proton Pump Inhibitors,Omeprazole,2026-06-12,Yes
M01343,SUB-1356,S23,Statins,Atorvastatin,2025-10-06,No
M01344,SUB-1361,S24,Antidepressants,Sertraline,2025-04-01,Yes
M01345,SUB-1362,S24,Statins,Atorvastatin,2026-08-30,No
M01346,SUB-1362,S24,Corticosteroids,Prednisone,2026-08-02,No
M01347,SUB-1363,S24,Corticosteroids,Prednisone,2026-09-17,Yes
M01348,SUB-1364,S24,Antihypertensives,Amlodipine,2025-03-22,Yes
M01349,SUB-1364,S24,Antihistamines,Cetirizine,2025-04-09,Yes
M01350,SUB-1364,S24,Analgesics,Paracetamol,2025-04-01,Yes
M01351,SUB-1368,S24,Antihypertensives,Lisinopril,2025-08-14,Yes
M01352,SUB-1368,S24,Antidiabetics,Metformin,2025-08-16,Yes
M01353,SUB-1369,S24,Analgesics,Paracetamol,2026-09-16,Yes
M01354,SUB-1369,S24,Antihypertensives,Amlodipine,2026-09-21,Yes
M01355,SUB-1370,S24,Antihistamines,Cetirizine,2025-04-22,No
M01356,SUB-1374,S24,Analgesics,Paracetamol,2025-06-26,Yes
M01357,SUB-1376,S24,Proton Pump Inhibitors,Omeprazole,2026-09-08,Yes
M01358,SUB-1376,S24,Antidepressants,Sertraline,2026-07-30,Yes
M01359,SUB-1376,S24,Corticosteroids,Prednisone,2026-09-20,No
M01360,SUB-1377,S24,Proton Pump Inhibitors,Omeprazole,2025-05-19,Yes
M01361,SUB-1377,S24,Antibiotics,Amoxicillin,2025-05-12,No
M01362,SUB-1378,S24,Antihypertensives,Lisinopril,2026-01-27,Yes
M01363,SUB-1380,S24,Analgesics,Paracetamol,2025-09-22,No
M01364,SUB-1380,S24,Statins,Atorvastatin,2025-07-28,No
M01365,SUB-1380,S24,Antihypertensives,Amlodipine,2025-10-01,Yes
M01366,SUB-1381,S24,Antidiabetics,Metformin,2025-10-10,Yes
M01367,SUB-1381,S24,Analgesics,Ibuprofen,2025-08-07,Yes
M01368,SUB-1382,S24,Antidiabetics,Metformin,2026-06-02,Yes
M01369,SUB-1384,S24,Antihistamines,Cetirizine,2025-07-12,Yes
M01370,SUB-1384,S24,Vitamins,Cholecalciferol,2025-07-18,Yes
M01371,SUB-1384,S24,Vitamins,Cholecalciferol,2025-06-20,Yes
M01372,SUB-1384,S24,Analgesics,Ibuprofen,2025-06-07,No
M01373,SUB-1386,S24,Statins,Atorvastatin,2026-06-29,No
M01374,SUB-1386,S24,Analgesics,Paracetamol,2026-04-27,Yes
M01375,SUB-1390,S24,Analgesics,Ibuprofen,2026-08-07,Yes
M01376,SUB-1390,S24,Antidepressants,Sertraline,2026-08-24,Yes
M01377,SUB-1391,S24,Analgesics,Ibuprofen,2026-04-30,Yes
M01378,SUB-1391,S24,Antibiotics,Amoxicillin,2026-03-12,No
M01379,SUB-1391,S24,Antidepressants,Sertraline,2026-03-21,No
M01380,SUB-1394,S24,Vitamins,Cholecalciferol,2025-06-16,Yes
M01381,SUB-1395,S24,Antihistamines,Cetirizine,2025-12-09,Yes
M01382,SUB-1397,S24,Statins,Atorvastatin,2025-11-28,No
M01383,SUB-1397,S24,Analgesics,Ibuprofen,2025-11-20,Yes
M01384,SUB-1397,S24,Antihypertensives,Lisinopril,2026-01-05,No
M01385,SUB-1397,S24,Vitamins,Cholecalciferol,2026-01-06,No
M01386,SUB-1398,S24,Antidepressants,Sertraline,2026-07-23,Yes
M01387,SUB-1399,S24,Proton Pump Inhibitors,Omeprazole,2025-05-01,No
M01388,SUB-1399,S24,Antibiotics,Amoxicillin,2025-03-15,No
M01389,SUB-1401,S24,Antidiabetics,Metformin,2025-10-17,Yes
M01390,SUB-1405,S24,Proton Pump Inhibitors,Omeprazole,2026-05-24,No
M01391,SUB-1405,S24,Antidepressants,Sertraline,2026-05-10,Yes
M01392,SUB-1405,S24,Analgesics,Paracetamol,2026-06-04,Yes
M01393,SUB-1405,S24,Proton Pump Inhibitors,Omeprazole,2026-07-01,No
M01394,SUB-1406,S24,Antihypertensives,Amlodipine,2025-07-03,Yes
M01395,SUB-1406,S24,Corticosteroids,Prednisone,2025-09-11,Yes
M01396,SUB-1407,S24,Antihistamines,Cetirizine,2026-04-21,No
M01397,SUB-1407,S24,Antidepressants,Sertraline,2026-02-16,Yes
M01398,SUB-1411,S24,Analgesics,Paracetamol,2026-05-31,No
M01399,SUB-1411,S24,Antidepressants,Sertraline,2026-08-17,No
M01400,SUB-1413,S24,Corticosteroids,Prednisone,2026-02-19,No
M01401,SUB-1413,S24,Analgesics,Paracetamol,2026-01-06,Yes
M01402,SUB-1414,S24,Vitamins,Cholecalciferol,2025-12-14,Yes
M01403,SUB-1414,S24,Antihypertensives,Amlodipine,2026-01-29,Yes
M01404,SUB-1415,S24,Vitamins,Cholecalciferol,2025-11-09,Yes
M01405,SUB-1415,S24,Corticosteroids,Prednisone,2025-12-11,Yes
M01406,SUB-1416,S24,Antibiotics,Amoxicillin,2025-11-06,Yes
M01407,SUB-1416,S24,Analgesics,Ibuprofen,2025-10-31,No
M01408,SUB-1416,S24,Antidiabetics,Metformin,2026-01-01,Yes
M01409,SUB-1416,S24,Statins,Atorvastatin,2025-12-08,No
M01410,SUB-1417,S24,Analgesics,Ibuprofen,2026-07-13,Yes
M01411,SUB-1419,S24,Corticosteroids,Prednisone,2025-07-06,Yes
M01412,SUB-1419,S24,Antihistamines,Cetirizine,2025-09-11,Yes
M01413,SUB-1420,S24,Antihypertensives,Amlodipine,2026-07-27,No
M01414,SUB-1423,S24,Antihypertensives,Amlodipine,2025-05-02,Yes
M01415,SUB-1423,S24,Statins,Atorvastatin,2025-05-01,No
M01416,SUB-1423,S24,Antidepressants,Sertraline,2025-05-30,Yes
M01417,SUB-1424,S24,Analgesics,Paracetamol,2026-03-16,Yes
M01418,SUB-1424,S24,Antibiotics,Amoxicillin,2026-03-05,Yes
M01419,SUB-1424,S24,Proton Pump Inhibitors,Omeprazole,2026-02-21,Yes
M01420,SUB-1428,S25,Analgesics,Paracetamol,2026-03-13,No
M01421,SUB-1428,S25,Antidiabetics,Metformin,2026-03-11,Yes
M01422,SUB-1429,S25,Statins,Atorvastatin,2026-03-18,Yes
M01423,SUB-1429,S25,Analgesics,Ibuprofen,2026-02-25,Yes
M01424,SUB-1429,S25,Proton Pump Inhibitors,Omeprazole,2026-03-31,Yes
M01425,SUB-1429,S25,Antidiabetics,Metformin,2026-03-06,Yes
M01426,SUB-1430,S25,Vitamins,Cholecalciferol,2025-10-01,No
M01427,SUB-1432,S25,Antihypertensives,Lisinopril,2025-10-01,Yes
M01428,SUB-1436,S25,Corticosteroids,Prednisone,2025-12-27,No
M01429,SUB-1436,S25,Antidiabetics,Metformin,2025-12-08,Yes
M01430,SUB-1437,S25,Analgesics,Paracetamol,2026-04-25,Yes
M01431,SUB-1437,S25,Analgesics,Ibuprofen,2026-03-30,No
M01432,SUB-1437,S25,Proton Pump Inhibitors,Omeprazole,2026-04-16,No
M01433,SUB-1441,S25,Antihypertensives,Amlodipine,2026-02-26,No
M01434,SUB-1441,S25,Vitamins,Cholecalciferol,2026-01-06,No
M01435,SUB-1442,S25,Corticosteroids,Prednisone,2025-09-15,No
M01436,SUB-1443,S25,Corticosteroids,Prednisone,2026-07-15,No
M01437,SUB-1444,S25,Proton Pump Inhibitors,Omeprazole,2025-09-14,Yes
M01438,SUB-1444,S25,Antihistamines,Cetirizine,2025-07-15,No
M01439,SUB-1446,S25,Antibiotics,Amoxicillin,2026-05-24,Yes
M01440,SUB-1448,S25,Statins,Atorvastatin,2026-06-05,Yes
M01441,SUB-1448,S25,Antidiabetics,Metformin,2026-07-10,No
M01442,SUB-1449,S25,Vitamins,Cholecalciferol,2025-12-24,Yes
M01443,SUB-1454,S25,Antihypertensives,Amlodipine,2025-10-24,No
M01444,SUB-1454,S25,Antihistamines,Cetirizine,2025-09-16,Yes
M01445,SUB-1454,S25,Antihypertensives,Lisinopril,2025-11-11,No
M01446,SUB-1454,S25,Analgesics,Paracetamol,2025-10-13,Yes
M01447,SUB-1455,S25,Antihistamines,Cetirizine,2026-04-22,Yes
M01448,SUB-1455,S25,Antibiotics,Amoxicillin,2026-04-29,Yes
M01449,SUB-1456,S25,Antibiotics,Amoxicillin,2026-06-16,No
M01450,SUB-1456,S25,Corticosteroids,Prednisone,2026-08-20,No
M01451,SUB-1456,S25,Statins,Atorvastatin,2026-07-11,No
M01452,SUB-1458,S25,Corticosteroids,Prednisone,2025-08-21,Yes
M01453,SUB-1458,S25,Antihypertensives,Lisinopril,2025-08-16,Yes
M01454,SUB-1459,S25,Antihistamines,Cetirizine,2026-05-25,Yes
M01455,SUB-1459,S25,Antihistamines,Cetirizine,2026-04-17,No
M01456,SUB-1460,S25,Vitamins,Cholecalciferol,2025-05-29,Yes
M01457,SUB-1460,S25,Antihistamines,Cetirizine,2025-07-31,No
M01458,SUB-1460,S25,Antihistamines,Cetirizine,2025-07-20,No
M01459,SUB-1460,S25,Analgesics,Ibuprofen,2025-06-17,No
M01460,SUB-1461,S25,Antihistamines,Cetirizine,2025-06-15,Yes
M01461,SUB-1461,S25,Vitamins,Cholecalciferol,2025-07-04,No
M01462,SUB-1461,S25,Statins,Atorvastatin,2025-06-22,No
M01463,SUB-1461,S25,Antidiabetics,Metformin,2025-06-11,No
M01464,SUB-1462,S25,Vitamins,Cholecalciferol,2026-01-31,No
M01465,SUB-1462,S25,Vitamins,Cholecalciferol,2025-12-29,Yes
M01466,SUB-1462,S25,Statins,Atorvastatin,2026-01-20,No
M01467,SUB-1462,S25,Antihistamines,Cetirizine,2025-12-22,No
M01468,SUB-1463,S25,Statins,Atorvastatin,2026-08-26,Yes
M01469,SUB-1467,S25,Corticosteroids,Prednisone,2025-12-24,Yes
M01470,SUB-1467,S25,Antihypertensives,Lisinopril,2025-10-26,Yes
M01471,SUB-1469,S25,Antidiabetics,Metformin,2025-10-29,Yes
M01472,SUB-1469,S25,Analgesics,Ibuprofen,2025-12-05,No
M01473,SUB-1470,S25,Corticosteroids,Prednisone,2026-07-30,Yes
M01474,SUB-1470,S25,Antidiabetics,Metformin,2026-07-18,No
M01475,SUB-1470,S25,Analgesics,Ibuprofen,2026-09-02,No
M01476,SUB-1471,S25,Antidiabetics,Metformin,2025-08-16,Yes
M01477,SUB-1471,S25,Antihypertensives,Lisinopril,2025-06-12,No
M01478,SUB-1471,S25,Vitamins,Cholecalciferol,2025-06-04,Yes
M01479,SUB-1472,S25,Antibiotics,Amoxicillin,2026-07-10,Yes
M01480,SUB-1473,S25,Proton Pump Inhibitors,Omeprazole,2025-08-21,Yes
M01481,SUB-1473,S25,Analgesics,Ibuprofen,2025-08-10,No
M01482,SUB-1473,S25,Corticosteroids,Prednisone,2025-08-22,Yes
M01483,SUB-1473,S25,Analgesics,Paracetamol,2025-08-07,No
M01484,SUB-1474,S25,Antibiotics,Amoxicillin,2026-07-12,Yes
M01485,SUB-1474,S25,Antihypertensives,Amlodipine,2026-08-05,Yes
M01486,SUB-1474,S25,Antidepressants,Sertraline,2026-06-25,No
M01487,SUB-1475,S25,Analgesics,Paracetamol,2026-06-13,No
M01488,SUB-1476,S25,Antidiabetics,Metformin,2026-09-04,Yes
M01489,SUB-1478,S25,Antihistamines,Cetirizine,2026-07-09,No
M01490,SUB-1478,S25,Antihypertensives,Amlodipine,2026-06-17,No
M01491,SUB-1480,S25,Statins,Atorvastatin,2026-08-04,Yes
M01492,SUB-1480,S25,Antihypertensives,Amlodipine,2026-07-31,Yes
M01493,SUB-1480,S25,Analgesics,Paracetamol,2026-08-30,Yes
M01494,SUB-1481,S25,Antihistamines,Cetirizine,2026-05-15,Yes
M01495,SUB-1482,S25,Analgesics,Ibuprofen,2026-01-31,No
M01496,SUB-1484,S25,Antihistamines,Cetirizine,2025-08-18,No
M01497,SUB-1485,S25,Antihypertensives,Amlodipine,2026-07-03,Yes
M01498,SUB-1485,S25,Antibiotics,Amoxicillin,2026-06-27,Yes
M01499,SUB-1485,S25,Corticosteroids,Prednisone,2026-07-03,Yes
M01500,SUB-1487,S25,Proton Pump Inhibitors,Omeprazole,2025-08-12,Yes
M01501,SUB-1488,S25,Antibiotics,Amoxicillin,2026-02-07,No
M01502,SUB-1489,S25,Proton Pump Inhibitors,Omeprazole,2025-07-21,Yes
M01503,SUB-1491,S26,Antihypertensives,Lisinopril,2026-07-15,Yes
M01504,SUB-1491,S26,Antihistamines,Cetirizine,2026-07-04,No
M01505,SUB-1493,S26,Antihypertensives,Lisinopril,2025-07-27,Yes
M01506,SUB-1495,S26,Antibiotics,Amoxicillin,2025-01-07,No
M01507,SUB-1495,S26,Antihypertensives,Amlodipine,2025-02-18,Yes
M01508,SUB-1495,S26,Vitamins,Cholecalciferol,2025-02-21,No
M01509,SUB-1497,S26,Antidepressants,Sertraline,2025-06-07,Yes
M01510,SUB-1497,S26,Vitamins,Cholecalciferol,2025-04-27,No
M01511,SUB-1497,S26,Vitamins,Cholecalciferol,2025-06-09,No
M01512,SUB-1497,S26,Antihypertensives,Lisinopril,2025-06-11,No
M01513,SUB-1499,S26,Analgesics,Paracetamol,2026-07-22,Yes
M01514,SUB-1499,S26,Antibiotics,Amoxicillin,2026-06-22,Yes
M01515,SUB-1499,S26,Vitamins,Cholecalciferol,2026-07-02,Yes
M01516,SUB-1499,S26,Antihypertensives,Lisinopril,2026-07-11,Yes
M01517,SUB-1506,S26,Antihypertensives,Lisinopril,2025-12-11,Yes
M01518,SUB-1506,S26,Statins,Atorvastatin,2025-12-19,Yes
M01519,SUB-1506,S26,Antihypertensives,Amlodipine,2026-01-11,Yes
M01520,SUB-1507,S26,Analgesics,Paracetamol,2025-11-16,No
M01521,SUB-1507,S26,Antihypertensives,Lisinopril,2025-12-07,Yes
M01522,SUB-1509,S26,Antidepressants,Sertraline,2025-03-19,Yes
M01523,SUB-1509,S26,Antidepressants,Sertraline,2025-03-16,Yes
M01524,SUB-1509,S26,Antihistamines,Cetirizine,2025-04-20,No
M01525,SUB-1511,S26,Antihistamines,Cetirizine,2025-04-27,Yes
M01526,SUB-1513,S26,Corticosteroids,Prednisone,2025-04-28,No
M01527,SUB-1513,S26,Vitamins,Cholecalciferol,2025-05-21,No
M01528,SUB-1513,S26,Antibiotics,Amoxicillin,2025-03-31,Yes
M01529,SUB-1513,S26,Analgesics,Ibuprofen,2025-05-16,Yes
M01530,SUB-1514,S26,Antihistamines,Cetirizine,2025-07-12,No
M01531,SUB-1514,S26,Antihypertensives,Lisinopril,2025-08-09,No
M01532,SUB-1515,S26,Statins,Atorvastatin,2025-07-27,Yes
M01533,SUB-1518,S26,Analgesics,Paracetamol,2026-02-12,Yes
M01534,SUB-1519,S26,Antidiabetics,Metformin,2025-02-21,No
M01535,SUB-1521,S26,Antihypertensives,Lisinopril,2025-11-23,Yes
M01536,SUB-1521,S26,Statins,Atorvastatin,2025-09-09,Yes
M01537,SUB-1521,S26,Antibiotics,Amoxicillin,2025-11-06,No
M01538,SUB-1523,S26,Antibiotics,Amoxicillin,2025-12-01,No
M01539,SUB-1524,S26,Analgesics,Paracetamol,2026-07-25,Yes
M01540,SUB-1524,S26,Antihypertensives,Lisinopril,2026-06-18,No
M01541,SUB-1524,S26,Antihistamines,Cetirizine,2026-07-23,No
M01542,SUB-1528,S26,Antihistamines,Cetirizine,2025-08-15,Yes
M01543,SUB-1529,S26,Vitamins,Cholecalciferol,2026-03-06,No
M01544,SUB-1529,S26,Antibiotics,Amoxicillin,2026-04-06,No
M01545,SUB-1530,S26,Antihypertensives,Lisinopril,2026-06-09,No
M01546,SUB-1530,S26,Antihistamines,Cetirizine,2026-05-16,No
M01547,SUB-1532,S26,Corticosteroids,Prednisone,2025-10-08,No
M01548,SUB-1532,S26,Proton Pump Inhibitors,Omeprazole,2025-09-30,Yes
M01549,SUB-1533,S26,Antibiotics,Amoxicillin,2025-04-08,Yes
M01550,SUB-1535,S26,Antihypertensives,Lisinopril,2025-04-01,No
M01551,SUB-1536,S26,Statins,Atorvastatin,2025-06-09,Yes
M01552,SUB-1536,S26,Statins,Atorvastatin,2025-05-06,Yes
M01553,SUB-1536,S26,Antihypertensives,Amlodipine,2025-04-01,Yes
M01554,SUB-1541,S26,Analgesics,Ibuprofen,2025-04-05,No
M01555,SUB-1541,S26,Statins,Atorvastatin,2025-02-26,Yes
M01556,SUB-1547,S27,Statins,Atorvastatin,2025-08-02,Yes
M01557,SUB-1547,S27,Antihistamines,Cetirizine,2025-08-07,Yes
M01558,SUB-1548,S27,Analgesics,Paracetamol,2026-07-19,Yes
M01559,SUB-1548,S27,Antihistamines,Cetirizine,2026-06-02,No
M01560,SUB-1551,S27,Statins,Atorvastatin,2025-01-11,Yes
M01561,SUB-1551,S27,Antidiabetics,Metformin,2025-03-13,Yes
M01562,SUB-1552,S27,Antihypertensives,Lisinopril,2026-04-09,No
M01563,SUB-1554,S27,Statins,Atorvastatin,2026-03-17,Yes
M01564,SUB-1555,S27,Antidepressants,Sertraline,2025-12-16,No
M01565,SUB-1558,S27,Antibiotics,Amoxicillin,2025-05-08,No
M01566,SUB-1558,S27,Antihistamines,Cetirizine,2025-05-10,Yes
M01567,SUB-1561,S27,Antibiotics,Amoxicillin,2025-04-20,Yes
M01568,SUB-1563,S27,Antibiotics,Amoxicillin,2026-03-13,No
M01569,SUB-1564,S27,Statins,Atorvastatin,2026-03-12,No
M01570,SUB-1565,S27,Proton Pump Inhibitors,Omeprazole,2025-07-26,No
M01571,SUB-1565,S27,Vitamins,Cholecalciferol,2025-06-03,Yes
M01572,SUB-1565,S27,Vitamins,Cholecalciferol,2025-05-22,Yes
M01573,SUB-1567,S27,Antidiabetics,Metformin,2025-03-22,No
M01574,SUB-1574,S27,Analgesics,Paracetamol,2025-01-16,Yes
M01575,SUB-1574,S27,Proton Pump Inhibitors,Omeprazole,2025-02-06,No
M01576,SUB-1574,S27,Antidepressants,Sertraline,2025-01-17,Yes
M01577,SUB-1574,S27,Antihypertensives,Amlodipine,2025-02-08,No
M01578,SUB-1576,S27,Vitamins,Cholecalciferol,2025-03-26,No
M01579,SUB-1577,S27,Antihypertensives,Lisinopril,2026-01-09,No
M01580,SUB-1577,S27,Antibiotics,Amoxicillin,2026-03-19,Yes
M01581,SUB-1577,S27,Antibiotics,Amoxicillin,2026-03-24,No
M01582,SUB-1583,S27,Antihistamines,Cetirizine,2026-01-28,Yes
M01583,SUB-1583,S27,Antihypertensives,Lisinopril,2025-12-28,No
M01584,SUB-1583,S27,Corticosteroids,Prednisone,2026-01-21,No
M01585,SUB-1583,S27,Antihistamines,Cetirizine,2026-01-04,Yes
M01586,SUB-1584,S27,Analgesics,Ibuprofen,2025-07-13,Yes
M01587,SUB-1584,S27,Antihistamines,Cetirizine,2025-05-29,Yes
M01588,SUB-1587,S27,Statins,Atorvastatin,2026-06-30,No
M01589,SUB-1587,S27,Antibiotics,Amoxicillin,2026-05-02,Yes
M01590,SUB-1589,S27,Antihistamines,Cetirizine,2026-07-17,No
M01591,SUB-1591,S27,Antihypertensives,Amlodipine,2025-08-25,Yes
M01592,SUB-1591,S27,Antidepressants,Sertraline,2025-09-13,Yes
M01593,SUB-1592,S27,Vitamins,Cholecalciferol,2025-08-03,No
M01594,SUB-1592,S27,Analgesics,Ibuprofen,2025-06-25,Yes
M01595,SUB-1593,S27,Antihistamines,Cetirizine,2025-06-09,Yes
M01596,SUB-1594,S27,Antibiotics,Amoxicillin,2026-08-11,Yes
M01597,SUB-1596,S27,Antibiotics,Amoxicillin,2026-08-10,No
M01598,SUB-1597,S27,Statins,Atorvastatin,2025-08-31,No
M01599,SUB-1601,S27,Antibiotics,Amoxicillin,2025-05-26,Yes
M01600,SUB-1601,S27,Statins,Atorvastatin,2025-05-11,No
M01601,SUB-1604,S27,Antidepressants,Sertraline,2025-10-15,No
M01602,SUB-1605,S27,Proton Pump Inhibitors,Omeprazole,2025-06-17,No
M01603,SUB-1605,S27,Antidiabetics,Metformin,2025-07-11,Yes
M01604,SUB-1605,S27,Antibiotics,Amoxicillin,2025-05-04,Yes
M01605,SUB-1605,S27,Corticosteroids,Prednisone,2025-05-30,Yes
M01606,SUB-1606,S27,Analgesics,Paracetamol,2025-08-15,Yes
M01607,SUB-1606,S27,Antihistamines,Cetirizine,2025-10-15,No
M01608,SUB-1608,S27,Antidepressants,Sertraline,2025-10-24,Yes
M01609,SUB-1609,S27,Vitamins,Cholecalciferol,2026-02-04,Yes
M01610,SUB-1609,S27,Proton Pump Inhibitors,Omeprazole,2026-02-09,Yes
M01611,SUB-1610,S27,Antihistamines,Cetirizine,2026-04-09,Yes
M01612,SUB-1610,S27,Antihypertensives,Lisinopril,2026-05-15,No
M01613,SUB-1611,S28,Antihistamines,Cetirizine,2026-07-22,No
M01614,SUB-1611,S28,Antidiabetics,Metformin,2026-07-19,Yes
M01615,SUB-1615,S28,Analgesics,Ibuprofen,2026-07-20,No
M01616,SUB-1615,S28,Analgesics,Ibuprofen,2026-08-13,Yes
M01617,SUB-1615,S28,Antihistamines,Cetirizine,2026-08-31,No
M01618,SUB-1615,S28,Antihypertensives,Lisinopril,2026-09-22,No
M01619,SUB-1616,S28,Statins,Atorvastatin,2026-08-18,No
M01620,SUB-1619,S28,Antibiotics,Amoxicillin,2026-07-06,No
M01621,SUB-1619,S28,Antihistamines,Cetirizine,2026-07-13,Yes
M01622,SUB-1622,S28,Corticosteroids,Prednisone,2026-07-25,Yes
M01623,SUB-1625,S28,Analgesics,Paracetamol,2026-07-30,Yes
M01624,SUB-1626,S28,Analgesics,Ibuprofen,2026-01-13,No
M01625,SUB-1626,S28,Corticosteroids,Prednisone,2025-11-03,No
M01626,SUB-1627,S28,Antihistamines,Cetirizine,2026-06-14,Yes
M01627,SUB-1627,S28,Analgesics,Paracetamol,2026-05-28,Yes
M01628,SUB-1627,S28,Antihypertensives,Amlodipine,2026-05-28,No
M01629,SUB-1630,S28,Antidepressants,Sertraline,2025-10-14,Yes
M01630,SUB-1630,S28,Antihypertensives,Lisinopril,2025-12-09,Yes
M01631,SUB-1630,S28,Corticosteroids,Prednisone,2025-10-28,No
M01632,SUB-1631,S28,Antihistamines,Cetirizine,2026-08-24,Yes
M01633,SUB-1631,S28,Analgesics,Ibuprofen,2026-08-26,Yes
M01634,SUB-1631,S28,Antibiotics,Amoxicillin,2026-06-28,No
M01635,SUB-1631,S28,Antihypertensives,Amlodipine,2026-07-08,Yes
M01636,SUB-1634,S28,Corticosteroids,Prednisone,2026-07-02,Yes
M01637,SUB-1636,S28,Vitamins,Cholecalciferol,2025-09-07,Yes
M01638,SUB-1636,S28,Analgesics,Ibuprofen,2025-09-13,Yes
M01639,SUB-1637,S28,Antidepressants,Sertraline,2026-06-29,Yes
M01640,SUB-1639,S28,Antidepressants,Sertraline,2026-06-28,No
M01641,SUB-1640,S28,Analgesics,Ibuprofen,2025-10-22,No
M01642,SUB-1640,S28,Antihistamines,Cetirizine,2025-12-09,Yes
M01643,SUB-1645,S28,Antidepressants,Sertraline,2026-05-06,No
M01644,SUB-1645,S28,Proton Pump Inhibitors,Omeprazole,2026-04-30,Yes
M01645,SUB-1646,S28,Corticosteroids,Prednisone,2026-07-11,Yes
M01646,SUB-1646,S28,Corticosteroids,Prednisone,2026-09-12,No
M01647,SUB-1646,S28,Antidiabetics,Metformin,2026-09-05,No
M01648,SUB-1649,S28,Analgesics,Ibuprofen,2026-09-02,Yes
M01649,SUB-1650,S28,Analgesics,Paracetamol,2026-07-26,Yes
M01650,SUB-1650,S28,Vitamins,Cholecalciferol,2026-09-07,No
M01651,SUB-1650,S28,Analgesics,Ibuprofen,2026-09-11,Yes
M01652,SUB-1651,S28,Antibiotics,Amoxicillin,2026-07-26,Yes
M01653,SUB-1651,S28,Statins,Atorvastatin,2026-08-05,No
M01654,SUB-1653,S28,Corticosteroids,Prednisone,2026-02-17,Yes
M01655,SUB-1653,S28,Antidepressants,Sertraline,2026-02-02,No
M01656,SUB-1654,S28,Proton Pump Inhibitors,Omeprazole,2026-08-22,Yes
M01657,SUB-1654,S28,Proton Pump Inhibitors,Omeprazole,2026-08-30,Yes
M01658,SUB-1656,S28,Antihypertensives,Lisinopril,2026-04-15,Yes
M01659,SUB-1660,S28,Antidiabetics,Metformin,2026-05-27,Yes
M01660,SUB-1662,S28,Antibiotics,Amoxicillin,2026-06-24,No
M01661,SUB-1663,S28,Antihypertensives,Lisinopril,2026-04-30,Yes
M01662,SUB-1663,S28,Analgesics,Paracetamol,2026-02-20,Yes
M01663,SUB-1664,S28,Vitamins,Cholecalciferol,2026-05-08,Yes
M01664,SUB-1664,S28,Antihypertensives,Lisinopril,2026-06-08,No
M01665,SUB-1664,S28,Antihistamines,Cetirizine,2026-05-23,Yes
M01666,SUB-1666,S28,Antidiabetics,Metformin,2026-08-16,No
M01667,SUB-1666,S28,Analgesics,Paracetamol,2026-07-17,No
M01668,SUB-1666,S28,Analgesics,Ibuprofen,2026-09-06,Yes
M01669,SUB-1667,S28,Antihypertensives,Amlodipine,2026-09-02,Yes
M01670,SUB-1669,S28,Antihistamines,Cetirizine,2026-06-15,No
M01671,SUB-1670,S28,Antihypertensives,Amlodipine,2026-05-16,No
M01672,SUB-1670,S28,Vitamins,Cholecalciferol,2026-05-07,Yes
M01673,SUB-1670,S28,Antihistamines,Cetirizine,2026-05-06,Yes
M01674,SUB-1673,S29,Antidiabetics,Metformin,2025-04-03,No
M01675,SUB-1674,S29,Antihypertensives,Lisinopril,2026-03-22,No
M01676,SUB-1675,S29,Statins,Atorvastatin,2026-04-30,Yes
M01677,SUB-1676,S29,Corticosteroids,Prednisone,2025-03-29,Yes
M01678,SUB-1678,S29,Statins,Atorvastatin,2025-08-28,Yes
M01679,SUB-1678,S29,Statins,Atorvastatin,2025-08-02,Yes
M01680,SUB-1678,S29,Antihypertensives,Amlodipine,2025-09-09,Yes
M01681,SUB-1680,S29,Antibiotics,Amoxicillin,2025-05-22,Yes
M01682,SUB-1682,S29,Antihypertensives,Lisinopril,2025-06-03,No
M01683,SUB-1683,S29,Proton Pump Inhibitors,Omeprazole,2026-02-25,Yes
M01684,SUB-1688,S29,Corticosteroids,Prednisone,2026-07-07,Yes
M01685,SUB-1688,S29,Analgesics,Ibuprofen,2026-07-03,No
M01686,SUB-1688,S29,Antidepressants,Sertraline,2026-06-18,No
M01687,SUB-1688,S29,Antihypertensives,Lisinopril,2026-05-21,No
M01688,SUB-1689,S29,Proton Pump Inhibitors,Omeprazole,2025-11-21,Yes
M01689,SUB-1691,S29,Antihypertensives,Lisinopril,2025-09-26,No
M01690,SUB-1691,S29,Antibiotics,Amoxicillin,2025-09-20,Yes
M01691,SUB-1691,S29,Antihistamines,Cetirizine,2025-09-28,Yes
M01692,SUB-1693,S29,Statins,Atorvastatin,2026-02-11,No
M01693,SUB-1696,S29,Vitamins,Cholecalciferol,2025-08-14,Yes
M01694,SUB-1696,S29,Analgesics,Paracetamol,2025-08-19,No
M01695,SUB-1697,S29,Antihistamines,Cetirizine,2025-01-01,No
M01696,SUB-1699,S29,Analgesics,Ibuprofen,2025-02-05,Yes
M01697,SUB-1699,S29,Analgesics,Ibuprofen,2025-01-07,No
M01698,SUB-1699,S29,Antihistamines,Cetirizine,2025-02-09,Yes
M01699,SUB-1700,S29,Corticosteroids,Prednisone,2026-05-15,Yes
M01700,SUB-1701,S29,Antihypertensives,Amlodipine,2025-08-15,No
M01701,SUB-1702,S29,Antibiotics,Amoxicillin,2025-05-20,Yes
M01702,SUB-1706,S29,Antihypertensives,Amlodipine,2025-06-12,No
M01703,SUB-1706,S29,Corticosteroids,Prednisone,2025-06-07,No
M01704,SUB-1706,S29,Corticosteroids,Prednisone,2025-06-09,Yes
M01705,SUB-1707,S29,Antibiotics,Amoxicillin,2025-05-18,Yes
M01706,SUB-1707,S29,Vitamins,Cholecalciferol,2025-06-01,No
M01707,SUB-1708,S29,Antihypertensives,Amlodipine,2026-04-15,No
M01708,SUB-1710,S29,Antibiotics,Amoxicillin,2025-01-02,No
M01709,SUB-1713,S29,Antidiabetics,Metformin,2024-12-23,Yes
M01710,SUB-1713,S29,Proton Pump Inhibitors,Omeprazole,2025-02-08,No
M01711,SUB-1715,S29,Analgesics,Ibuprofen,2026-05-05,Yes
M01712,SUB-1715,S29,Analgesics,Paracetamol,2026-04-28,Yes
M01713,SUB-1716,S29,Statins,Atorvastatin,2026-04-02,No
M01714,SUB-1716,S29,Statins,Atorvastatin,2026-05-01,Yes
M01715,SUB-1719,S29,Antidiabetics,Metformin,2025-03-11,Yes
M01716,SUB-1719,S29,Antihypertensives,Lisinopril,2025-01-26,No
M01717,SUB-1720,S29,Antidiabetics,Metformin,2026-01-18,No
M01718,SUB-1720,S29,Antihistamines,Cetirizine,2026-02-27,No
M01719,SUB-1720,S29,Antihypertensives,Lisinopril,2026-01-31,Yes
M01720,SUB-1722,S29,Analgesics,Paracetamol,2026-03-19,Yes
M01721,SUB-1722,S29,Vitamins,Cholecalciferol,2026-02-28,Yes
M01722,SUB-1722,S29,Statins,Atorvastatin,2026-02-18,Yes
M01723,SUB-1724,S29,Corticosteroids,Prednisone,2026-04-29,No
M01724,SUB-1728,S29,Antibiotics,Amoxicillin,2025-12-31,Yes
M01725,SUB-1729,S29,Vitamins,Cholecalciferol,2026-03-18,Yes
M01726,SUB-1729,S29,Corticosteroids,Prednisone,2026-04-11,Yes
M01727,SUB-1730,S29,Analgesics,Paracetamol,2026-04-23,Yes
M01728,SUB-1734,S29,Analgesics,Paracetamol,2025-08-21,Yes
M01729,SUB-1734,S29,Antihypertensives,Lisinopril,2025-07-29,No
M01730,SUB-1735,S29,Statins,Atorvastatin,2026-01-04,No
M01731,SUB-1735,S29,Antibiotics,Amoxicillin,2026-02-18,Yes
M01732,SUB-1735,S29,Analgesics,Ibuprofen,2026-03-06,Yes
M01733,SUB-1736,S29,Antihypertensives,Lisinopril,2025-03-01,No
M01734,SUB-1737,S30,Antidiabetics,Metformin,2026-06-13,Yes
M01735,SUB-1738,S30,Antihypertensives,Lisinopril,2026-06-30,No
M01736,SUB-1738,S30,Antidiabetics,Metformin,2026-05-23,No
M01737,SUB-1738,S30,Analgesics,Ibuprofen,2026-07-28,Yes
M01738,SUB-1738,S30,Antihypertensives,Amlodipine,2026-06-10,No
M01739,SUB-1739,S30,Antihypertensives,Lisinopril,2026-05-06,No
M01740,SUB-1739,S30,Analgesics,Ibuprofen,2026-06-02,Yes
M01741,SUB-1741,S30,Antibiotics,Amoxicillin,2026-04-25,Yes
M01742,SUB-1741,S30,Proton Pump Inhibitors,Omeprazole,2026-04-01,No
M01743,SUB-1741,S30,Proton Pump Inhibitors,Omeprazole,2026-04-19,Yes
M01744,SUB-1742,S30,Antidiabetics,Metformin,2026-04-15,Yes
M01745,SUB-1742,S30,Antihistamines,Cetirizine,2026-02-23,Yes
M01746,SUB-1742,S30,Antihistamines,Cetirizine,2026-03-30,No
M01747,SUB-1742,S30,Vitamins,Cholecalciferol,2026-04-29,Yes
M01748,SUB-1748,S30,Statins,Atorvastatin,2025-10-24,Yes
M01749,SUB-1748,S30,Vitamins,Cholecalciferol,2025-08-10,Yes
M01750,SUB-1748,S30,Antihypertensives,Amlodipine,2025-08-10,No
M01751,SUB-1748,S30,Proton Pump Inhibitors,Omeprazole,2025-10-01,Yes
M01752,SUB-1749,S30,Analgesics,Paracetamol,2026-07-14,Yes
M01753,SUB-1749,S30,Antibiotics,Amoxicillin,2026-07-13,Yes
M01754,SUB-1750,S30,Analgesics,Ibuprofen,2025-06-06,No
M01755,SUB-1750,S30,Analgesics,Ibuprofen,2025-04-13,No
M01756,SUB-1751,S30,Antihypertensives,Lisinopril,2025-09-09,No
M01757,SUB-1754,S30,Corticosteroids,Prednisone,2026-06-17,No
M01758,SUB-1754,S30,Analgesics,Paracetamol,2026-04-15,No
M01759,SUB-1756,S30,Antihypertensives,Lisinopril,2026-06-09,Yes
M01760,SUB-1756,S30,Antidiabetics,Metformin,2026-06-23,Yes
M01761,SUB-1756,S30,Antibiotics,Amoxicillin,2026-06-01,No
M01762,SUB-1756,S30,Antihypertensives,Lisinopril,2026-05-17,Yes
M01763,SUB-1758,S30,Analgesics,Paracetamol,2025-08-15,No
M01764,SUB-1758,S30,Antihypertensives,Amlodipine,2025-10-24,Yes
M01765,SUB-1759,S30,Antihypertensives,Lisinopril,2025-09-21,Yes
M01766,SUB-1759,S30,Statins,Atorvastatin,2025-10-02,Yes
M01767,SUB-1759,S30,Vitamins,Cholecalciferol,2025-09-30,No
M01768,SUB-1759,S30,Corticosteroids,Prednisone,2025-09-01,Yes
M01769,SUB-1763,S30,Analgesics,Ibuprofen,2026-05-11,No
M01770,SUB-1763,S30,Statins,Atorvastatin,2026-05-24,Yes
M01771,SUB-1765,S30,Corticosteroids,Prednisone,2026-03-26,No
M01772,SUB-1766,S30,Proton Pump Inhibitors,Omeprazole,2025-12-12,No
M01773,SUB-1770,S30,Antidepressants,Sertraline,2026-04-01,Yes
M01774,SUB-1771,S30,Antihypertensives,Lisinopril,2025-05-19,Yes
M01775,SUB-1772,S30,Antihypertensives,Lisinopril,2026-07-31,No
M01776,SUB-1774,S30,Corticosteroids,Prednisone,2025-04-17,No
M01777,SUB-1774,S30,Corticosteroids,Prednisone,2025-03-02,Yes
M01778,SUB-1774,S30,Vitamins,Cholecalciferol,2025-03-03,No
M01779,SUB-1774,S30,Vitamins,Cholecalciferol,2025-05-09,No
M01780,SUB-1775,S30,Vitamins,Cholecalciferol,2026-07-16,No
M01781,SUB-1776,S30,Analgesics,Paracetamol,2025-09-19,No
M01782,SUB-1776,S30,Antihypertensives,Amlodipine,2025-09-28,Yes
M01783,SUB-1776,S30,Antihypertensives,Lisinopril,2025-09-28,Yes
M01784,SUB-1776,S30,Antihistamines,Cetirizine,2025-08-23,No
M01785,SUB-1777,S30,Antihistamines,Cetirizine,2025-08-27,Yes
M01786,SUB-1777,S30,Corticosteroids,Prednisone,2025-09-05,Yes
M01787,SUB-1778,S30,Antibiotics,Amoxicillin,2025-09-26,No
M01788,SUB-1780,S30,Antihypertensives,Amlodipine,2026-01-29,Yes
M01789,SUB-1781,S30,Corticosteroids,Prednisone,2026-07-01,No
M01790,SUB-1782,S30,Analgesics,Paracetamol,2026-01-23,No
M01791,SUB-1782,S30,Antihypertensives,Lisinopril,2026-01-31,Yes
M01792,SUB-1782,S30,Antidiabetics,Metformin,2026-02-27,No
M01793,SUB-1783,S30,Proton Pump Inhibitors,Omeprazole,2025-09-22,Yes
M01794,SUB-1783,S30,Analgesics,Ibuprofen,2025-07-15,Yes
M01795,SUB-1785,S30,Antidepressants,Sertraline,2025-08-19,No
M01796,SUB-1787,S30,Analgesics,Paracetamol,2026-02-14,No
M01797,SUB-1787,S30,Analgesics,Ibuprofen,2026-03-25,No
M01798,SUB-1791,S30,Antibiotics,Amoxicillin,2026-06-20,Yes
M01799,SUB-1793,S30,Statins,Atorvastatin,2026-06-29,Yes
M01800,SUB-1795,S30,Antidiabetics,Metformin,2025-07-05,Yes
M01801,SUB-1795,S30,Analgesics,Paracetamol,2025-06-23,No
M01802,SUB-1795,S30,Antihypertensives,Lisinopril,2025-08-04,Yes
M01803,SUB-1797,S30,Antidepressants,Sertraline,2026-03-09,Yes
M01804,SUB-1797,S30,Vitamins,Cholecalciferol,2026-03-01,Yes
M01805,SUB-1799,S30,Analgesics,Ibuprofen,2025-05-24,Yes
M01806,SUB-1799,S30,Vitamins,Cholecalciferol,2025-05-09,No
M01807,SUB-1804,S31,Statins,Atorvastatin,2026-05-25,Yes
M01808,SUB-1805,S31,Corticosteroids,Prednisone,2026-06-30,Yes
M01809,SUB-1806,S31,Antibiotics,Amoxicillin,2025-08-29,Yes
M01810,SUB-1806,S31,Proton Pump Inhibitors,Omeprazole,2025-07-26,Yes
M01811,SUB-1806,S31,Statins,Atorvastatin,2025-07-10,Yes
M01812,SUB-1808,S31,Corticosteroids,Prednisone,2025-07-24,No
M01813,SUB-1808,S31,Statins,Atorvastatin,2025-08-29,Yes
M01814,SUB-1809,S31,Analgesics,Paracetamol,2026-08-11,Yes
M01815,SUB-1809,S31,Antihypertensives,Lisinopril,2026-08-04,No
M01816,SUB-1811,S31,Antihypertensives,Amlodipine,2026-05-25,Yes
M01817,SUB-1812,S31,Vitamins,Cholecalciferol,2025-10-15,Yes
M01818,SUB-1813,S31,Corticosteroids,Prednisone,2025-08-07,No
M01819,SUB-1813,S31,Antihypertensives,Lisinopril,2025-08-27,Yes
M01820,SUB-1817,S31,Antidepressants,Sertraline,2026-08-31,Yes
M01821,SUB-1817,S31,Analgesics,Ibuprofen,2026-09-09,Yes
M01822,SUB-1818,S31,Proton Pump Inhibitors,Omeprazole,2026-04-24,Yes
M01823,SUB-1820,S31,Antihypertensives,Amlodipine,2026-04-21,No
M01824,SUB-1820,S31,Corticosteroids,Prednisone,2026-03-04,Yes
M01825,SUB-1821,S31,Antidiabetics,Metformin,2026-05-24,Yes
M01826,SUB-1822,S31,Antihistamines,Cetirizine,2025-05-07,Yes
M01827,SUB-1823,S31,Antidepressants,Sertraline,2025-10-04,Yes
M01828,SUB-1823,S31,Antidiabetics,Metformin,2025-10-24,Yes
M01829,SUB-1823,S31,Statins,Atorvastatin,2025-11-28,Yes
M01830,SUB-1823,S31,Analgesics,Ibuprofen,2025-11-27,No
M01831,SUB-1824,S31,Vitamins,Cholecalciferol,2026-05-21,No
M01832,SUB-1825,S31,Antibiotics,Amoxicillin,2025-11-06,Yes
M01833,SUB-1825,S31,Analgesics,Ibuprofen,2025-12-01,No
M01834,SUB-1827,S31,Antibiotics,Amoxicillin,2026-05-12,Yes
M01835,SUB-1829,S31,Proton Pump Inhibitors,Omeprazole,2025-10-31,Yes
M01836,SUB-1829,S31,Antibiotics,Amoxicillin,2025-10-09,Yes
M01837,SUB-1829,S31,Antidepressants,Sertraline,2025-09-12,Yes
M01838,SUB-1829,S31,Antibiotics,Amoxicillin,2025-09-28,Yes
M01839,SUB-1832,S31,Analgesics,Paracetamol,2025-05-08,No
M01840,SUB-1834,S31,Antihypertensives,Lisinopril,2025-04-26,Yes
M01841,SUB-1834,S31,Vitamins,Cholecalciferol,2025-04-29,No
M01842,SUB-1834,S31,Antihypertensives,Amlodipine,2025-06-26,No
M01843,SUB-1834,S31,Antidiabetics,Metformin,2025-05-25,No
M01844,SUB-1838,S31,Proton Pump Inhibitors,Omeprazole,2026-04-30,Yes
M01845,SUB-1838,S31,Analgesics,Ibuprofen,2026-07-11,Yes
M01846,SUB-1839,S31,Statins,Atorvastatin,2026-02-17,No
M01847,SUB-1839,S31,Corticosteroids,Prednisone,2026-03-28,No
M01848,SUB-1839,S31,Antihypertensives,Amlodipine,2026-02-07,No
M01849,SUB-1839,S31,Antihistamines,Cetirizine,2026-02-25,Yes
M01850,SUB-1841,S31,Antihypertensives,Lisinopril,2026-08-02,No
M01851,SUB-1841,S31,Corticosteroids,Prednisone,2026-09-16,Yes
M01852,SUB-1842,S31,Proton Pump Inhibitors,Omeprazole,2025-07-08,No
M01853,SUB-1845,S31,Antidepressants,Sertraline,2026-03-17,Yes
M01854,SUB-1848,S31,Statins,Atorvastatin,2026-04-28,Yes
M01855,SUB-1848,S31,Corticosteroids,Prednisone,2026-04-01,Yes
M01856,SUB-1848,S31,Antidiabetics,Metformin,2026-04-24,Yes
M01857,SUB-1850,S31,Antihypertensives,Lisinopril,2025-05-24,Yes
M01858,SUB-1850,S31,Analgesics,Paracetamol,2025-04-21,Yes
M01859,SUB-1851,S31,Proton Pump Inhibitors,Omeprazole,2026-07-15,Yes
M01860,SUB-1853,S31,Antihypertensives,Amlodipine,2026-02-15,Yes
M01861,SUB-1854,S31,Antihistamines,Cetirizine,2025-05-09,Yes
M01862,SUB-1855,S31,Antihypertensives,Amlodipine,2026-04-17,Yes
M01863,SUB-1856,S31,Antihypertensives,Lisinopril,2026-02-04,Yes
M01864,SUB-1856,S31,Analgesics,Paracetamol,2026-01-28,Yes
M01865,SUB-1858,S32,Antihypertensives,Lisinopril,2026-05-09,No
M01866,SUB-1858,S32,Statins,Atorvastatin,2026-05-01,Yes
M01867,SUB-1858,S32,Antidiabetics,Metformin,2026-03-13,Yes
M01868,SUB-1858,S32,Antibiotics,Amoxicillin,2026-04-18,No
M01869,SUB-1860,S32,Antidepressants,Sertraline,2026-06-27,Yes
M01870,SUB-1860,S32,Antihistamines,Cetirizine,2026-06-16,No
M01871,SUB-1860,S32,Antihypertensives,Amlodipine,2026-06-05,Yes
M01872,SUB-1863,S32,Antibiotics,Amoxicillin,2025-11-16,No
M01873,SUB-1863,S32,Antihypertensives,Lisinopril,2025-10-22,Yes
M01874,SUB-1863,S32,Analgesics,Paracetamol,2025-10-25,Yes
M01875,SUB-1866,S32,Corticosteroids,Prednisone,2026-06-11,No
M01876,SUB-1867,S32,Vitamins,Cholecalciferol,2025-03-14,No
M01877,SUB-1867,S32,Antidiabetics,Metformin,2025-03-24,No
M01878,SUB-1868,S32,Antihypertensives,Lisinopril,2025-10-22,Yes
M01879,SUB-1868,S32,Antidiabetics,Metformin,2025-10-11,No
M01880,SUB-1868,S32,Antidepressants,Sertraline,2025-11-28,No
M01881,SUB-1868,S32,Antidepressants,Sertraline,2025-10-23,No
M01882,SUB-1869,S32,Antihistamines,Cetirizine,2025-06-30,No
M01883,SUB-1875,S32,Analgesics,Ibuprofen,2026-05-05,Yes
M01884,SUB-1881,S32,Proton Pump Inhibitors,Omeprazole,2025-08-22,Yes
M01885,SUB-1881,S32,Antihypertensives,Lisinopril,2025-08-23,No
M01886,SUB-1881,S32,Antihistamines,Cetirizine,2025-07-06,No
M01887,SUB-1881,S32,Statins,Atorvastatin,2025-07-14,Yes
M01888,SUB-1882,S32,Corticosteroids,Prednisone,2025-04-30,No
M01889,SUB-1885,S32,Analgesics,Ibuprofen,2026-05-05,No
M01890,SUB-1888,S32,Analgesics,Paracetamol,2025-12-15,No
M01891,SUB-1888,S32,Antihypertensives,Amlodipine,2025-12-29,Yes
M01892,SUB-1888,S32,Antihistamines,Cetirizine,2026-01-10,Yes
M01893,SUB-1890,S32,Statins,Atorvastatin,2025-12-13,Yes
M01894,SUB-1892,S32,Statins,Atorvastatin,2025-12-15,Yes
M01895,SUB-1896,S32,Antihypertensives,Amlodipine,2025-01-15,No
M01896,SUB-1896,S32,Corticosteroids,Prednisone,2025-03-14,Yes
M01897,SUB-1896,S32,Statins,Atorvastatin,2025-01-03,No
M01898,SUB-1899,S32,Antibiotics,Amoxicillin,2026-04-02,No
M01899,SUB-1902,S32,Statins,Atorvastatin,2025-08-26,Yes
M01900,SUB-1903,S32,Corticosteroids,Prednisone,2026-04-07,Yes
M01901,SUB-1905,S32,Antihypertensives,Amlodipine,2025-04-27,No
M01902,SUB-1905,S32,Analgesics,Ibuprofen,2025-03-21,No
M01903,SUB-1906,S32,Proton Pump Inhibitors,Omeprazole,2025-09-27,No
M01904,SUB-1907,S32,Analgesics,Paracetamol,2026-05-23,Yes
M01905,SUB-1907,S32,Proton Pump Inhibitors,Omeprazole,2026-06-06,Yes
M01906,SUB-1907,S32,Proton Pump Inhibitors,Omeprazole,2026-07-10,No
M01907,SUB-1911,S32,Antidepressants,Sertraline,2026-03-23,Yes
M01908,SUB-1911,S32,Antihypertensives,Amlodipine,2026-01-09,No
M01909,SUB-1912,S32,Statins,Atorvastatin,2026-05-28,No
M01910,SUB-1912,S32,Antidiabetics,Metformin,2026-05-08,Yes
M01911,SUB-1913,S32,Corticosteroids,Prednisone,2026-03-23,Yes
M01912,SUB-1913,S32,Antibiotics,Amoxicillin,2026-05-04,Yes
M01913,SUB-1913,S32,Antidepressants,Sertraline,2026-04-13,Yes
M01914,SUB-1915,S32,Antidepressants,Sertraline,2025-05-15,No
M01915,SUB-1918,S32,Proton Pump Inhibitors,Omeprazole,2025-01-06,No
M01916,SUB-1921,S32,Antihistamines,Cetirizine,2025-08-05,Yes
M01917,SUB-1922,S32,Proton Pump Inhibitors,Omeprazole,2025-03-20,No
M01918,SUB-1922,S32,Analgesics,Paracetamol,2025-03-09,Yes
M01919,SUB-1923,S33,Antihistamines,Cetirizine,2025-12-17,No
M01920,SUB-1926,S33,Analgesics,Paracetamol,2026-05-21,No
M01921,SUB-1926,S33,Statins,Atorvastatin,2026-05-07,Yes
M01922,SUB-1926,S33,Antibiotics,Amoxicillin,2026-05-13,No
M01923,SUB-1926,S33,Antidiabetics,Metformin,2026-05-20,No
M01924,SUB-1928,S33,Corticosteroids,Prednisone,2026-08-05,Yes
M01925,SUB-1928,S33,Corticosteroids,Prednisone,2026-08-24,No
M01926,SUB-1928,S33,Antidiabetics,Metformin,2026-08-02,Yes
M01927,SUB-1932,S33,Statins,Atorvastatin,2026-08-28,Yes
M01928,SUB-1932,S33,Antibiotics,Amoxicillin,2026-07-06,Yes
M01929,SUB-1933,S33,Antihypertensives,Lisinopril,2026-07-24,No
M01930,SUB-1935,S33,Antidiabetics,Metformin,2026-06-17,No
M01931,SUB-1936,S33,Proton Pump Inhibitors,Omeprazole,2025-10-20,Yes
M01932,SUB-1937,S33,Analgesics,Paracetamol,2026-08-18,No
M01933,SUB-1937,S33,Antihypertensives,Amlodipine,2026-09-17,Yes
M01934,SUB-1938,S33,Antihypertensives,Lisinopril,2025-11-22,Yes
M01935,SUB-1940,S33,Antihypertensives,Amlodipine,2026-05-03,Yes
M01936,SUB-1941,S33,Antihistamines,Cetirizine,2025-11-28,No
M01937,SUB-1941,S33,Antihypertensives,Lisinopril,2026-01-01,Yes
M01938,SUB-1941,S33,Statins,Atorvastatin,2025-11-26,Yes
M01939,SUB-1942,S33,Analgesics,Ibuprofen,2025-12-12,No
M01940,SUB-1944,S33,Corticosteroids,Prednisone,2025-11-26,Yes
M01941,SUB-1945,S33,Statins,Atorvastatin,2026-09-14,Yes
M01942,SUB-1946,S33,Statins,Atorvastatin,2026-08-02,Yes
M01943,SUB-1946,S33,Proton Pump Inhibitors,Omeprazole,2026-07-29,Yes
M01944,SUB-1946,S33,Statins,Atorvastatin,2026-09-03,Yes
M01945,SUB-1949,S33,Corticosteroids,Prednisone,2026-06-07,No
M01946,SUB-1950,S33,Proton Pump Inhibitors,Omeprazole,2026-04-01,Yes
M01947,SUB-1952,S33,Vitamins,Cholecalciferol,2026-06-26,No
M01948,SUB-1952,S33,Corticosteroids,Prednisone,2026-07-31,Yes
M01949,SUB-1952,S33,Antidepressants,Sertraline,2026-08-01,Yes
M01950,SUB-1953,S33,Antihistamines,Cetirizine,2026-01-11,No
M01951,SUB-1953,S33,Analgesics,Ibuprofen,2025-11-18,Yes
M01952,SUB-1953,S33,Antihypertensives,Lisinopril,2026-01-02,No
M01953,SUB-1954,S33,Statins,Atorvastatin,2026-05-07,No
M01954,SUB-1954,S33,Vitamins,Cholecalciferol,2026-05-05,Yes
M01955,SUB-1954,S33,Analgesics,Ibuprofen,2026-04-29,No
M01956,SUB-1954,S33,Analgesics,Paracetamol,2026-05-12,No
M01957,SUB-1957,S33,Antidiabetics,Metformin,2026-08-02,Yes
M01958,SUB-1957,S33,Antihypertensives,Amlodipine,2026-06-23,Yes
M01959,SUB-1958,S33,Vitamins,Cholecalciferol,2026-07-12,Yes
M01960,SUB-1958,S33,Antidiabetics,Metformin,2026-08-07,Yes
M01961,SUB-1958,S33,Antihypertensives,Amlodipine,2026-08-18,No
M01962,SUB-1958,S33,Proton Pump Inhibitors,Omeprazole,2026-07-29,Yes
M01963,SUB-1959,S33,Analgesics,Paracetamol,2026-08-30,Yes
M01964,SUB-1959,S33,Antihypertensives,Lisinopril,2026-09-15,Yes
M01965,SUB-1960,S33,Proton Pump Inhibitors,Omeprazole,2026-07-05,Yes
M01966,SUB-1960,S33,Vitamins,Cholecalciferol,2026-08-30,No
M01967,SUB-1962,S33,Analgesics,Paracetamol,2026-06-06,No
M01968,SUB-1969,S33,Antihypertensives,Amlodipine,2026-06-16,Yes
M01969,SUB-1970,S33,Antidepressants,Sertraline,2026-07-05,Yes
M01970,SUB-1970,S33,Analgesics,Ibuprofen,2026-07-19,No
M01971,SUB-1970,S33,Proton Pump Inhibitors,Omeprazole,2026-07-15,No
M01972,SUB-1971,S33,Proton Pump Inhibitors,Omeprazole,2026-07-11,Yes
M01973,SUB-1971,S33,Antidepressants,Sertraline,2026-07-27,No
M01974,SUB-1972,S33,Antidepressants,Sertraline,2026-05-19,Yes
M01975,SUB-1972,S33,Antibiotics,Amoxicillin,2026-06-14,No
M01976,SUB-1972,S33,Proton Pump Inhibitors,Omeprazole,2026-05-06,Yes
M01977,SUB-1973,S33,Antihistamines,Cetirizine,2026-07-16,No
M01978,SUB-1975,S33,Vitamins,Cholecalciferol,2026-01-30,No
M01979,SUB-1981,S33,Antidiabetics,Metformin,2025-07-06,Yes
M01980,SUB-1981,S33,Analgesics,Ibuprofen,2025-08-14,Yes
M01981,SUB-1981,S33,Antibiotics,Amoxicillin,2025-06-24,No
M01982,SUB-1982,S33,Antihypertensives,Lisinopril,2026-01-16,Yes
M01983,SUB-1982,S33,Analgesics,Ibuprofen,2026-01-03,Yes
M01984,SUB-1982,S33,Vitamins,Cholecalciferol,2025-11-10,Yes
M01985,SUB-1982,S33,Corticosteroids,Prednisone,2026-01-15,Yes
M01986,SUB-1983,S33,Vitamins,Cholecalciferol,2026-07-05,No
M01987,SUB-1983,S33,Antihypertensives,Lisinopril,2026-06-26,Yes
M01988,SUB-1983,S33,Analgesics,Ibuprofen,2026-06-16,Yes
M01989,SUB-1985,S34,Antidepressants,Sertraline,2026-07-19,Yes
M01990,SUB-1985,S34,Antihypertensives,Amlodipine,2026-08-08,No
M01991,SUB-1986,S34,Statins,Atorvastatin,2026-02-14,No
M01992,SUB-1987,S34,Antihypertensives,Amlodipine,2026-05-11,No
M01993,SUB-1987,S34,Antibiotics,Amoxicillin,2026-06-13,Yes
M01994,SUB-1987,S34,Antidepressants,Sertraline,2026-06-16,No
M01995,SUB-1989,S34,Statins,Atorvastatin,2026-08-17,No
M01996,SUB-1992,S34,Antidepressants,Sertraline,2026-04-06,No
M01997,SUB-1992,S34,Proton Pump Inhibitors,Omeprazole,2026-01-25,No
M01998,SUB-1992,S34,Antidepressants,Sertraline,2026-01-27,Yes
M01999,SUB-1992,S34,Antihistamines,Cetirizine,2026-02-27,Yes
M02000,SUB-1993,S34,Antidepressants,Sertraline,2026-05-07,No
M02001,SUB-1993,S34,Vitamins,Cholecalciferol,2026-04-10,Yes
M02002,SUB-1995,S34,Antidiabetics,Metformin,2025-12-08,Yes
M02003,SUB-1995,S34,Antihistamines,Cetirizine,2025-10-16,No
M02004,SUB-1995,S34,Statins,Atorvastatin,2025-11-25,Yes
M02005,SUB-1995,S34,Antibiotics,Amoxicillin,2025-09-21,Yes
M02006,SUB-1996,S34,Analgesics,Ibuprofen,2026-04-26,No
M02007,SUB-1996,S34,Antidiabetics,Metformin,2026-03-03,Yes
M02008,SUB-1999,S34,Antihypertensives,Amlodipine,2026-08-17,No
M02009,SUB-2000,S34,Corticosteroids,Prednisone,2025-11-18,No
M02010,SUB-2000,S34,Antidepressants,Sertraline,2025-11-14,Yes
M02011,SUB-2000,S34,Antihypertensives,Lisinopril,2025-11-30,No
M02012,SUB-2001,S34,Antihypertensives,Amlodipine,2026-07-31,No
M02013,SUB-2002,S34,Antihypertensives,Lisinopril,2025-11-26,No
M02014,SUB-2002,S34,Antihypertensives,Amlodipine,2025-11-18,Yes
M02015,SUB-2002,S34,Antihypertensives,Amlodipine,2026-01-03,Yes
M02016,SUB-2006,S34,Corticosteroids,Prednisone,2026-05-25,Yes
M02017,SUB-2007,S34,Analgesics,Paracetamol,2026-07-25,Yes
M02018,SUB-2007,S34,Analgesics,Paracetamol,2026-06-29,Yes
M02019,SUB-2007,S34,Analgesics,Paracetamol,2026-07-18,No
M02020,SUB-2009,S34,Proton Pump Inhibitors,Omeprazole,2026-05-01,Yes
M02021,SUB-2009,S34,Antibiotics,Amoxicillin,2026-02-21,No
M02022,SUB-2013,S34,Antihypertensives,Amlodipine,2026-09-07,Yes
M02023,SUB-2013,S34,Corticosteroids,Prednisone,2026-08-06,Yes
M02024,SUB-2014,S34,Analgesics,Paracetamol,2026-02-18,Yes
M02025,SUB-2014,S34,Proton Pump Inhibitors,Omeprazole,2026-01-31,Yes
M02026,SUB-2014,S34,Antidepressants,Sertraline,2026-03-15,No
M02027,SUB-2014,S34,Corticosteroids,Prednisone,2026-02-16,Yes
M02028,SUB-2015,S34,Antihistamines,Cetirizine,2026-07-25,Yes
M02029,SUB-2016,S34,Antihypertensives,Amlodipine,2026-04-17,Yes
M02030,SUB-2016,S34,Antihypertensives,Amlodipine,2026-04-17,Yes
M02031,SUB-2018,S34,Antibiotics,Amoxicillin,2025-11-02,Yes
M02032,SUB-2020,S34,Analgesics,Paracetamol,2026-09-12,No
M02033,SUB-2021,S34,Analgesics,Ibuprofen,2026-08-23,No
M02034,SUB-2024,S34,Antibiotics,Amoxicillin,2025-07-13,No
M02035,SUB-2024,S34,Antihypertensives,Lisinopril,2025-07-16,Yes
M02036,SUB-2027,S34,Proton Pump Inhibitors,Omeprazole,2026-03-14,Yes
M02037,SUB-2027,S34,Antibiotics,Amoxicillin,2026-01-17,No
M02038,SUB-2027,S34,Antidepressants,Sertraline,2026-03-22,No
M02039,SUB-2028,S34,Antibiotics,Amoxicillin,2026-09-01,No
M02040,SUB-2028,S34,Analgesics,Ibuprofen,2026-06-24,No
M02041,SUB-2031,S34,Corticosteroids,Prednisone,2026-06-21,No
M02042,SUB-2031,S34,Antibiotics,Amoxicillin,2026-08-27,Yes
M02043,SUB-2031,S34,Vitamins,Cholecalciferol,2026-06-27,Yes
M02044,SUB-2032,S34,Statins,Atorvastatin,2026-01-28,Yes
M02045,SUB-2033,S34,Antibiotics,Amoxicillin,2026-08-23,No
M02046,SUB-2035,S34,Antihypertensives,Amlodipine,2025-11-20,No
M02047,SUB-2036,S34,Statins,Atorvastatin,2025-12-22,Yes
M02048,SUB-2036,S34,Antidiabetics,Metformin,2025-11-01,Yes
M02049,SUB-2038,S35,Statins,Atorvastatin,2026-06-25,No
M02050,SUB-2038,S35,Antihypertensives,Lisinopril,2026-07-15,Yes
M02051,SUB-2040,S35,Antihypertensives,Amlodipine,2025-08-10,Yes
M02052,SUB-2040,S35,Analgesics,Ibuprofen,2025-08-29,No
M02053,SUB-2040,S35,Proton Pump Inhibitors,Omeprazole,2025-07-11,Yes
M02054,SUB-2040,S35,Antihypertensives,Amlodipine,2025-08-20,No
M02055,SUB-2041,S35,Antibiotics,Amoxicillin,2026-06-30,Yes
M02056,SUB-2041,S35,Vitamins,Cholecalciferol,2026-04-12,No
M02057,SUB-2042,S35,Antidepressants,Sertraline,2025-12-02,Yes
M02058,SUB-2042,S35,Antihypertensives,Amlodipine,2026-01-22,Yes
M02059,SUB-2044,S35,Antidiabetics,Metformin,2025-04-23,Yes
M02060,SUB-2047,S35,Antibiotics,Amoxicillin,2025-07-30,No
M02061,SUB-2047,S35,Antidepressants,Sertraline,2025-10-08,Yes
M02062,SUB-2048,S35,Antidiabetics,Metformin,2025-10-26,Yes
M02063,SUB-2051,S35,Analgesics,Paracetamol,2026-01-10,No
M02064,SUB-2051,S35,Analgesics,Ibuprofen,2026-01-12,Yes
M02065,SUB-2051,S35,Statins,Atorvastatin,2026-01-21,No
M02066,SUB-2052,S35,Corticosteroids,Prednisone,2026-02-21,Yes
M02067,SUB-2052,S35,Antidepressants,Sertraline,2026-02-23,No
M02068,SUB-2054,S35,Antihypertensives,Lisinopril,2025-11-15,No
M02069,SUB-2054,S35,Antihypertensives,Amlodipine,2025-12-04,Yes
M02070,SUB-2055,S35,Antihistamines,Cetirizine,2025-09-15,Yes
M02071,SUB-2055,S35,Corticosteroids,Prednisone,2025-07-22,Yes
M02072,SUB-2057,S35,Antihistamines,Cetirizine,2025-12-18,Yes
M02073,SUB-2057,S35,Antidiabetics,Metformin,2026-03-07,Yes
M02074,SUB-2058,S35,Antihistamines,Cetirizine,2026-09-16,No
M02075,SUB-2058,S35,Antihypertensives,Amlodipine,2026-07-02,Yes
M02076,SUB-2058,S35,Statins,Atorvastatin,2026-09-20,No
M02077,SUB-2060,S35,Antihypertensives,Lisinopril,2025-10-10,No
M02078,SUB-2060,S35,Statins,Atorvastatin,2025-10-29,No
M02079,SUB-2060,S35,Analgesics,Ibuprofen,2025-10-20,No
M02080,SUB-2061,S35,Corticosteroids,Prednisone,2026-02-14,No
M02081,SUB-2064,S35,Statins,Atorvastatin,2025-05-24,No
M02082,SUB-2064,S35,Antidiabetics,Metformin,2025-03-19,Yes
M02083,SUB-2065,S35,Antihistamines,Cetirizine,2026-05-05,Yes
M02084,SUB-2065,S35,Antibiotics,Amoxicillin,2026-05-25,Yes
M02085,SUB-2067,S35,Antihypertensives,Lisinopril,2026-03-03,Yes
M02086,SUB-2067,S35,Corticosteroids,Prednisone,2026-05-18,Yes
M02087,SUB-2067,S35,Analgesics,Paracetamol,2026-04-24,No
M02088,SUB-2070,S35,Corticosteroids,Prednisone,2026-01-03,No
M02089,SUB-2070,S35,Antihistamines,Cetirizine,2025-11-06,No
M02090,SUB-2070,S35,Antidiabetics,Metformin,2025-12-05,No
M02091,SUB-2070,S35,Statins,Atorvastatin,2025-11-04,Yes
M02092,SUB-2072,S35,Antidepressants,Sertraline,2026-06-08,No
M02093,SUB-2072,S35,Proton Pump Inhibitors,Omeprazole,2026-07-19,No
M02094,SUB-2074,S35,Antidepressants,Sertraline,2025-12-22,No
M02095,SUB-2074,S35,Antidiabetics,Metformin,2026-01-28,Yes
M02096,SUB-2078,S35,Analgesics,Ibuprofen,2026-06-17,Yes
M02097,SUB-2079,S35,Antibiotics,Amoxicillin,2025-10-19,No
M02098,SUB-2079,S35,Corticosteroids,Prednisone,2025-10-21,Yes
M02099,SUB-2080,S35,Antibiotics,Amoxicillin,2026-03-11,No
M02100,SUB-2083,S35,Antihistamines,Cetirizine,2025-06-16,No
M02101,SUB-2083,S35,Antihypertensives,Amlodipine,2025-06-10,Yes
M02102,SUB-2086,S35,Corticosteroids,Prednisone,2025-12-14,No
M02103,SUB-2087,S35,Vitamins,Cholecalciferol,2025-04-07,Yes
M02104,SUB-2087,S35,Antihypertensives,Amlodipine,2025-06-13,Yes
M02105,SUB-2088,S35,Antidiabetics,Metformin,2025-04-28,No
M02106,SUB-2090,S35,Antidiabetics,Metformin,2025-08-22,Yes
M02107,SUB-2091,S35,Statins,Atorvastatin,2025-09-12,No
M02108,SUB-2091,S35,Antihistamines,Cetirizine,2025-09-30,No
M02109,SUB-2094,S35,Corticosteroids,Prednisone,2026-03-01,Yes
M02110,SUB-2094,S35,Proton Pump Inhibitors,Omeprazole,2026-04-25,No
M02111,SUB-2094,S35,Vitamins,Cholecalciferol,2026-01-26,No
M02112,SUB-2095,S35,Antihypertensives,Amlodipine,2025-05-30,Yes
M02113,SUB-2095,S35,Statins,Atorvastatin,2025-07-25,Yes
M02114,SUB-2096,S35,Analgesics,Ibuprofen,2026-03-16,No
M02115,SUB-2099,S35,Antihypertensives,Amlodipine,2025-12-29,No
M02116,SUB-2099,S35,Proton Pump Inhibitors,Omeprazole,2026-02-08,No
M02117,SUB-2102,S35,Vitamins,Cholecalciferol,2025-05-18,Yes
M02118,SUB-2102,S35,Antibiotics,Amoxicillin,2025-06-26,No
M02119,SUB-2103,S35,Antidiabetics,Metformin,2026-06-30,No
M02120,SUB-2103,S35,Analgesics,Paracetamol,2026-07-09,No
M02121,SUB-2103,S35,Analgesics,Ibuprofen,2026-08-11,Yes
M02122,SUB-2103,S35,Proton Pump Inhibitors,Omeprazole,2026-08-23,No
M02123,SUB-2106,S36,Statins,Atorvastatin,2025-12-24,No
M02124,SUB-2106,S36,Analgesics,Paracetamol,2026-01-25,No
M02125,SUB-2107,S36,Statins,Atorvastatin,2025-12-08,Yes
M02126,SUB-2108,S36,Analgesics,Ibuprofen,2026-04-15,Yes
M02127,SUB-2109,S36,Antidiabetics,Metformin,2025-03-17,Yes
M02128,SUB-2111,S36,Analgesics,Ibuprofen,2025-12-15,Yes
M02129,SUB-2112,S36,Antihistamines,Cetirizine,2026-02-02,No
M02130,SUB-2112,S36,Analgesics,Ibuprofen,2026-03-24,Yes
M02131,SUB-2112,S36,Proton Pump Inhibitors,Omeprazole,2026-03-16,No
M02132,SUB-2113,S36,Antidepressants,Sertraline,2026-01-22,No
M02133,SUB-2114,S36,Corticosteroids,Prednisone,2026-05-24,No
M02134,SUB-2114,S36,Antidepressants,Sertraline,2026-03-30,Yes
M02135,SUB-2120,S36,Antihistamines,Cetirizine,2026-05-29,No
M02136,SUB-2122,S36,Corticosteroids,Prednisone,2026-07-10,No
M02137,SUB-2123,S36,Antibiotics,Amoxicillin,2026-01-27,No
M02138,SUB-2130,S36,Analgesics,Ibuprofen,2025-10-12,No
M02139,SUB-2130,S36,Antidepressants,Sertraline,2025-09-29,No
M02140,SUB-2130,S36,Analgesics,Ibuprofen,2025-10-10,No
M02141,SUB-2130,S36,Antihistamines,Cetirizine,2025-09-25,Yes
M02142,SUB-2131,S36,Antidepressants,Sertraline,2026-06-03,No
M02143,SUB-2131,S36,Vitamins,Cholecalciferol,2026-04-07,Yes
M02144,SUB-2134,S36,Proton Pump Inhibitors,Omeprazole,2025-07-24,No
M02145,SUB-2136,S36,Vitamins,Cholecalciferol,2026-08-11,Yes
M02146,SUB-2136,S36,Analgesics,Paracetamol,2026-08-03,Yes
M02147,SUB-2137,S36,Corticosteroids,Prednisone,2026-06-17,No
M02148,SUB-2137,S36,Antidepressants,Sertraline,2026-07-20,Yes
M02149,SUB-2137,S36,Analgesics,Ibuprofen,2026-07-11,No
M02150,SUB-2137,S36,Antidiabetics,Metformin,2026-08-03,Yes
M02151,SUB-2138,S36,Proton Pump Inhibitors,Omeprazole,2025-09-22,Yes
M02152,SUB-2138,S36,Statins,Atorvastatin,2025-10-10,Yes
M02153,SUB-2141,S36,Antihypertensives,Lisinopril,2026-03-15,No
M02154,SUB-2141,S36,Antidiabetics,Metformin,2026-04-07,No
M02155,SUB-2142,S36,Analgesics,Ibuprofen,2025-03-10,Yes
M02156,SUB-2142,S36,Analgesics,Ibuprofen,2025-03-18,No
M02157,SUB-2144,S36,Antihypertensives,Amlodipine,2025-05-01,Yes
M02158,SUB-2144,S36,Antihypertensives,Amlodipine,2025-06-12,No
M02159,SUB-2144,S36,Analgesics,Paracetamol,2025-06-10,No
M02160,SUB-2146,S36,Corticosteroids,Prednisone,2025-04-09,Yes
M02161,SUB-2146,S36,Antidepressants,Sertraline,2025-07-02,Yes
M02162,SUB-2146,S36,Antibiotics,Amoxicillin,2025-05-08,No
M02163,SUB-2146,S36,Antidepressants,Sertraline,2025-05-02,Yes
M02164,SUB-2147,S36,Vitamins,Cholecalciferol,2026-03-23,Yes
M02165,SUB-2147,S36,Analgesics,Ibuprofen,2026-03-01,Yes
M02166,SUB-2149,S36,Corticosteroids,Prednisone,2025-10-01,No
M02167,SUB-2150,S36,Antihypertensives,Amlodipine,2026-04-27,No
M02168,SUB-2156,S36,Antibiotics,Amoxicillin,2026-06-19,No
M02169,SUB-2157,S36,Antidepressants,Sertraline,2025-04-11,No
M02170,SUB-2158,S36,Statins,Atorvastatin,2025-02-24,Yes
M02171,SUB-2158,S36,Antidiabetics,Metformin,2025-03-25,Yes
M02172,SUB-2159,S36,Analgesics,Ibuprofen,2026-09-02,Yes
M02173,SUB-2159,S36,Proton Pump Inhibitors,Omeprazole,2026-07-08,No
M02174,SUB-2161,S36,Statins,Atorvastatin,2026-08-01,No
M02175,SUB-2163,S37,Antidiabetics,Metformin,2025-09-13,Yes
M02176,SUB-2163,S37,Antihistamines,Cetirizine,2025-10-05,Yes
M02177,SUB-2165,S37,Antihypertensives,Lisinopril,2025-01-17,Yes
M02178,SUB-2170,S37,Statins,Atorvastatin,2026-06-03,Yes
M02179,SUB-2170,S37,Corticosteroids,Prednisone,2026-06-21,No
M02180,SUB-2172,S37,Statins,Atorvastatin,2025-04-20,No
M02181,SUB-2172,S37,Analgesics,Ibuprofen,2025-05-27,Yes
M02182,SUB-2172,S37,Proton Pump Inhibitors,Omeprazole,2025-05-26,No
M02183,SUB-2172,S37,Analgesics,Ibuprofen,2025-04-30,No
M02184,SUB-2173,S37,Antihypertensives,Amlodipine,2025-06-25,Yes
M02185,SUB-2173,S37,Statins,Atorvastatin,2025-05-25,Yes
M02186,SUB-2173,S37,Proton Pump Inhibitors,Omeprazole,2025-05-12,Yes
M02187,SUB-2174,S37,Analgesics,Ibuprofen,2025-01-22,No
M02188,SUB-2175,S37,Antihypertensives,Amlodipine,2025-06-27,Yes
M02189,SUB-2175,S37,Analgesics,Ibuprofen,2025-06-26,No
M02190,SUB-2180,S37,Antihypertensives,Amlodipine,2026-04-27,No
M02191,SUB-2180,S37,Corticosteroids,Prednisone,2026-06-05,No
M02192,SUB-2180,S37,Antihypertensives,Lisinopril,2026-06-15,No
M02193,SUB-2184,S37,Analgesics,Paracetamol,2026-01-09,Yes
M02194,SUB-2189,S37,Antibiotics,Amoxicillin,2025-04-19,No
M02195,SUB-2189,S37,Analgesics,Ibuprofen,2025-04-27,No
M02196,SUB-2190,S37,Antihypertensives,Lisinopril,2025-09-23,Yes
M02197,SUB-2191,S37,Analgesics,Paracetamol,2024-12-31,Yes
M02198,SUB-2192,S37,Vitamins,Cholecalciferol,2025-06-26,No
M02199,SUB-2195,S37,Antihypertensives,Amlodipine,2025-10-09,No
M02200,SUB-2196,S37,Antidepressants,Sertraline,2026-02-11,Yes
M02201,SUB-2198,S37,Proton Pump Inhibitors,Omeprazole,2025-10-22,No
M02202,SUB-2198,S37,Antihypertensives,Lisinopril,2025-09-08,Yes
M02203,SUB-2202,S37,Statins,Atorvastatin,2025-09-22,No
M02204,SUB-2203,S37,Statins,Atorvastatin,2026-04-03,Yes
M02205,SUB-2203,S37,Antibiotics,Amoxicillin,2026-03-21,No
M02206,SUB-2204,S37,Analgesics,Paracetamol,2026-03-29,Yes
M02207,SUB-2204,S37,Antihypertensives,Amlodipine,2026-03-14,No
M02208,SUB-2209,S37,Antidepressants,Sertraline,2025-11-12,Yes
M02209,SUB-2210,S37,Statins,Atorvastatin,2025-12-08,Yes
M02210,SUB-2210,S37,Antihypertensives,Lisinopril,2025-12-19,No
M02211,SUB-2211,S37,Antidiabetics,Metformin,2025-10-10,Yes
M02212,SUB-2211,S37,Antihistamines,Cetirizine,2025-09-01,Yes
M02213,SUB-2212,S37,Antibiotics,Amoxicillin,2026-02-02,Yes
M02214,SUB-2214,S37,Corticosteroids,Prednisone,2025-07-22,Yes
M02215,SUB-2215,S37,Antihistamines,Cetirizine,2026-04-07,No
M02216,SUB-2215,S37,Analgesics,Ibuprofen,2026-04-20,No
M02217,SUB-2216,S37,Corticosteroids,Prednisone,2025-02-03,Yes
M02218,SUB-2216,S37,Antihistamines,Cetirizine,2025-03-12,No
M02219,SUB-2220,S37,Vitamins,Cholecalciferol,2025-07-01,No
M02220,SUB-2220,S37,Antihistamines,Cetirizine,2025-05-03,Yes
M02221,SUB-2221,S37,Proton Pump Inhibitors,Omeprazole,2026-03-06,Yes
M02222,SUB-2221,S37,Analgesics,Ibuprofen,2026-02-05,No
M02223,SUB-2221,S37,Antidepressants,Sertraline,2026-02-19,No
M02224,SUB-2221,S37,Corticosteroids,Prednisone,2026-04-23,Yes
M02225,SUB-2222,S38,Analgesics,Paracetamol,2025-08-14,No
M02226,SUB-2223,S38,Analgesics,Ibuprofen,2026-04-04,Yes
M02227,SUB-2224,S38,Proton Pump Inhibitors,Omeprazole,2026-01-16,Yes
M02228,SUB-2225,S38,Antihypertensives,Amlodipine,2025-05-29,Yes
M02229,SUB-2228,S38,Corticosteroids,Prednisone,2026-06-22,No
M02230,SUB-2231,S38,Analgesics,Ibuprofen,2025-11-04,No
M02231,SUB-2236,S38,Statins,Atorvastatin,2025-08-23,No
M02232,SUB-2236,S38,Antidiabetics,Metformin,2025-08-13,Yes
M02233,SUB-2236,S38,Statins,Atorvastatin,2025-09-15,Yes
M02234,SUB-2240,S38,Statins,Atorvastatin,2026-01-16,Yes
M02235,SUB-2243,S38,Antidiabetics,Metformin,2025-01-02,Yes
M02236,SUB-2248,S38,Antibiotics,Amoxicillin,2026-04-11,Yes
M02237,SUB-2249,S38,Analgesics,Ibuprofen,2025-10-09,No
M02238,SUB-2249,S38,Antihypertensives,Amlodipine,2025-09-12,Yes
M02239,SUB-2251,S38,Antihypertensives,Lisinopril,2024-12-15,Yes
M02240,SUB-2251,S38,Corticosteroids,Prednisone,2025-02-03,No
M02241,SUB-2251,S38,Antihypertensives,Amlodipine,2024-12-30,Yes
M02242,SUB-2251,S38,Vitamins,Cholecalciferol,2025-02-20,Yes
M02243,SUB-2252,S38,Corticosteroids,Prednisone,2026-03-14,No
M02244,SUB-2252,S38,Analgesics,Paracetamol,2026-02-16,Yes
M02245,SUB-2255,S38,Statins,Atorvastatin,2025-02-17,No
M02246,SUB-2255,S38,Antihistamines,Cetirizine,2025-02-15,No
M02247,SUB-2255,S38,Proton Pump Inhibitors,Omeprazole,2025-04-25,No
M02248,SUB-2256,S38,Vitamins,Cholecalciferol,2025-03-23,Yes
M02249,SUB-2256,S38,Antidiabetics,Metformin,2025-03-17,Yes
M02250,SUB-2256,S38,Antihypertensives,Amlodipine,2025-06-08,Yes
M02251,SUB-2256,S38,Analgesics,Ibuprofen,2025-04-12,Yes
M02252,SUB-2260,S38,Analgesics,Ibuprofen,2025-06-18,No
M02253,SUB-2261,S38,Analgesics,Ibuprofen,2026-04-12,Yes
M02254,SUB-2263,S38,Antihypertensives,Amlodipine,2026-01-17,Yes
M02255,SUB-2263,S38,Proton Pump Inhibitors,Omeprazole,2026-01-21,No
M02256,SUB-2263,S38,Analgesics,Ibuprofen,2025-11-19,No
M02257,SUB-2264,S38,Antidepressants,Sertraline,2025-01-21,Yes
M02258,SUB-2265,S38,Corticosteroids,Prednisone,2025-10-16,Yes
M02259,SUB-2265,S38,Antihypertensives,Amlodipine,2025-11-18,Yes
M02260,SUB-2266,S38,Antibiotics,Amoxicillin,2025-07-03,No
M02261,SUB-2266,S38,Corticosteroids,Prednisone,2025-08-08,No
M02262,SUB-2266,S38,Statins,Atorvastatin,2025-08-09,Yes
M02263,SUB-2268,S38,Antihypertensives,Lisinopril,2026-01-17,No
M02264,SUB-2268,S38,Proton Pump Inhibitors,Omeprazole,2025-11-07,No
M02265,SUB-2270,S38,Corticosteroids,Prednisone,2026-05-12,No
M02266,SUB-2270,S38,Corticosteroids,Prednisone,2026-05-24,No
M02267,SUB-2272,S38,Statins,Atorvastatin,2025-02-23,Yes
M02268,SUB-2276,S39,Analgesics,Paracetamol,2025-05-14,Yes
M02269,SUB-2276,S39,Antidiabetics,Metformin,2025-04-09,No
M02270,SUB-2276,S39,Antidiabetics,Metformin,2025-05-25,No
M02271,SUB-2277,S39,Vitamins,Cholecalciferol,2025-11-01,Yes
M02272,SUB-2278,S39,Vitamins,Cholecalciferol,2025-05-04,No
M02273,SUB-2278,S39,Statins,Atorvastatin,2025-05-04,Yes
M02274,SUB-2278,S39,Analgesics,Ibuprofen,2025-04-05,No
M02275,SUB-2279,S39,Antidepressants,Sertraline,2025-11-26,Yes
M02276,SUB-2282,S39,Antibiotics,Amoxicillin,2025-06-19,No
M02277,SUB-2282,S39,Analgesics,Ibuprofen,2025-05-01,No
M02278,SUB-2285,S39,Vitamins,Cholecalciferol,2025-10-18,Yes
M02279,SUB-2285,S39,Analgesics,Paracetamol,2025-09-22,Yes
M02280,SUB-2289,S39,Antidiabetics,Metformin,2025-12-09,Yes
M02281,SUB-2289,S39,Antihypertensives,Lisinopril,2026-02-21,Yes
M02282,SUB-2289,S39,Antidepressants,Sertraline,2025-12-07,Yes
M02283,SUB-2290,S39,Antihistamines,Cetirizine,2025-08-09,Yes
M02284,SUB-2290,S39,Vitamins,Cholecalciferol,2025-10-14,Yes
M02285,SUB-2290,S39,Antidiabetics,Metformin,2025-09-11,No
M02286,SUB-2291,S39,Antihypertensives,Amlodipine,2025-11-24,Yes
M02287,SUB-2292,S39,Corticosteroids,Prednisone,2025-09-12,No
M02288,SUB-2292,S39,Antidepressants,Sertraline,2025-08-18,Yes
M02289,SUB-2292,S39,Proton Pump Inhibitors,Omeprazole,2025-08-18,Yes
M02290,SUB-2292,S39,Antidiabetics,Metformin,2025-09-18,Yes
M02291,SUB-2293,S39,Analgesics,Ibuprofen,2026-02-08,Yes
M02292,SUB-2294,S39,Antidiabetics,Metformin,2026-06-20,Yes
M02293,SUB-2294,S39,Vitamins,Cholecalciferol,2026-07-13,No
M02294,SUB-2296,S39,Proton Pump Inhibitors,Omeprazole,2026-05-19,No
M02295,SUB-2300,S39,Antidepressants,Sertraline,2026-08-17,Yes
M02296,SUB-2300,S39,Corticosteroids,Prednisone,2026-07-25,No
M02297,SUB-2301,S39,Analgesics,Ibuprofen,2026-02-04,Yes
M02298,SUB-2301,S39,Antibiotics,Amoxicillin,2025-12-21,Yes
M02299,SUB-2302,S39,Antihistamines,Cetirizine,2026-01-11,Yes
M02300,SUB-2302,S39,Corticosteroids,Prednisone,2025-11-30,Yes
M02301,SUB-2304,S39,Statins,Atorvastatin,2026-01-21,No
M02302,SUB-2305,S39,Vitamins,Cholecalciferol,2026-06-21,No
M02303,SUB-2305,S39,Antidiabetics,Metformin,2026-04-22,Yes
M02304,SUB-2308,S39,Antihypertensives,Lisinopril,2025-11-04,Yes
M02305,SUB-2308,S39,Vitamins,Cholecalciferol,2025-11-29,No
M02306,SUB-2309,S39,Antihypertensives,Amlodipine,2025-08-03,Yes
M02307,SUB-2310,S39,Antidepressants,Sertraline,2025-05-29,No
M02308,SUB-2310,S39,Antihistamines,Cetirizine,2025-05-15,No
M02309,SUB-2311,S39,Corticosteroids,Prednisone,2026-01-19,No
M02310,SUB-2311,S39,Antibiotics,Amoxicillin,2026-02-18,Yes
M02311,SUB-2313,S39,Antibiotics,Amoxicillin,2026-04-24,No
M02312,SUB-2313,S39,Statins,Atorvastatin,2026-04-22,No
M02313,SUB-2314,S39,Vitamins,Cholecalciferol,2025-11-10,No
M02314,SUB-2315,S39,Antihistamines,Cetirizine,2026-03-28,No
M02315,SUB-2316,S39,Antihistamines,Cetirizine,2025-05-26,No
M02316,SUB-2318,S39,Vitamins,Cholecalciferol,2026-03-14,Yes
M02317,SUB-2319,S39,Antidiabetics,Metformin,2025-04-20,No
M02318,SUB-2320,S39,Antibiotics,Amoxicillin,2025-10-22,Yes
M02319,SUB-2321,S39,Proton Pump Inhibitors,Omeprazole,2025-05-12,No
M02320,SUB-2322,S39,Antidepressants,Sertraline,2025-06-03,Yes
M02321,SUB-2322,S39,Analgesics,Paracetamol,2025-04-27,Yes
M02322,SUB-2323,S39,Analgesics,Ibuprofen,2025-07-22,No
M02323,SUB-2323,S39,Statins,Atorvastatin,2025-05-31,Yes
M02324,SUB-2323,S39,Proton Pump Inhibitors,Omeprazole,2025-07-15,No
M02325,SUB-2323,S39,Antihypertensives,Lisinopril,2025-05-31,Yes
M02326,SUB-2330,S40,Antidepressants,Sertraline,2025-06-07,No
M02327,SUB-2332,S40,Antidiabetics,Metformin,2025-06-24,Yes
M02328,SUB-2332,S40,Antihypertensives,Lisinopril,2025-07-03,No
M02329,SUB-2334,S40,Statins,Atorvastatin,2026-09-11,Yes
M02330,SUB-2334,S40,Antihistamines,Cetirizine,2026-08-24,No
M02331,SUB-2335,S40,Antihypertensives,Lisinopril,2026-08-23,Yes
M02332,SUB-2338,S40,Corticosteroids,Prednisone,2026-05-25,No
M02333,SUB-2339,S40,Antidiabetics,Metformin,2026-06-10,Yes
M02334,SUB-2340,S40,Antidiabetics,Metformin,2026-07-15,No
M02335,SUB-2340,S40,Vitamins,Cholecalciferol,2026-07-04,Yes
M02336,SUB-2341,S40,Statins,Atorvastatin,2025-10-04,No
M02337,SUB-2342,S40,Antidiabetics,Metformin,2026-02-10,Yes
M02338,SUB-2342,S40,Analgesics,Ibuprofen,2026-02-02,No
M02339,SUB-2342,S40,Proton Pump Inhibitors,Omeprazole,2026-01-27,No
M02340,SUB-2348,S40,Analgesics,Ibuprofen,2025-10-06,No
M02341,SUB-2348,S40,Antidiabetics,Metformin,2025-12-20,No
M02342,SUB-2348,S40,Statins,Atorvastatin,2025-10-12,Yes
M02343,SUB-2350,S40,Analgesics,Ibuprofen,2026-02-10,No
M02344,SUB-2350,S40,Antihypertensives,Amlodipine,2026-02-14,Yes
M02345,SUB-2350,S40,Antidepressants,Sertraline,2026-01-22,No
M02346,SUB-2351,S40,Antibiotics,Amoxicillin,2025-12-10,Yes
M02347,SUB-2352,S40,Antihypertensives,Amlodipine,2026-02-09,No
M02348,SUB-2352,S40,Vitamins,Cholecalciferol,2026-03-12,Yes
M02349,SUB-2352,S40,Vitamins,Cholecalciferol,2026-02-28,Yes
M02350,SUB-2353,S40,Statins,Atorvastatin,2026-05-31,No
M02351,SUB-2355,S40,Vitamins,Cholecalciferol,2025-07-26,Yes
M02352,SUB-2356,S40,Antibiotics,Amoxicillin,2026-05-26,Yes
M02353,SUB-2356,S40,Antidiabetics,Metformin,2026-06-24,Yes
M02354,SUB-2357,S40,Proton Pump Inhibitors,Omeprazole,2026-07-08,No
M02355,SUB-2357,S40,Analgesics,Ibuprofen,2026-07-23,Yes
M02356,SUB-2358,S40,Antihypertensives,Amlodipine,2025-06-08,No
M02357,SUB-2359,S40,Antidiabetics,Metformin,2026-07-30,No
M02358,SUB-2360,S40,Vitamins,Cholecalciferol,2025-12-01,No
M02359,SUB-2362,S40,Analgesics,Ibuprofen,2025-10-03,No
M02360,SUB-2362,S40,Vitamins,Cholecalciferol,2025-09-22,Yes
M02361,SUB-2363,S40,Antibiotics,Amoxicillin,2026-02-10,No
M02362,SUB-2363,S40,Corticosteroids,Prednisone,2025-12-31,No
M02363,SUB-2363,S40,Antihistamines,Cetirizine,2025-11-17,No
M02364,SUB-2364,S40,Antihistamines,Cetirizine,2026-06-01,Yes
M02365,SUB-2364,S40,Antidiabetics,Metformin,2026-05-09,No
M02366,SUB-2364,S40,Analgesics,Paracetamol,2026-04-28,Yes
M02367,SUB-2364,S40,Antidepressants,Sertraline,2026-03-28,Yes
M02368,SUB-2366,S40,Antidepressants,Sertraline,2025-07-27,Yes
M02369,SUB-2367,S40,Antidepressants,Sertraline,2026-06-15,Yes
M02370,SUB-2367,S40,Proton Pump Inhibitors,Omeprazole,2026-06-27,No
M02371,SUB-2367,S40,Corticosteroids,Prednisone,2026-08-12,Yes
M02372,SUB-2368,S40,Antidiabetics,Metformin,2025-09-30,No
M02373,SUB-2368,S40,Antibiotics,Amoxicillin,2025-11-03,No
M02374,SUB-2370,S40,Vitamins,Cholecalciferol,2025-08-04,No
M02375,SUB-2370,S40,Antihypertensives,Amlodipine,2025-09-13,Yes
M02376,SUB-2371,S40,Vitamins,Cholecalciferol,2025-07-22,Yes
M02377,SUB-2371,S40,Antihypertensives,Amlodipine,2025-08-16,Yes
M02378,SUB-2372,S40,Antidepressants,Sertraline,2025-09-03,No
M02379,SUB-2375,S40,Antibiotics,Amoxicillin,2026-08-05,No
M02380,SUB-2375,S40,Antihistamines,Cetirizine,2026-08-10,Yes
M02381,SUB-2375,S40,Corticosteroids,Prednisone,2026-07-19,No
M02382,SUB-2376,S40,Antihypertensives,Amlodipine,2025-08-29,No
M02383,SUB-2376,S40,Antidepressants,Sertraline,2025-10-11,No
M02384,SUB-2377,S40,Antidiabetics,Metformin,2025-12-10,Yes
M02385,SUB-2377,S40,Analgesics,Ibuprofen,2025-10-17,Yes
M02386,SUB-2378,S40,Antibiotics,Amoxicillin,2026-05-01,No
M02387,SUB-2379,S40,Analgesics,Ibuprofen,2026-07-08,No
M02388,SUB-2379,S40,Antihypertensives,Amlodipine,2026-05-15,No
M02389,SUB-2380,S40,Corticosteroids,Prednisone,2026-06-24,Yes
M02390,SUB-2382,S40,Antihistamines,Cetirizine,2026-08-06,Yes
M02391,SUB-2385,S40,Antihypertensives,Amlodipine,2026-05-15,Yes
M02392,SUB-2386,S40,Antidepressants,Sertraline,2025-07-18,Yes
M02393,SUB-2386,S40,Analgesics,Ibuprofen,2025-07-30,Yes
M02394,SUB-2386,S40,Analgesics,Ibuprofen,2025-06-20,Yes
M02395,SUB-2387,S40,Antibiotics,Amoxicillin,2026-08-22,No
M02396,SUB-2387,S40,Antidepressants,Sertraline,2026-07-01,Yes
M02397,SUB-2390,S40,Antibiotics,Amoxicillin,2026-02-19,No
M02398,SUB-2390,S40,Antidepressants,Sertraline,2026-04-02,No
