SubjectID,SiteID,ScreenDate,RandomizationDate,Status,Age,AgeGroup,Sex,Race,Ethnicity,BMICategory,DiseaseStage,PriorTherapyLines,TreatmentArm,WithdrawalReason
SUB-0001,S01,2026-09-16,2026-09-29,On Treatment,26,18-40,Male,White,Not Hispanic or Latino,Normal,Stage IV,1,Dose Low,
SUB-0002,S01,2025-07-10,2025-07-19,Randomized,20,18-40,Female,Black or African American,Not Hispanic or Latino,Obese,Stage II,0,Dose Low,
SUB-0003,S01,2025-11-28,2025-12-14,Completed,67,65+,Male,White,Not Hispanic or Latino,Overweight,Stage III,0,Dose Low,
SUB-0004,S01,2025-11-19,2025-12-07,On Treatment,53,41-55,Female,Asian,Not Hispanic or Latino,Obese,Stage III,1,Dose Low,
SUB-0005,S01,2026-07-13,2026-07-21,On Treatment,38,18-40,Male,White,Not Hispanic or Latino,Overweight,Stage II,1,Dose High,
SUB-0006,S01,2026-03-05,2026-03-26,Randomized,52,41-55,Female,White,Not Hispanic or Latino,Obese,Stage II,0,Dose High,
SUB-0007,S01,2025-07-22,2025-07-30,On Treatment,58,56-65,Male,Black or African American,Not Hispanic or Latino,Obese,Stage II,0,Dose Low,
SUB-0008,S01,2025-07-25,,Screen Failure,50,41-55,Male,Not Reported,Not Hispanic or Latino,Normal,Stage III,0,,
SUB-0009,S01,2026-05-15,2026-06-01,Randomized,22,18-40,Male,White,Not Hispanic or Latino,Overweight,Stage IV,2,Dose Low,
SUB-0010,S01,2026-06-09,2026-06-20,Withdrawn,63,56-65,Female,Black or African American,Not Hispanic or Latino,Underweight,Stage IV,0,Dose Low,Adverse Event
SUB-0011,S01,2026-03-22,2026-04-04,On Treatment,61,56-65,Female,White,Not Hispanic or Latino,Normal,Stage IV,0,Dose Low,
SUB-0012,S01,2025-06-29,,Screen Failure,63,56-65,Male,White,Not Hispanic or Latino,Normal,Stage III,0,,
SUB-0013,S01,2026-07-27,2026-08-03,On Treatment,68,65+,Male,Asian,Not Hispanic or Latino,Underweight,Stage IV,1,Placebo,
SUB-0014,S01,2026-02-16,2026-02-23,Randomized,40,18-40,Female,Black or African American,Not Reported,Overweight,Stage III,0,Dose High,
SUB-0015,S01,2026-09-09,,Screen Failure,19,18-40,Female,White,Not Reported,Overweight,Stage II,2,,
SUB-0016,S01,2026-07-04,2026-07-18,On Treatment,53,41-55,Male,Asian,Not Hispanic or Latino,Overweight,Stage III,1,Dose High,
SUB-0017,S01,2026-09-19,2026-09-25,Randomized,37,18-40,Male,Other,Not Reported,Obese,Stage IV,1,Placebo,
SUB-0018,S01,2025-06-29,2025-07-04,On Treatment,51,41-55,Female,Black or African American,Not Hispanic or Latino,Obese,Stage IV,0,Placebo,
SUB-0019,S01,2026-04-01,2026-04-16,Withdrawn,38,18-40,Female,White,Not Hispanic or Latino,Normal,Stage III,0,Dose Low,Physician Decision
SUB-0020,S01,2025-12-02,,Screen Failure,55,41-55,Male,White,Not Hispanic or Latino,Obese,Stage II,3,,
SUB-0021,S01,2025-05-31,2025-06-18,On Treatment,39,18-40,Female,White,Not Hispanic or Latino,Normal,Stage II,1,Dose High,
SUB-0022,S01,2025-05-24,2025-05-29,On Treatment,37,18-40,Female,White,Not Reported,Overweight,Stage IV,0,Dose Low,
SUB-0023,S01,2026-02-14,2026-02-20,Withdrawn,33,18-40,Female,Asian,Not Hispanic or Latino,Overweight,Stage IV,0,Dose Low,Adverse Event
SUB-0024,S01,2025-08-19,2025-08-31,Randomized,39,18-40,Male,White,Not Hispanic or Latino,Normal,Stage IV,1,Placebo,
SUB-0025,S01,2026-09-04,2026-09-13,On Treatment,62,56-65,Male,White,Hispanic or Latino,Normal,Stage II,1,Dose High,
SUB-0026,S01,2025-09-29,2025-10-12,On Treatment,74,65+,Male,White,Not Hispanic or Latino,Normal,Stage II,1,Dose High,
SUB-0027,S01,2025-09-25,2025-10-16,On Treatment,20,18-40,Male,Black or African American,Not Hispanic or Latino,Overweight,Stage III,2,Dose Low,
SUB-0028,S01,2026-09-16,2026-09-29,On Treatment,40,18-40,Female,White,Not Hispanic or Latino,Normal,Stage IV,1,Placebo,
SUB-0029,S01,2026-07-20,2026-08-07,On Treatment,19,18-40,Female,Asian,Not Hispanic or Latino,Overweight,Stage III,0,Dose High,
SUB-0030,S01,2025-12-22,2026-01-10,Randomized,28,18-40,Female,White,Not Hispanic or Latino,Normal,Stage III,3,Placebo,
SUB-0031,S01,2026-09-08,,Screened,39,18-40,Male,White,Not Hispanic or Latino,Overweight,Stage IV,1,,
SUB-0032,S01,2025-09-09,,Screen Failure,71,65+,Female,White,Not Hispanic or Latino,Obese,Stage III,1,,
SUB-0033,S01,2026-05-06,2026-05-19,On Treatment,59,56-65,Male,White,Not Hispanic or Latino,Underweight,Stage III,0,Dose Low,
SUB-0034,S01,2026-09-11,,Screen Failure,53,41-55,Male,White,Not Hispanic or Latino,Obese,Stage II,1,,
SUB-0035,S01,2026-08-17,2026-08-29,Randomized,59,56-65,Male,White,Not Hispanic or Latino,Normal,Stage IV,2,Dose High,
SUB-0036,S01,2025-11-16,2025-12-05,On Treatment,31,18-40,Female,White,Not Hispanic or Latino,Overweight,Stage IV,0,Dose Low,
SUB-0037,S01,2025-12-24,2026-01-04,Completed,35,18-40,Male,White,Not Hispanic or Latino,Overweight,Stage IV,1,Dose High,
SUB-0038,S01,2025-10-24,2025-10-31,On Treatment,25,18-40,Female,White,Not Hispanic or Latino,Obese,Stage II,0,Dose High,
SUB-0039,S01,2026-08-16,2026-09-02,Completed,41,41-55,Female,White,Not Hispanic or Latino,Obese,Stage II,0,Placebo,
SUB-0040,S01,2026-09-06,2026-09-11,Completed,37,18-40,Male,White,Not Hispanic or Latino,Overweight,Stage II,0,Dose Low,
SUB-0041,S01,2026-02-09,2026-02-12,On Treatment,29,18-40,Male,Black or African American,Not Hispanic or Latino,Obese,Stage II,0,Placebo,
SUB-0042,S01,2026-09-16,2026-09-23,On Treatment,64,56-65,Female,Not Reported,Not Hispanic or Latino,Overweight,Stage IV,1,Dose High,
SUB-0043,S01,2025-08-23,2025-09-01,On Treatment,28,18-40,Male,Black or African American,Not Hispanic or Latino,Normal,Stage II,0,Dose High,
SUB-0044,S01,2026-08-08,,Screen Failure,72,65+,Female,White,Not Hispanic or Latino,Obese,Stage IV,2,,
SUB-0045,S01,2026-03-12,2026-03-27,On Treatment,52,41-55,Male,White,Not Hispanic or Latino,Obese,Stage IV,0,Placebo,
SUB-0046,S01,2026-05-24,2026-06-14,Completed,59,56-65,Male,Not Reported,Not Hispanic or Latino,Overweight,Stage IV,2,Placebo,
SUB-0047,S01,2026-08-27,2026-09-07,On Treatment,23,18-40,Female,White,Not Hispanic or Latino,Normal,Stage IV,2,Placebo,
SUB-0048,S01,2026-09-01,2026-09-21,Withdrawn,35,18-40,Female,White,Not Hispanic or Latino,Overweight,Stage III,0,Placebo,Adverse Event
SUB-0049,S01,2025-08-02,2025-08-21,Withdrawn,60,56-65,Female,White,Not Hispanic or Latino,Normal,Stage III,1,Placebo,Lost to Follow-up
SUB-0050,S01,2026-01-21,2026-02-03,On Treatment,41,41-55,Male,White,Not Hispanic or Latino,Overweight,Stage III,1,Dose Low,
SUB-0051,S01,2025-06-07,2025-06-16,On Treatment,77,65+,Female,White,Hispanic or Latino,Normal,Stage III,2,Dose Low,
SUB-0052,S01,2025-06-17,2025-07-06,On Treatment,65,56-65,Female,Black or African American,Not Hispanic or Latino,Overweight,Stage II,2,Placebo,
SUB-0053,S01,2026-07-21,2026-07-24,On Treatment,39,18-40,Male,Other,Not Hispanic or Latino,Normal,Stage II,0,Placebo,
SUB-0054,S01,2025-09-17,2025-10-07,On Treatment,77,65+,Female,Not Reported,Hispanic or Latino,Obese,Stage IV,1,Dose Low,
SUB-0055,S01,2026-09-27,,Screen Failure,29,18-40,Female,Black or African American,Not Hispanic or Latino,Underweight,Stage IV,1,,
SUB-0056,S01,2026-09-16,2026-09-21,Completed,39,18-40,Female,White,Not Hispanic or Latino,Normal,Stage IV,0,Dose High,
SUB-0057,S02,2026-02-05,,Screen Failure,70,65+,Male,White,Not Hispanic or Latino,Overweight,Stage II,0,,
SUB-0058,S02,2025-12-23,2026-01-05,Withdrawn,39,18-40,Male,White,Not Hispanic or Latino,Obese,Stage II,3,Dose Low,Physician Decision
SUB-0059,S02,2026-09-14,2026-09-27,On Treatment,81,65+,Female,White,Hispanic or Latino,Normal,Stage IV,1,Dose High,
SUB-0060,S02,2026-08-04,2026-08-17,On Treatment,20,18-40,Male,White,Not Hispanic or Latino,Normal,Stage III,1,Dose Low,
SUB-0061,S02,2025-12-02,2025-12-22,On Treatment,40,18-40,Male,Black or African American,Not Hispanic or Latino,Overweight,Stage II,1,Placebo,
SUB-0062,S02,2026-08-18,2026-08-23,Randomized,57,56-65,Female,White,Not Hispanic or Latino,Overweight,Stage III,3,Placebo,
SUB-0063,S02,2026-06-27,2026-06-30,On Treatment,47,41-55,Male,White,Not Hispanic or Latino,Normal,Stage III,1,Dose Low,
SUB-0064,S02,2026-08-30,2026-09-11,Completed,70,65+,Male,White,Not Hispanic or Latino,Normal,Stage IV,1,Placebo,
SUB-0065,S02,2025-12-28,,Screened,55,41-55,Male,White,Not Hispanic or Latino,Normal,Stage II,0,,
SUB-0066,S02,2025-10-11,2025-10-31,Randomized,56,56-65,Male,Black or African American,Not Hispanic or Latino,Obese,Stage II,0,Dose Low,
SUB-0067,S02,2026-04-07,,Screen Failure,43,41-55,Male,White,Not Hispanic or Latino,Overweight,Stage III,3,,
SUB-0068,S02,2026-08-17,,Screen Failure,57,56-65,Female,Asian,Not Hispanic or Latino,Overweight,Stage III,0,,
SUB-0069,S02,2026-08-28,2026-09-16,Withdrawn,67,65+,Female,White,Not Hispanic or Latino,Normal,Stage III,2,Dose Low,Consent Withdrawn
SUB-0070,S02,2026-06-23,2026-06-26,On Treatment,80,65+,Male,White,Hispanic or Latino,Overweight,Stage II,0,Placebo,
SUB-0071,S02,2025-08-27,2025-09-02,On Treatment,62,56-65,Female,White,Not Hispanic or Latino,Obese,Stage II,2,Placebo,
SUB-0072,S02,2026-05-17,2026-06-03,On Treatment,31,18-40,Female,Asian,Not Hispanic or Latino,Overweight,Stage IV,0,Dose Low,
SUB-0073,S02,2025-08-29,2025-09-05,Withdrawn,30,18-40,Male,Asian,Not Hispanic or Latino,Underweight,Stage III,1,Dose Low,Adverse Event
SUB-0074,S02,2026-08-28,2026-09-14,Completed,24,18-40,Male,White,Not Hispanic or Latino,Normal,Stage IV,1,Dose Low,
SUB-0075,S02,2026-08-10,,Screen Failure,39,18-40,Female,Asian,Not Hispanic or Latino,Obese,Stage III,2,,
SUB-0076,S02,2026-08-21,2026-08-31,Completed,70,65+,Female,White,Not Hispanic or Latino,Normal,Stage IV,2,Dose Low,
SUB-0077,S02,2026-04-16,,Screened,41,41-55,Male,White,Not Hispanic or Latino,Normal,Stage III,0,,
SUB-0078,S02,2026-02-23,,Screened,74,65+,Female,White,Not Hispanic or Latino,Obese,Stage III,0,,
SUB-0079,S02,2026-02-09,,Screen Failure,43,41-55,Male,Black or African American,Not Hispanic or Latino,Obese,Stage II,1,,
SUB-0080,S02,2026-07-22,2026-08-08,Randomized,65,56-65,Male,Asian,Not Hispanic or Latino,Normal,Stage III,0,Dose Low,
SUB-0081,S02,2026-06-01,2026-06-15,Completed,19,18-40,Male,White,Not Hispanic or Latino,Underweight,Stage IV,0,Dose High,
SUB-0082,S02,2025-07-27,,Screen Failure,60,56-65,Male,White,Not Hispanic or Latino,Obese,Stage IV,0,,
SUB-0083,S02,2025-12-30,,Screened,27,18-40,Female,White,Not Hispanic or Latino,Obese,Stage IV,1,,
SUB-0084,S02,2025-09-15,2025-10-05,Randomized,55,41-55,Female,White,Not Hispanic or Latino,Normal,Stage II,2,Dose Low,
SUB-0085,S02,2025-08-14,2025-08-29,On Treatment,21,18-40,Male,White,Not Hispanic or Latino,Overweight,Stage III,0,Placebo,
SUB-0086,S02,2025-07-24,2025-07-31,Withdrawn,39,18-40,Male,Black or African American,Not Hispanic or Latino,Obese,Stage III,2,Placebo,Lost to Follow-up
SUB-0087,S02,2025-10-30,2025-11-11,On Treatment,34,18-40,Male,White,Not Reported,Overweight,Stage IV,0,Dose High,
SUB-0088,S02,2026-04-27,,Screen Failure,55,41-55,Female,Other,Not Hispanic or Latino,Normal,Stage III,0,,
SUB-0089,S02,2025-08-17,2025-08-20,Randomized,53,41-55,Female,White,Not Hispanic or Latino,Normal,Stage IV,0,Dose Low,
SUB-0090,S02,2025-08-15,2025-09-01,Completed,35,18-40,Female,White,Not Hispanic or Latino,Overweight,Stage III,0,Dose Low,
SUB-0091,S02,2026-09-27,2026-09-27,On Treatment,35,18-40,Male,Asian,Hispanic or Latino,Normal,Stage IV,0,Dose High,
SUB-0092,S02,2026-01-19,2026-02-06,On Treatment,57,56-65,Female,White,Not Hispanic or Latino,Obese,Stage IV,0,Dose Low,
SUB-0093,S02,2026-04-12,,Screen Failure,71,65+,Female,White,Not Hispanic or Latino,Normal,Stage IV,2,,
SUB-0094,S02,2025-07-20,2025-08-01,On Treatment,43,41-55,Female,Other,Not Hispanic or Latino,Obese,Stage II,0,Dose High,
SUB-0095,S02,2026-04-24,,Screen Failure,81,65+,Male,Black or African American,Not Hispanic or Latino,Overweight,Stage II,0,,
SUB-0096,S02,2026-08-17,2026-09-02,Randomized,64,56-65,Female,White,Not Hispanic or Latino,Overweight,Stage III,2,Placebo,
SUB-0097,S02,2026-09-24,2026-09-27,Withdrawn,24,18-40,Female,White,Hispanic or Latino,Overweight,Stage II,1,Dose Low,Protocol Violation
SUB-0098,S02,2025-10-04,2025-10-14,Randomized,53,41-55,Female,White,Not Hispanic or Latino,Normal,Stage IV,3,Dose Low,
SUB-0099,S02,2026-09-07,,Screen Failure,34,18-40,Female,Black or African American,Not Hispanic or Latino,Normal,Stage III,0,,
SUB-0100,S02,2026-08-22,2026-08-31,On Treatment,65,56-65,Female,Black or African American,Not Hispanic or Latino,Overweight,Stage IV,3,Placebo,
SUB-0101,S02,2026-02-25,2026-03-07,Completed,60,56-65,Female,Asian,Not Hispanic or Latino,Normal,Stage III,0,Dose High,
SUB-0102,S02,2026-01-18,2026-02-03,On Treatment,53,41-55,Male,Black or African American,Not Hispanic or Latino,Normal,Stage III,0,Dose Low,
SUB-0103,S02,2025-08-09,2025-08-28,Completed,71,65+,Female,White,Not Hispanic or Latino,Normal,Stage II,1,Dose Low,
SUB-0104,S02,2025-10-12,2025-10-25,Withdrawn,46,41-55,Male,Black or African American,Not Hispanic or Latino,Overweight,Stage II,1,Dose High,Protocol Violation
SUB-0105,S02,2026-09-12,2026-09-28,On Treatment,52,41-55,Male,White,Not Hispanic or Latino,Normal,Stage III,0,Dose High,
SUB-0106,S02,2025-06-09,2025-06-12,Withdrawn,23,18-40,Male,Black or African American,Not Hispanic or Latino,Overweight,Stage II,1,Placebo,Adverse Event
SUB-0107,S02,2026-08-30,2026-09-08,Randomized,81,65+,Female,Not Reported,Not Hispanic or Latino,Overweight,Stage II,0,Dose High,
SUB-0108,S02,2026-08-28,2026-09-16,On Treatment,71,65+,Male,Asian,Hispanic or Latino,Normal,Stage II,0,Dose High,
SUB-0109,S02,2025-08-23,,Screen Failure,21,18-40,Female,White,Not Reported,Normal,Stage III,0,,
SUB-0110,S02,2025-12-30,,Screen Failure,18,18-40,Male,White,Not Hispanic or Latino,Overweight,Stage II,2,,
SUB-0111,S03,2025-10-30,2025-11-13,Randomized,23,18-40,Female,Other,Not Hispanic or Latino,Overweight,Stage IV,1,Placebo,
SUB-0112,S03,2025-12-22,2026-01-08,Completed,81,65+,Female,Black or African American,Not Hispanic or Latino,Normal,Stage IV,0,Dose Low,
SUB-0113,S03,2026-02-01,,Screen Failure,25,18-40,Female,Not Reported,Not Hispanic or Latino,Normal,Stage III,0,,
SUB-0114,S03,2025-11-21,,Screen Failure,31,18-40,Male,Not Reported,Hispanic or Latino,Overweight,Stage III,2,,
SUB-0115,S03,2026-06-08,2026-06-21,On Treatment,47,41-55,Male,White,Not Hispanic or Latino,Obese,Stage IV,0,Placebo,
SUB-0116,S03,2026-06-11,2026-06-20,Completed,35,18-40,Male,White,Hispanic or Latino,Obese,Stage IV,1,Placebo,
SUB-0117,S03,2026-08-11,2026-08-27,On Treatment,39,18-40,Female,Not Reported,Hispanic or Latino,Obese,Stage II,0,Dose Low,
SUB-0118,S03,2025-12-06,2025-12-18,On Treatment,55,41-55,Female,White,Not Hispanic or Latino,Obese,Stage IV,3,Placebo,
SUB-0119,S03,2026-07-30,,Screen Failure,25,18-40,Female,White,Not Hispanic or Latino,Overweight,Stage III,0,,
SUB-0120,S03,2025-11-24,2025-12-11,On Treatment,31,18-40,Female,White,Not Hispanic or Latino,Normal,Stage II,0,Dose High,
SUB-0121,S03,2026-07-30,2026-08-15,On Treatment,78,65+,Female,Other,Not Hispanic or Latino,Normal,Stage IV,0,Dose High,
SUB-0122,S03,2026-09-07,2026-09-15,On Treatment,62,56-65,Male,White,Not Hispanic or Latino,Normal,Stage II,1,Placebo,
SUB-0123,S03,2026-08-28,2026-09-10,On Treatment,80,65+,Male,Asian,Hispanic or Latino,Obese,Stage II,0,Placebo,
SUB-0124,S03,2026-07-27,,Screen Failure,24,18-40,Male,White,Hispanic or Latino,Overweight,Stage II,1,,
SUB-0125,S03,2026-09-25,2026-09-27,Completed,46,41-55,Female,Black or African American,Not Hispanic or Latino,Normal,Stage III,0,Dose High,
SUB-0126,S03,2026-09-11,2026-09-14,On Treatment,45,41-55,Female,White,Not Hispanic or Latino,Obese,Stage II,0,Dose High,
SUB-0127,S03,2026-07-16,,Screen Failure,31,18-40,Male,Asian,Not Hispanic or Latino,Obese,Stage II,0,,
SUB-0128,S03,2026-09-21,2026-09-28,Withdrawn,54,41-55,Female,White,Hispanic or Latino,Normal,Stage II,3,Dose High,Lost to Follow-up
SUB-0129,S03,2025-09-27,2025-10-11,Completed,34,18-40,Female,White,Not Hispanic or Latino,Obese,Stage IV,2,Dose High,
SUB-0130,S03,2026-08-12,,Screen Failure,77,65+,Male,White,Not Hispanic or Latino,Underweight,Stage III,2,,
SUB-0131,S03,2026-05-11,2026-05-30,On Treatment,37,18-40,Male,White,Not Hispanic or Latino,Normal,Stage II,1,Dose High,
SUB-0132,S03,2025-12-29,2026-01-16,Completed,74,65+,Male,White,Not Hispanic or Latino,Obese,Stage IV,1,Placebo,
SUB-0133,S03,2026-03-08,2026-03-23,Randomized,61,56-65,Female,White,Not Hispanic or Latino,Obese,Stage II,1,Dose High,
SUB-0134,S03,2025-09-09,2025-09-20,On Treatment,77,65+,Female,White,Hispanic or Latino,Overweight,Stage II,1,Dose High,
SUB-0135,S03,2026-09-05,2026-09-17,Randomized,23,18-40,Female,White,Not Hispanic or Latino,Overweight,Stage II,2,Dose Low,
SUB-0136,S03,2025-11-29,2025-12-14,Withdrawn,79,65+,Male,White,Not Hispanic or Latino,Normal,Stage II,0,Dose High,Protocol Violation
SUB-0137,S03,2025-09-19,2025-10-08,Randomized,49,41-55,Male,White,Not Hispanic or Latino,Overweight,Stage IV,2,Placebo,
SUB-0138,S03,2026-09-14,2026-09-24,Withdrawn,81,65+,Female,White,Not Hispanic or Latino,Overweight,Stage IV,2,Dose High,Lost to Follow-up
SUB-0139,S03,2025-08-13,,Screen Failure,34,18-40,Female,Asian,Hispanic or Latino,Underweight,Stage II,1,,
SUB-0140,S03,2026-09-29,2026-09-20,On Treatment,81,65+,Female,White,Not Hispanic or Latino,Obese,Stage II,0,Dose Low,
SUB-0141,S03,2026-04-20,,Screened,77,65+,Male,White,Hispanic or Latino,Normal,Stage II,0,,
SUB-0142,S03,2026-02-19,,Screen Failure,78,65+,Male,White,Not Hispanic or Latino,Normal,Stage IV,0,,
SUB-0143,S03,2026-02-28,2026-03-12,Randomized,68,65+,Male,White,Not Hispanic or Latino,Normal,Stage IV,2,Placebo,
SUB-0144,S03,2025-08-27,2025-09-05,On Treatment,73,65+,Male,White,Not Reported,Normal,Stage II,1,Placebo,
SUB-0145,S03,2025-10-21,,Screened,42,41-55,Female,White,Not Hispanic or Latino,Obese,Stage III,0,,
SUB-0146,S03,2025-08-19,2025-08-26,Completed,65,56-65,Female,Black or African American,Not Hispanic or Latino,Normal,Stage III,0,Dose Low,
SUB-0147,S03,2026-06-15,2026-07-04,On Treatment,69,65+,Female,White,Not Hispanic or Latino,Obese,Stage II,1,Placebo,
SUB-0148,S03,2026-04-12,2026-04-17,On Treatment,54,41-55,Male,White,Hispanic or Latino,Overweight,Stage III,2,Placebo,
SUB-0149,S03,2026-09-11,2026-09-15,Randomized,59,56-65,Female,Other,Not Hispanic or Latino,Obese,Stage II,0,Placebo,
SUB-0150,S03,2026-03-22,,Screen Failure,65,56-65,Male,White,Not Hispanic or Latino,Underweight,Stage IV,2,,
SUB-0151,S03,2026-08-28,2026-09-02,Completed,71,65+,Female,Other,Not Hispanic or Latino,Normal,Stage IV,1,Dose Low,
SUB-0152,S03,2026-07-02,2026-07-14,On Treatment,26,18-40,Male,White,Not Hispanic or Latino,Overweight,Stage IV,1,Dose High,
SUB-0153,S03,2025-12-06,2025-12-10,On Treatment,22,18-40,Female,Not Reported,Hispanic or Latino,Overweight,Stage IV,1,Dose Low,
SUB-0154,S03,2025-09-20,2025-10-03,On Treatment,56,56-65,Female,White,Not Hispanic or Latino,Normal,Stage III,1,Placebo,
SUB-0155,S03,2026-08-24,2026-08-30,On Treatment,54,41-55,Female,White,Not Hispanic or Latino,Obese,Stage IV,0,Dose Low,
SUB-0156,S03,2026-04-21,2026-05-10,On Treatment,64,56-65,Male,Other,Not Hispanic or Latino,Obese,Stage III,0,Placebo,
SUB-0157,S03,2026-04-26,2026-05-12,On Treatment,71,65+,Female,White,Not Hispanic or Latino,Normal,Stage II,0,Placebo,
SUB-0158,S03,2026-07-27,,Screen Failure,54,41-55,Female,White,Not Hispanic or Latino,Overweight,Stage IV,0,,
SUB-0159,S03,2026-06-01,2026-06-11,Randomized,28,18-40,Male,White,Not Hispanic or Latino,Normal,Stage III,1,Placebo,
SUB-0160,S03,2026-02-06,2026-02-26,On Treatment,27,18-40,Female,White,Hispanic or Latino,Overweight,Stage II,1,Dose Low,
SUB-0161,S03,2025-09-29,2025-10-09,Randomized,23,18-40,Male,Black or African American,Not Hispanic or Latino,Obese,Stage II,3,Dose Low,
SUB-0162,S03,2026-01-30,2026-02-13,Completed,32,18-40,Female,Black or African American,Hispanic or Latino,Normal,Stage III,1,Dose High,
SUB-0163,S03,2026-09-20,2026-09-23,On Treatment,36,18-40,Female,White,Hispanic or Latino,Overweight,Stage II,1,Dose Low,
SUB-0164,S03,2026-06-27,2026-06-30,Randomized,77,65+,Male,White,Hispanic or Latino,Normal,Stage IV,1,Dose High,
SUB-0165,S03,2026-04-07,2026-04-28,Completed,33,18-40,Male,Black or African American,Not Hispanic or Latino,Obese,Stage III,0,Dose High,
SUB-0166,S03,2026-07-04,2026-07-07,On Treatment,55,41-55,Female,Other,Not Hispanic or Latino,Overweight,Stage IV,2,Dose High,
SUB-0167,S03,2026-09-15,2026-09-21,On Treatment,42,41-55,Female,White,Not Hispanic or Latino,Obese,Stage IV,1,Dose High,
SUB-0168,S03,2026-09-01,2026-09-10,On Treatment,43,41-55,Female,White,Not Hispanic or Latino,Overweight,Stage II,1,Dose Low,
SUB-0169,S03,2026-02-16,2026-03-05,On Treatment,23,18-40,Male,Asian,Not Hispanic or Latino,Obese,Stage III,1,Dose Low,
SUB-0170,S03,2026-07-18,2026-07-23,Withdrawn,67,65+,Female,Other,Not Hispanic or Latino,Overweight,Stage IV,0,Placebo,Lost to Follow-up
SUB-0171,S03,2025-10-21,2025-11-01,On Treatment,53,41-55,Female,White,Not Hispanic or Latino,Normal,Stage II,1,Placebo,
SUB-0172,S03,2026-09-01,,Screen Failure,69,65+,Male,Asian,Hispanic or Latino,Obese,Stage III,0,,
SUB-0173,S03,2026-09-17,,Screen Failure,29,18-40,Female,Not Reported,Not Hispanic or Latino,Normal,Stage IV,2,,
SUB-0174,S03,2026-08-30,,Screen Failure,40,18-40,Male,White,Hispanic or Latino,Obese,Stage III,0,,
SUB-0175,S03,2025-08-31,2025-09-16,On Treatment,57,56-65,Female,Asian,Not Reported,Obese,Stage II,0,Placebo,
SUB-0176,S03,2025-10-25,2025-11-13,On Treatment,30,18-40,Male,Black or African American,Not Reported,Obese,Stage III,2,Dose High,
SUB-0177,S03,2026-05-17,,Screen Failure,59,56-65,Male,White,Hispanic or Latino,Overweight,Stage II,0,,
SUB-0178,S04,2025-02-24,2025-03-08,On Treatment,26,18-40,Female,Asian,Not Hispanic or Latino,Obese,Stage III,0,Dose Low,
SUB-0179,S04,2026-01-13,2026-01-27,Completed,25,18-40,Female,White,Not Hispanic or Latino,Obese,Stage III,0,Dose High,
SUB-0180,S04,2026-03-14,2026-04-04,On Treatment,62,56-65,Female,Not Reported,Not Hispanic or Latino,Normal,Stage II,3,Placebo,
SUB-0181,S04,2025-03-09,2025-03-21,On Treatment,64,56-65,Male,White,Not Hispanic or Latino,Normal,Stage III,1,Dose High,
SUB-0182,S04,2026-07-20,2026-07-24,On Treatment,69,65+,Male,White,Hispanic or Latino,Overweight,Stage IV,0,Dose High,
SUB-0183,S04,2025-09-29,2025-10-10,Completed,61,56-65,Female,Black or African American,Not Hispanic or Latino,Overweight,Stage II,2,Placebo,
SUB-0184,S04,2026-02-13,2026-02-26,Completed,51,41-55,Male,White,Not Hispanic or Latino,Normal,Stage IV,3,Placebo,
SUB-0185,S04,2025-12-24,2026-01-07,On Treatment,39,18-40,Female,White,Not Hispanic or Latino,Normal,Stage III,0,Dose Low,
SUB-0186,S04,2025-08-14,2025-08-31,Randomized,75,65+,Male,White,Hispanic or Latino,Overweight,Stage III,1,Placebo,
SUB-0187,S04,2026-03-23,,Screen Failure,32,18-40,Female,Asian,Hispanic or Latino,Overweight,Stage II,0,,
SUB-0188,S04,2025-10-02,2025-10-22,Completed,61,56-65,Male,White,Not Hispanic or Latino,Normal,Stage IV,1,Dose High,
SUB-0189,S04,2025-02-27,2025-03-20,On Treatment,38,18-40,Male,White,Not Hispanic or Latino,Normal,Stage III,0,Placebo,
SUB-0190,S04,2026-06-20,2026-06-30,Randomized,19,18-40,Male,White,Not Hispanic or Latino,Overweight,Stage II,1,Dose Low,
SUB-0191,S04,2026-03-22,,Screen Failure,35,18-40,Female,White,Not Reported,Obese,Stage II,2,,
SUB-0192,S04,2026-03-12,2026-03-25,On Treatment,63,56-65,Female,Not Reported,Not Hispanic or Latino,Overweight,Stage IV,0,Dose Low,
SUB-0193,S04,2026-07-05,2026-07-25,Completed,46,41-55,Female,Black or African American,Not Hispanic or Latino,Obese,Stage III,1,Dose High,
SUB-0194,S04,2025-05-08,,Screened,29,18-40,Male,White,Not Hispanic or Latino,Obese,Stage III,0,,
SUB-0195,S04,2026-03-11,2026-03-29,On Treatment,52,41-55,Male,Black or African American,Hispanic or Latino,Normal,Stage III,1,Dose High,
SUB-0196,S04,2025-06-01,2025-06-18,Completed,42,41-55,Male,Other,Not Hispanic or Latino,Normal,Stage IV,1,Dose High,
SUB-0197,S04,2026-02-22,,Screen Failure,73,65+,Female,Other,Not Hispanic or Latino,Obese,Stage III,0,,
SUB-0198,S04,2025-11-15,2025-11-24,On Treatment,54,41-55,Female,White,Not Hispanic or Latino,Overweight,Stage II,0,Placebo,
SUB-0199,S04,2025-12-09,2025-12-15,On Treatment,82,65+,Female,White,Not Hispanic or Latino,Normal,Stage II,0,Dose Low,
SUB-0200,S04,2025-02-07,2025-02-19,On Treatment,41,41-55,Female,White,Not Hispanic or Latino,Underweight,Stage IV,1,Dose Low,
SUB-0201,S04,2025-11-21,2025-11-30,Randomized,28,18-40,Male,White,Not Hispanic or Latino,Normal,Stage II,2,Dose High,
SUB-0202,S04,2026-06-23,2026-07-07,On Treatment,72,65+,Male,White,Not Hispanic or Latino,Overweight,Stage IV,0,Dose Low,
SUB-0203,S04,2025-03-13,,Screen Failure,28,18-40,Female,White,Hispanic or Latino,Normal,Stage II,1,,
SUB-0204,S04,2026-05-19,,Screened,75,65+,Male,White,Not Hispanic or Latino,Overweight,Stage III,1,,
SUB-0205,S04,2026-06-10,2026-06-15,On Treatment,30,18-40,Male,Not Reported,Not Hispanic or Latino,Obese,Stage II,2,Dose Low,
SUB-0206,S04,2026-05-28,2026-06-14,On Treatment,38,18-40,Female,White,Not Hispanic or Latino,Overweight,Stage II,0,Placebo,
SUB-0207,S04,2025-05-27,2025-06-16,Completed,21,18-40,Male,Asian,Not Hispanic or Latino,Obese,Stage IV,0,Placebo,
SUB-0208,S04,2026-02-02,2026-02-14,Completed,81,65+,Male,White,Not Reported,Normal,Stage II,1,Placebo,
SUB-0209,S04,2025-03-19,2025-03-29,On Treatment,45,41-55,Male,White,Not Hispanic or Latino,Normal,Stage III,0,Dose Low,
SUB-0210,S04,2026-05-06,2026-05-11,On Treatment,23,18-40,Male,Not Reported,Not Hispanic or Latino,Overweight,Stage IV,2,Dose High,
SUB-0211,S04,2025-05-19,2025-05-26,Completed,54,41-55,Female,White,Not Hispanic or Latino,Overweight,Stage III,1,Dose High,
SUB-0212,S04,2026-07-02,2026-07-14,On Treatment,34,18-40,Male,Black or African American,Not Hispanic or Latino,Normal,Stage IV,0,Placebo,
SUB-0213,S04,2025-02-25,2025-03-07,On Treatment,74,65+,Male,Asian,Not Hispanic or Latino,Normal,Stage IV,0,Dose High,
SUB-0214,S04,2026-04-29,,Screen Failure,28,18-40,Male,Other,Not Hispanic or Latino,Overweight,Stage III,0,,
SUB-0215,S04,2025-05-13,2025-05-29,On Treatment,20,18-40,Male,White,Not Hispanic or Latino,Obese,Stage II,0,Dose High,
SUB-0216,S04,2026-07-10,2026-07-19,On Treatment,41,41-55,Male,Asian,Not Reported,Overweight,Stage III,1,Placebo,
SUB-0217,S04,2026-07-03,2026-07-23,Completed,19,18-40,Female,White,Not Reported,Normal,Stage IV,3,Placebo,
SUB-0218,S04,2025-08-29,,Screen Failure,65,56-65,Male,Not Reported,Not Hispanic or Latino,Obese,Stage II,0,,
SUB-0219,S04,2025-09-29,2025-10-15,Completed,80,65+,Female,White,Not Hispanic or Latino,Obese,Stage II,0,Placebo,
SUB-0220,S04,2025-04-10,2025-04-29,On Treatment,57,56-65,Female,White,Not Hispanic or Latino,Obese,Stage II,3,Dose Low,
SUB-0221,S04,2025-07-15,,Screen Failure,24,18-40,Male,White,Not Hispanic or Latino,Normal,Stage II,1,,
SUB-0222,S04,2026-01-09,2026-01-19,On Treatment,60,56-65,Female,White,Not Hispanic or Latino,Normal,Stage III,0,Dose High,
SUB-0223,S04,2026-05-02,2026-05-09,On Treatment,35,18-40,Male,White,Not Hispanic or Latino,Overweight,Stage II,0,Dose High,
SUB-0224,S04,2026-02-27,2026-03-07,On Treatment,61,56-65,Female,Black or African American,Not Hispanic or Latino,Normal,Stage IV,2,Placebo,
SUB-0225,S04,2025-08-27,2025-09-03,On Treatment,24,18-40,Female,White,Not Hispanic or Latino,Normal,Stage III,0,Dose Low,
SUB-0226,S04,2025-06-05,2025-06-15,On Treatment,78,65+,Male,White,Not Hispanic or Latino,Obese,Stage II,2,Placebo,
SUB-0227,S04,2026-01-06,2026-01-27,Randomized,68,65+,Female,Not Reported,Hispanic or Latino,Normal,Stage II,1,Dose High,
SUB-0228,S04,2026-01-13,2026-01-19,On Treatment,28,18-40,Female,White,Not Hispanic or Latino,Normal,Stage IV,0,Dose High,
SUB-0229,S04,2025-03-07,,Screen Failure,59,56-65,Male,White,Not Hispanic or Latino,Overweight,Stage II,0,,
SUB-0230,S04,2025-08-08,2025-08-14,Completed,51,41-55,Male,White,Not Hispanic or Latino,Obese,Stage III,1,Dose High,
SUB-0231,S04,2026-01-04,2026-01-23,On Treatment,21,18-40,Female,Asian,Not Hispanic or Latino,Obese,Stage III,0,Dose High,
SUB-0232,S04,2025-12-12,2025-12-17,Withdrawn,18,18-40,Male,White,Hispanic or Latino,Overweight,Stage III,1,Dose High,Physician Decision
SUB-0233,S04,2025-06-10,,Screen Failure,55,41-55,Female,Asian,Not Hispanic or Latino,Overweight,Stage II,3,,
SUB-0234,S05,2025-12-31,2026-01-10,Completed,26,18-40,Female,Asian,Hispanic or Latino,Normal,Stage II,0,Placebo,
SUB-0235,S05,2025-11-10,2025-11-21,Withdrawn,57,56-65,Female,Asian,Not Hispanic or Latino,Normal,Stage II,0,Placebo,Lost to Follow-up
SUB-0236,S05,2026-04-22,,Screen Failure,47,41-55,Female,White,Not Hispanic or Latino,Obese,Stage IV,0,,
SUB-0237,S05,2025-05-07,2025-05-10,On Treatment,46,41-55,Female,White,Not Hispanic or Latino,Overweight,Stage II,1,Dose Low,
SUB-0238,S05,2025-05-09,2025-05-18,Completed,30,18-40,Female,White,Not Hispanic or Latino,Overweight,Stage III,0,Dose Low,
SUB-0239,S05,2025-11-18,2025-12-09,On Treatment,25,18-40,Male,White,Not Hispanic or Latino,Normal,Stage II,2,Dose High,
SUB-0240,S05,2025-04-16,,Screen Failure,21,18-40,Female,Black or African American,Not Hispanic or Latino,Overweight,Stage IV,0,,
SUB-0241,S05,2025-05-11,2025-05-24,On Treatment,66,65+,Male,Asian,Not Hispanic or Latino,Normal,Stage III,1,Dose Low,
SUB-0242,S05,2026-02-05,2026-02-21,Completed,64,56-65,Female,White,Not Hispanic or Latino,Normal,Stage II,0,Dose Low,
SUB-0243,S05,2025-02-23,2025-03-12,On Treatment,58,56-65,Male,White,Not Hispanic or Latino,Overweight,Stage IV,0,Dose High,
SUB-0244,S05,2025-09-23,,Screen Failure,45,41-55,Male,White,Not Hispanic or Latino,Normal,Stage IV,2,,
SUB-0245,S05,2026-04-15,2026-04-19,On Treatment,52,41-55,Male,Asian,Not Hispanic or Latino,Normal,Stage II,1,Dose Low,
SUB-0246,S05,2025-12-27,2026-01-07,Completed,22,18-40,Female,Black or African American,Not Reported,Normal,Stage III,0,Dose High,
SUB-0247,S05,2025-06-18,2025-07-08,On Treatment,61,56-65,Male,Black or African American,Not Hispanic or Latino,Normal,Stage III,2,Dose Low,
SUB-0248,S05,2025-11-03,2025-11-15,On Treatment,70,65+,Male,Black or African American,Not Hispanic or Latino,Overweight,Stage II,0,Dose Low,
SUB-0249,S05,2026-01-30,,Screen Failure,32,18-40,Male,White,Hispanic or Latino,Underweight,Stage IV,0,,
SUB-0250,S05,2025-12-16,2026-01-02,On Treatment,72,65+,Male,White,Not Hispanic or Latino,Normal,Stage II,0,Placebo,
SUB-0251,S05,2026-03-23,2026-04-12,On Treatment,35,18-40,Male,White,Hispanic or Latino,Normal,Stage IV,0,Dose High,
SUB-0252,S05,2025-09-29,2025-10-03,On Treatment,80,65+,Female,Black or African American,Not Hispanic or Latino,Normal,Stage IV,0,Dose High,
SUB-0253,S05,2025-04-28,2025-05-11,On Treatment,23,18-40,Male,White,Not Hispanic or Latino,Overweight,Stage III,1,Dose Low,
SUB-0254,S05,2026-01-28,2026-02-05,Withdrawn,35,18-40,Male,Other,Not Hispanic or Latino,Overweight,Stage IV,3,Dose High,Consent Withdrawn
SUB-0255,S05,2025-07-16,,Screen Failure,66,65+,Female,White,Not Hispanic or Latino,Normal,Stage II,1,,
SUB-0256,S05,2025-01-24,2025-02-10,On Treatment,36,18-40,Female,Other,Not Reported,Normal,Stage III,1,Dose Low,
SUB-0257,S05,2025-04-23,,Screened,45,41-55,Male,Black or African American,Not Hispanic or Latino,Obese,Stage IV,0,,
SUB-0258,S05,2025-02-14,2025-02-25,On Treatment,82,65+,Male,White,Not Hispanic or Latino,Normal,Stage IV,1,Dose Low,
SUB-0259,S05,2025-04-25,2025-05-03,Randomized,66,65+,Male,Black or African American,Not Hispanic or Latino,Obese,Stage III,2,Placebo,
SUB-0260,S05,2025-04-01,,Screen Failure,48,41-55,Male,White,Not Hispanic or Latino,Obese,Stage III,0,,
SUB-0261,S05,2026-04-24,2026-05-14,On Treatment,57,56-65,Female,White,Not Hispanic or Latino,Normal,Stage III,0,Dose High,
SUB-0262,S05,2026-01-15,,Screen Failure,33,18-40,Female,White,Hispanic or Latino,Overweight,Stage II,1,,
SUB-0263,S05,2025-04-12,2025-04-18,On Treatment,36,18-40,Male,White,Not Hispanic or Latino,Normal,Stage II,0,Placebo,
SUB-0264,S05,2025-06-21,2025-06-24,On Treatment,54,41-55,Female,White,Not Hispanic or Latino,Normal,Stage III,2,Dose Low,
SUB-0265,S05,2025-11-11,2025-11-30,On Treatment,28,18-40,Male,White,Not Hispanic or Latino,Obese,Stage II,0,Dose Low,
SUB-0266,S05,2025-10-23,2025-10-29,On Treatment,18,18-40,Female,White,Not Hispanic or Latino,Overweight,Stage II,2,Placebo,
SUB-0267,S05,2026-05-08,2026-05-20,On Treatment,60,56-65,Female,Asian,Not Hispanic or Latino,Overweight,Stage III,1,Placebo,
SUB-0268,S05,2026-05-27,2026-05-30,On Treatment,58,56-65,Female,Black or African American,Not Hispanic or Latino,Obese,Stage IV,1,Placebo,
SUB-0269,S05,2025-10-04,2025-10-15,Completed,78,65+,Female,White,Not Hispanic or Latino,Overweight,Stage IV,0,Placebo,
SUB-0270,S05,2025-04-13,2025-05-02,On Treatment,72,65+,Female,White,Not Reported,Normal,Stage IV,1,Dose High,
SUB-0271,S05,2026-05-28,2026-06-02,Completed,53,41-55,Male,White,Hispanic or Latino,Obese,Stage III,3,Placebo,
SUB-0272,S05,2025-11-22,2025-12-07,On Treatment,43,41-55,Male,White,Not Hispanic or Latino,Overweight,Stage III,0,Placebo,
SUB-0273,S05,2025-05-10,2025-05-25,On Treatment,69,65+,Male,White,Not Hispanic or Latino,Overweight,Stage II,2,Dose High,
SUB-0274,S05,2025-10-04,2025-10-23,On Treatment,41,41-55,Male,Asian,Not Hispanic or Latino,Normal,Stage III,0,Dose Low,
SUB-0275,S05,2026-07-01,2026-07-22,On Treatment,81,65+,Female,White,Not Hispanic or Latino,Normal,Stage II,1,Placebo,
SUB-0276,S05,2025-09-11,2025-09-19,On Treatment,36,18-40,Male,White,Hispanic or Latino,Obese,Stage IV,0,Dose Low,
SUB-0277,S05,2026-06-28,2026-07-13,Randomized,71,65+,Male,White,Not Hispanic or Latino,Normal,Stage II,1,Dose High,
SUB-0278,S05,2025-02-19,2025-03-04,On Treatment,29,18-40,Male,Other,Not Hispanic or Latino,Overweight,Stage II,1,Placebo,
SUB-0279,S05,2025-06-09,,Screened,33,18-40,Female,White,Not Hispanic or Latino,Obese,Stage IV,0,,
SUB-0280,S05,2026-01-12,2026-01-23,On Treatment,31,18-40,Male,Black or African American,Not Hispanic or Latino,Normal,Stage IV,1,Dose High,
SUB-0281,S05,2026-01-01,,Screen Failure,44,41-55,Male,Black or African American,Hispanic or Latino,Underweight,Stage II,2,,
SUB-0282,S05,2025-11-18,,Screen Failure,75,65+,Female,White,Not Hispanic or Latino,Obese,Stage III,1,,
SUB-0283,S05,2025-04-05,,Screen Failure,36,18-40,Male,Black or African American,Not Hispanic or Latino,Normal,Stage II,1,,
SUB-0284,S05,2025-04-17,,Screen Failure,78,65+,Male,White,Not Hispanic or Latino,Normal,Stage IV,0,,
SUB-0285,S05,2025-06-23,2025-07-11,On Treatment,77,65+,Female,Asian,Not Hispanic or Latino,Overweight,Stage II,2,Dose Low,
SUB-0286,S06,2026-03-18,2026-04-03,On Treatment,37,18-40,Female,Asian,Not Hispanic or Latino,Overweight,Stage II,0,Placebo,
SUB-0287,S06,2026-01-23,2026-02-08,On Treatment,51,41-55,Female,Black or African American,Not Hispanic or Latino,Normal,Stage II,2,Placebo,
SUB-0288,S06,2025-10-15,,Screen Failure,56,56-65,Female,White,Not Hispanic or Latino,Normal,Stage II,2,,
SUB-0289,S06,2026-02-01,2026-02-16,Completed,42,41-55,Female,White,Not Hispanic or Latino,Normal,Stage II,1,Dose Low,
SUB-0290,S06,2026-02-23,2026-03-14,Completed,40,18-40,Female,White,Not Hispanic or Latino,Obese,Stage III,1,Dose Low,
SUB-0291,S06,2025-06-15,2025-06-24,Completed,59,56-65,Female,White,Not Hispanic or Latino,Normal,Stage IV,0,Placebo,
SUB-0292,S06,2026-04-06,2026-04-17,On Treatment,57,56-65,Male,White,Not Hispanic or Latino,Overweight,Stage IV,1,Dose Low,
SUB-0293,S06,2025-05-20,2025-06-01,On Treatment,57,56-65,Female,Black or African American,Hispanic or Latino,Underweight,Stage III,0,Placebo,
SUB-0294,S06,2025-12-31,2026-01-15,On Treatment,70,65+,Female,White,Not Hispanic or Latino,Normal,Stage III,2,Placebo,
SUB-0295,S06,2026-02-06,2026-02-22,On Treatment,82,65+,Female,Black or African American,Not Hispanic or Latino,Normal,Stage III,2,Dose Low,
SUB-0296,S06,2026-07-17,2026-08-07,Withdrawn,61,56-65,Female,Black or African American,Not Hispanic or Latino,Normal,Stage II,0,Placebo,Adverse Event
SUB-0297,S06,2025-08-10,2025-08-24,Completed,59,56-65,Male,White,Not Hispanic or Latino,Normal,Stage II,0,Placebo,
SUB-0298,S06,2026-06-02,2026-06-13,Randomized,55,41-55,Male,White,Not Hispanic or Latino,Obese,Stage III,0,Placebo,
SUB-0299,S06,2025-05-03,,Screen Failure,66,65+,Female,Asian,Not Hispanic or Latino,Normal,Stage IV,1,,
SUB-0300,S06,2025-08-10,2025-08-17,On Treatment,62,56-65,Female,White,Hispanic or Latino,Obese,Stage IV,0,Dose High,
SUB-0301,S06,2025-09-25,2025-10-10,On Treatment,42,41-55,Male,White,Not Hispanic or Latino,Overweight,Stage IV,0,Dose Low,
SUB-0302,S06,2026-09-26,2026-09-28,On Treatment,20,18-40,Male,Asian,Hispanic or Latino,Obese,Stage IV,0,Placebo,
SUB-0303,S06,2026-05-12,2026-05-30,On Treatment,53,41-55,Male,White,Not Hispanic or Latino,Overweight,Stage III,0,Placebo,
SUB-0304,S06,2025-12-16,2025-12-27,On Treatment,39,18-40,Female,White,Not Hispanic or Latino,Obese,Stage IV,0,Dose Low,
SUB-0305,S06,2026-08-19,2026-08-29,Withdrawn,54,41-55,Male,White,Hispanic or Latino,Normal,Stage II,1,Dose High,Consent Withdrawn
SUB-0306,S06,2025-05-20,2025-05-31,Withdrawn,33,18-40,Male,White,Hispanic or Latino,Obese,Stage IV,1,Dose Low,Adverse Event
SUB-0307,S06,2026-08-18,,Screen Failure,26,18-40,Female,White,Hispanic or Latino,Overweight,Stage II,2,,
SUB-0308,S06,2026-03-04,2026-03-09,Completed,72,65+,Male,Black or African American,Not Hispanic or Latino,Normal,Stage II,1,Dose High,
SUB-0309,S06,2026-06-19,2026-06-28,Randomized,73,65+,Male,White,Not Hispanic or Latino,Normal,Stage II,1,Placebo,
SUB-0310,S06,2026-03-09,2026-03-27,Completed,35,18-40,Male,Black or African American,Not Hispanic or Latino,Obese,Stage II,0,Dose High,
SUB-0311,S06,2025-08-17,,Screen Failure,34,18-40,Male,Not Reported,Hispanic or Latino,Obese,Stage IV,1,,
SUB-0312,S06,2026-04-16,,Screen Failure,35,18-40,Female,White,Not Hispanic or Latino,Overweight,Stage III,2,,
SUB-0313,S06,2025-12-23,2026-01-05,On Treatment,70,65+,Male,White,Not Reported,Normal,Stage III,2,Placebo,
SUB-0314,S06,2026-07-10,,Screened,57,56-65,Male,Asian,Not Hispanic or Latino,Overweight,Stage III,0,,
SUB-0315,S06,2025-06-28,2025-07-17,On Treatment,28,18-40,Female,Not Reported,Not Reported,Obese,Stage III,0,Dose High,
SUB-0316,S06,2026-09-06,2026-09-24,On Treatment,56,56-65,Female,White,Hispanic or Latino,Obese,Stage II,0,Placebo,
SUB-0317,S06,2026-01-11,2026-01-27,Completed,77,65+,Female,Asian,Not Reported,Overweight,Stage III,2,Placebo,
SUB-0318,S06,2025-09-08,2025-09-12,Completed,38,18-40,Male,White,Not Hispanic or Latino,Normal,Stage III,0,Placebo,
SUB-0319,S06,2026-08-19,,Screen Failure,72,65+,Male,Black or African American,Not Hispanic or Latino,Obese,Stage IV,1,,
SUB-0320,S06,2026-03-05,,Screen Failure,79,65+,Female,Asian,Not Hispanic or Latino,Overweight,Stage II,2,,
SUB-0321,S06,2025-05-04,2025-05-11,Withdrawn,22,18-40,Female,Black or African American,Not Hispanic or Latino,Overweight,Stage II,0,Dose Low,Lost to Follow-up
SUB-0322,S06,2026-09-06,,Screen Failure,55,41-55,Female,White,Not Hispanic or Latino,Obese,Stage III,1,,
SUB-0323,S06,2026-04-29,2026-05-17,Completed,77,65+,Female,Not Reported,Hispanic or Latino,Obese,Stage II,1,Placebo,
SUB-0324,S06,2026-07-27,,Screen Failure,60,56-65,Male,Black or African American,Hispanic or Latino,Normal,Stage IV,0,,
SUB-0325,S06,2026-04-21,2026-04-25,Randomized,26,18-40,Male,White,Not Hispanic or Latino,Normal,Stage IV,1,Placebo,
SUB-0326,S06,2025-12-20,2025-12-30,Completed,51,41-55,Male,White,Not Hispanic or Latino,Normal,Stage IV,2,Dose Low,
SUB-0327,S06,2025-11-06,2025-11-24,Completed,45,41-55,Male,Asian,Not Hispanic or Latino,Overweight,Stage II,0,Placebo,
SUB-0328,S06,2026-05-24,2026-06-02,Completed,63,56-65,Male,White,Hispanic or Latino,Obese,Stage II,2,Placebo,
SUB-0329,S06,2026-05-03,2026-05-21,Randomized,18,18-40,Female,White,Not Hispanic or Latino,Normal,Stage IV,0,Dose Low,
SUB-0330,S06,2025-09-22,2025-10-03,Completed,56,56-65,Female,Black or African American,Not Hispanic or Latino,Normal,Stage II,0,Dose Low,
SUB-0331,S06,2026-04-09,2026-04-25,On Treatment,82,65+,Female,White,Not Hispanic or Latino,Normal,Stage III,0,Dose Low,
SUB-0332,S06,2026-01-15,,Screen Failure,18,18-40,Female,White,Hispanic or Latino,Obese,Stage III,1,,
SUB-0333,S06,2025-06-18,2025-07-06,On Treatment,80,65+,Male,White,Hispanic or Latino,Obese,Stage III,2,Placebo,
SUB-0334,S06,2025-08-24,2025-08-29,Completed,70,65+,Male,Not Reported,Not Hispanic or Latino,Obese,Stage II,2,Placebo,
SUB-0335,S06,2026-01-14,2026-01-26,On Treatment,70,65+,Male,White,Not Hispanic or Latino,Normal,Stage III,0,Placebo,
SUB-0336,S06,2026-09-14,2026-09-30,Randomized,36,18-40,Male,Other,Hispanic or Latino,Obese,Stage II,1,Placebo,
SUB-0337,S06,2026-04-12,2026-04-24,Completed,25,18-40,Female,Not Reported,Not Hispanic or Latino,Normal,Stage IV,0,Dose High,
SUB-0338,S06,2026-03-28,2026-04-11,Withdrawn,25,18-40,Male,Other,Not Hispanic or Latino,Normal,Stage II,2,Dose Low,Lost to Follow-up
SUB-0339,S06,2026-07-29,2026-08-12,On Treatment,78,65+,Male,White,Not Hispanic or Latino,Overweight,Stage III,1,Placebo,
SUB-0340,S06,2025-12-07,,Screen Failure,71,65+,Male,White,Not Hispanic or Latino,Obese,Stage III,0,,
SUB-0341,S06,2026-02-28,2026-03-08,On Treatment,48,41-55,Female,Asian,Hispanic or Latino,Normal,Stage II,0,Dose High,
SUB-0342,S06,2025-08-26,,Screen Failure,63,56-65,Male,Black or African American,Not Hispanic or Latino,Normal,Stage II,0,,
SUB-0343,S06,2026-09-12,2026-09-29,On Treatment,69,65+,Male,Black or African American,Not Hispanic or Latino,Overweight,Stage II,1,Dose Low,
SUB-0344,S06,2026-04-19,2026-05-06,On Treatment,81,65+,Female,White,Not Hispanic or Latino,Normal,Stage II,3,Placebo,
SUB-0345,S06,2025-11-04,2025-11-13,On Treatment,74,65+,Male,White,Not Hispanic or Latino,Normal,Stage III,0,Dose High,
SUB-0346,S06,2025-05-18,,Screen Failure,62,56-65,Female,Black or African American,Not Hispanic or Latino,Overweight,Stage IV,0,,
SUB-0347,S06,2025-08-15,2025-08-20,On Treatment,44,41-55,Female,Black or African American,Not Hispanic or Latino,Obese,Stage II,0,Dose High,
SUB-0348,S07,2025-11-08,2025-11-24,Completed,68,65+,Female,White,Not Reported,Overweight,Stage IV,0,Dose Low,
SUB-0349,S07,2026-05-05,2026-05-10,Completed,38,18-40,Female,White,Hispanic or Latino,Normal,Stage III,2,Dose High,
SUB-0350,S07,2025-09-06,2025-09-23,On Treatment,50,41-55,Female,White,Not Hispanic or Latino,Overweight,Stage IV,0,Dose High,
SUB-0351,S07,2026-06-11,2026-06-18,On Treatment,48,41-55,Female,White,Not Hispanic or Latino,Obese,Stage II,0,Placebo,
SUB-0352,S07,2025-08-01,2025-08-15,On Treatment,64,56-65,Male,Black or African American,Not Hispanic or Latino,Normal,Stage III,1,Dose Low,
SUB-0353,S07,2026-07-13,2026-07-24,On Treatment,24,18-40,Female,White,Hispanic or Latino,Overweight,Stage III,2,Placebo,
SUB-0354,S07,2025-11-30,2025-12-16,Withdrawn,62,56-65,Female,White,Not Hispanic or Latino,Overweight,Stage III,1,Dose Low,Adverse Event
SUB-0355,S07,2026-08-22,2026-09-03,On Treatment,69,65+,Male,White,Not Hispanic or Latino,Normal,Stage IV,1,Placebo,
SUB-0356,S07,2026-01-13,2026-01-17,On Treatment,26,18-40,Male,White,Not Hispanic or Latino,Normal,Stage IV,1,Placebo,
SUB-0357,S07,2026-09-20,2026-09-26,On Treatment,78,65+,Female,White,Not Reported,Overweight,Stage III,0,Dose Low,
SUB-0358,S07,2026-04-11,2026-04-29,On Treatment,41,41-55,Female,Asian,Not Hispanic or Latino,Normal,Stage II,0,Dose Low,
SUB-0359,S07,2026-06-22,,Screen Failure,24,18-40,Male,White,Not Hispanic or Latino,Overweight,Stage IV,2,,
SUB-0360,S07,2025-12-02,,Screen Failure,19,18-40,Female,Black or African American,Not Hispanic or Latino,Obese,Stage II,0,,
SUB-0361,S07,2025-08-31,2025-09-16,On Treatment,21,18-40,Female,White,Not Hispanic or Latino,Normal,Stage II,0,Dose High,
SUB-0362,S07,2026-07-29,,Screen Failure,69,65+,Female,Asian,Not Hispanic or Latino,Normal,Stage II,1,,
SUB-0363,S07,2026-03-23,,Screen Failure,25,18-40,Male,Black or African American,Not Hispanic or Latino,Obese,Stage III,0,,
SUB-0364,S07,2026-04-26,,Screen Failure,68,65+,Female,White,Not Hispanic or Latino,Overweight,Stage II,2,,
SUB-0365,S07,2026-08-01,2026-08-17,Randomized,52,41-55,Female,White,Not Hispanic or Latino,Overweight,Stage III,2,Placebo,
SUB-0366,S07,2025-10-27,2025-11-10,On Treatment,66,65+,Female,Other,Not Hispanic or Latino,Normal,Stage II,0,Dose Low,
SUB-0367,S07,2026-08-22,2026-08-29,Completed,78,65+,Male,White,Not Hispanic or Latino,Normal,Stage IV,0,Placebo,
SUB-0368,S07,2025-09-16,2025-09-20,On Treatment,52,41-55,Male,White,Not Hispanic or Latino,Overweight,Stage II,0,Placebo,
SUB-0369,S07,2026-09-14,2026-09-17,On Treatment,62,56-65,Male,Asian,Not Hispanic or Latino,Underweight,Stage II,1,Dose Low,
SUB-0370,S07,2026-02-13,,Screened,48,41-55,Female,White,Not Hispanic or Latino,Normal,Stage III,0,,
SUB-0371,S07,2026-04-30,2026-05-11,Withdrawn,79,65+,Male,Black or African American,Not Hispanic or Latino,Normal,Stage IV,1,Dose High,Protocol Violation
SUB-0372,S07,2025-09-08,,Screen Failure,54,41-55,Female,Black or African American,Not Hispanic or Latino,Overweight,Stage IV,1,,
SUB-0373,S07,2026-09-02,2026-09-12,On Treatment,26,18-40,Male,White,Hispanic or Latino,Overweight,Stage IV,0,Placebo,
SUB-0374,S07,2026-08-21,,Screen Failure,63,56-65,Female,Not Reported,Not Hispanic or Latino,Overweight,Stage IV,0,,
SUB-0375,S07,2026-06-22,2026-07-04,On Treatment,60,56-65,Female,Other,Not Hispanic or Latino,Normal,Stage IV,3,Dose High,
SUB-0376,S07,2026-03-26,2026-03-30,Completed,48,41-55,Female,White,Not Hispanic or Latino,Obese,Stage III,0,Placebo,
SUB-0377,S07,2026-04-12,2026-04-28,Withdrawn,54,41-55,Female,White,Not Hispanic or Latino,Underweight,Stage IV,1,Dose Low,Physician Decision
SUB-0378,S07,2026-03-10,,Screen Failure,35,18-40,Male,Other,Not Hispanic or Latino,Normal,Stage III,1,,
SUB-0379,S07,2026-09-15,2026-09-27,On Treatment,66,65+,Male,Asian,Not Hispanic or Latino,Normal,Stage II,2,Placebo,
SUB-0380,S07,2026-07-05,,Screen Failure,44,41-55,Male,Black or African American,Hispanic or Latino,Overweight,Stage IV,3,,
SUB-0381,S07,2025-11-04,2025-11-23,Randomized,82,65+,Male,White,Not Hispanic or Latino,Normal,Stage III,1,Dose High,
SUB-0382,S07,2025-09-01,2025-09-08,On Treatment,23,18-40,Male,Asian,Not Reported,Normal,Stage IV,1,Dose Low,
SUB-0383,S07,2026-04-12,2026-04-25,Completed,56,56-65,Male,White,Not Hispanic or Latino,Obese,Stage II,0,Placebo,
SUB-0384,S07,2026-02-01,,Screen Failure,42,41-55,Female,Other,Not Reported,Normal,Stage IV,1,,
SUB-0385,S07,2026-09-06,2026-09-24,On Treatment,32,18-40,Female,White,Not Hispanic or Latino,Normal,Stage III,0,Dose Low,
SUB-0386,S07,2026-09-07,2026-09-18,Randomized,31,18-40,Male,Black or African American,Hispanic or Latino,Normal,Stage II,0,Placebo,
SUB-0387,S07,2026-02-25,2026-03-10,On Treatment,34,18-40,Male,Black or African American,Not Hispanic or Latino,Overweight,Stage IV,0,Dose Low,
SUB-0388,S07,2025-10-18,,Screen Failure,25,18-40,Female,Asian,Not Hispanic or Latino,Overweight,Stage II,0,,
SUB-0389,S07,2025-12-04,2025-12-20,Withdrawn,68,65+,Male,White,Hispanic or Latino,Obese,Stage IV,1,Placebo,Protocol Violation
SUB-0390,S07,2026-02-16,,Screen Failure,37,18-40,Male,White,Not Hispanic or Latino,Normal,Stage III,1,,
SUB-0391,S07,2026-08-16,,Screen Failure,50,41-55,Male,Other,Not Hispanic or Latino,Overweight,Stage II,0,,
SUB-0392,S07,2026-05-18,,Screened,70,65+,Female,White,Not Hispanic or Latino,Overweight,Stage III,0,,
SUB-0393,S07,2026-05-06,2026-05-22,On Treatment,24,18-40,Male,Black or African American,Not Hispanic or Latino,Normal,Stage IV,0,Dose High,
SUB-0394,S07,2026-01-20,2026-02-10,On Treatment,24,18-40,Female,White,Not Hispanic or Latino,Overweight,Stage II,0,Placebo,
SUB-0395,S07,2026-09-09,,Screen Failure,19,18-40,Male,Asian,Not Hispanic or Latino,Overweight,Stage IV,1,,
SUB-0396,S07,2025-08-20,2025-08-28,On Treatment,81,65+,Male,Black or African American,Not Hispanic or Latino,Obese,Stage II,1,Dose High,
SUB-0397,S07,2026-06-09,2026-06-24,On Treatment,67,65+,Male,Black or African American,Not Reported,Obese,Stage III,0,Placebo,
SUB-0398,S07,2026-09-03,2026-09-17,On Treatment,47,41-55,Female,White,Hispanic or Latino,Obese,Stage IV,3,Placebo,
SUB-0399,S07,2026-03-19,,Screen Failure,22,18-40,Male,White,Not Hispanic or Latino,Obese,Stage IV,1,,
SUB-0400,S07,2026-09-30,,Screen Failure,71,65+,Female,White,Not Hispanic or Latino,Overweight,Stage III,2,,
SUB-0401,S07,2026-02-02,2026-02-06,On Treatment,55,41-55,Female,White,Not Hispanic or Latino,Obese,Stage III,1,Dose High,
SUB-0402,S07,2026-03-23,2026-03-26,Completed,18,18-40,Female,White,Not Hispanic or Latino,Normal,Stage IV,3,Dose High,
SUB-0403,S07,2026-04-22,2026-05-05,On Treatment,71,65+,Female,White,Not Hispanic or Latino,Overweight,Stage IV,1,Placebo,
SUB-0404,S07,2026-06-15,2026-06-19,On Treatment,78,65+,Male,White,Not Hispanic or Latino,Overweight,Stage II,0,Dose Low,
SUB-0405,S07,2026-09-23,2026-09-27,On Treatment,41,41-55,Male,White,Not Hispanic or Latino,Normal,Stage II,1,Placebo,
SUB-0406,S07,2026-09-01,,Screen Failure,52,41-55,Male,White,Not Reported,Obese,Stage II,1,,
SUB-0407,S07,2026-03-13,2026-03-17,Completed,33,18-40,Male,White,Not Hispanic or Latino,Normal,Stage III,0,Dose High,
SUB-0408,S07,2025-09-12,,Screen Failure,55,41-55,Female,White,Not Reported,Obese,Stage III,0,,
SUB-0409,S07,2026-02-27,2026-03-12,On Treatment,50,41-55,Female,Asian,Hispanic or Latino,Normal,Stage III,1,Placebo,
SUB-0410,S07,2025-12-12,2026-01-01,On Treatment,26,18-40,Female,Black or African American,Not Hispanic or Latino,Normal,Stage III,2,Dose Low,
SUB-0411,S07,2026-08-16,2026-09-06,On Treatment,75,65+,Female,White,Hispanic or Latino,Overweight,Stage II,0,Dose High,
SUB-0412,S07,2026-04-19,2026-05-07,On Treatment,22,18-40,Male,White,Hispanic or Latino,Normal,Stage IV,2,Dose High,
SUB-0413,S07,2025-10-07,2025-10-23,Randomized,47,41-55,Female,White,Not Hispanic or Latino,Normal,Stage II,1,Placebo,
SUB-0414,S08,2026-05-16,2026-05-19,On Treatment,27,18-40,Male,Black or African American,Not Hispanic or Latino,Obese,Stage III,0,Dose Low,
SUB-0415,S08,2025-07-28,2025-08-14,On Treatment,58,56-65,Female,White,Not Hispanic or Latino,Overweight,Stage IV,2,Placebo,
SUB-0416,S08,2025-09-05,2025-09-23,On Treatment,69,65+,Male,White,Not Hispanic or Latino,Overweight,Stage II,1,Placebo,
SUB-0417,S08,2026-01-06,2026-01-20,Randomized,56,56-65,Female,White,Not Hispanic or Latino,Overweight,Stage II,0,Dose Low,
SUB-0418,S08,2026-03-21,2026-03-27,Withdrawn,67,65+,Female,White,Not Hispanic or Latino,Obese,Stage II,0,Dose High,Physician Decision
SUB-0419,S08,2025-10-06,2025-10-27,On Treatment,30,18-40,Male,White,Not Hispanic or Latino,Overweight,Stage IV,1,Dose Low,
SUB-0420,S08,2026-08-02,,Screen Failure,74,65+,Female,White,Not Hispanic or Latino,Obese,Stage III,1,,
SUB-0421,S08,2026-09-29,2026-09-24,Withdrawn,64,56-65,Female,Black or African American,Not Reported,Normal,Stage III,0,Placebo,Physician Decision
SUB-0422,S08,2026-05-27,2026-05-31,Completed,26,18-40,Female,White,Not Hispanic or Latino,Normal,Stage III,1,Placebo,
SUB-0423,S08,2025-09-25,2025-10-06,Completed,26,18-40,Female,Not Reported,Hispanic or Latino,Normal,Stage III,1,Dose Low,
SUB-0424,S08,2025-08-04,2025-08-15,Randomized,75,65+,Male,Black or African American,Not Hispanic or Latino,Overweight,Stage IV,0,Placebo,
SUB-0425,S08,2026-09-19,2026-09-22,On Treatment,81,65+,Male,Black or African American,Not Hispanic or Latino,Obese,Stage III,2,Dose Low,
SUB-0426,S08,2026-08-16,2026-08-31,Completed,72,65+,Female,White,Not Hispanic or Latino,Overweight,Stage III,1,Dose High,
SUB-0427,S08,2025-09-01,2025-09-04,On Treatment,36,18-40,Female,White,Not Hispanic or Latino,Obese,Stage II,2,Dose High,
SUB-0428,S08,2026-01-20,2026-02-05,On Treatment,58,56-65,Female,Not Reported,Hispanic or Latino,Obese,Stage III,0,Dose Low,
SUB-0429,S08,2025-06-08,2025-06-22,On Treatment,52,41-55,Male,Black or African American,Not Hispanic or Latino,Overweight,Stage II,0,Placebo,
SUB-0430,S08,2025-06-25,2025-07-11,Completed,35,18-40,Female,White,Not Hispanic or Latino,Normal,Stage III,1,Placebo,
SUB-0431,S08,2026-01-13,,Screen Failure,28,18-40,Female,White,Not Hispanic or Latino,Normal,Stage IV,1,,
SUB-0432,S08,2026-09-09,2026-09-17,On Treatment,79,65+,Female,White,Not Hispanic or Latino,Normal,Stage II,0,Dose Low,
SUB-0433,S08,2026-05-22,,Screened,18,18-40,Female,Asian,Not Hispanic or Latino,Overweight,Stage II,2,,
SUB-0434,S08,2025-07-14,2025-07-31,On Treatment,24,18-40,Female,Asian,Not Hispanic or Latino,Overweight,Stage II,2,Dose Low,
SUB-0435,S08,2026-01-15,2026-01-29,Randomized,78,65+,Male,White,Not Hispanic or Latino,Overweight,Stage III,0,Dose High,
SUB-0436,S08,2026-08-31,2026-09-14,Randomized,50,41-55,Male,White,Not Hispanic or Latino,Obese,Stage III,0,Dose High,
SUB-0437,S08,2025-06-07,2025-06-26,On Treatment,42,41-55,Male,White,Not Hispanic or Latino,Obese,Stage III,1,Dose High,
SUB-0438,S08,2026-05-31,2026-06-07,Completed,70,65+,Female,White,Not Hispanic or Latino,Obese,Stage II,0,Placebo,
SUB-0439,S08,2026-08-22,2026-08-25,Completed,46,41-55,Female,Asian,Not Hispanic or Latino,Normal,Stage II,2,Placebo,
SUB-0440,S08,2026-09-27,2026-09-26,On Treatment,48,41-55,Male,Black or African American,Not Hispanic or Latino,Overweight,Stage IV,1,Dose High,
SUB-0441,S08,2025-09-14,2025-09-25,On Treatment,40,18-40,Female,Other,Not Hispanic or Latino,Overweight,Stage II,1,Dose High,
SUB-0442,S08,2025-08-06,2025-08-10,Completed,21,18-40,Female,White,Not Hispanic or Latino,Overweight,Stage III,0,Dose High,
SUB-0443,S08,2026-06-09,2026-06-28,On Treatment,81,65+,Male,White,Not Hispanic or Latino,Normal,Stage II,1,Dose Low,
SUB-0444,S08,2026-01-21,,Screened,74,65+,Female,White,Not Hispanic or Latino,Obese,Stage III,3,,
SUB-0445,S08,2026-09-19,2026-09-23,On Treatment,56,56-65,Female,White,Not Hispanic or Latino,Obese,Stage III,2,Placebo,
SUB-0446,S08,2025-12-24,2025-12-31,On Treatment,45,41-55,Male,White,Not Hispanic or Latino,Overweight,Stage II,1,Dose Low,
SUB-0447,S08,2025-06-29,2025-07-14,On Treatment,71,65+,Female,Asian,Not Hispanic or Latino,Normal,Stage II,0,Dose High,
SUB-0448,S08,2026-02-01,2026-02-14,On Treatment,19,18-40,Female,White,Not Hispanic or Latino,Normal,Stage IV,2,Dose High,
SUB-0449,S08,2026-09-09,2026-09-26,Withdrawn,72,65+,Female,Asian,Not Hispanic or Latino,Overweight,Stage III,0,Placebo,Consent Withdrawn
SUB-0450,S08,2025-07-22,2025-08-01,Randomized,25,18-40,Male,White,Not Hispanic or Latino,Normal,Stage III,1,Dose Low,
SUB-0451,S08,2026-06-01,2026-06-20,Withdrawn,36,18-40,Male,Not Reported,Not Hispanic or Latino,Obese,Stage III,0,Placebo,Lost to Follow-up
SUB-0452,S08,2026-02-07,2026-02-10,Completed,26,18-40,Female,Asian,Not Hispanic or Latino,Overweight,Stage IV,0,Dose High,
SUB-0453,S08,2026-02-09,2026-02-24,On Treatment,70,65+,Female,White,Not Hispanic or Latino,Normal,Stage III,0,Dose Low,
SUB-0454,S08,2026-01-25,,Screen Failure,74,65+,Male,White,Not Hispanic or Latino,Normal,Stage IV,0,,
SUB-0455,S08,2025-08-06,2025-08-22,Completed,76,65+,Male,Other,Not Hispanic or Latino,Obese,Stage III,0,Dose High,
SUB-0456,S08,2026-04-12,,Screen Failure,44,41-55,Male,White,Not Hispanic or Latino,Overweight,Stage III,1,,
SUB-0457,S08,2025-12-03,2025-12-18,On Treatment,69,65+,Female,Asian,Hispanic or Latino,Obese,Stage III,2,Dose High,
SUB-0458,S08,2025-07-05,2025-07-17,On Treatment,32,18-40,Female,White,Not Hispanic or Latino,Overweight,Stage IV,3,Dose Low,
SUB-0459,S08,2025-07-23,2025-08-08,Withdrawn,39,18-40,Male,Asian,Not Hispanic or Latino,Obese,Stage II,3,Placebo,Physician Decision
SUB-0460,S08,2026-05-21,2026-06-04,Withdrawn,53,41-55,Male,Asian,Not Hispanic or Latino,Normal,Stage IV,3,Placebo,Consent Withdrawn
SUB-0461,S08,2026-05-18,2026-06-08,Withdrawn,45,41-55,Female,Asian,Not Hispanic or Latino,Overweight,Stage IV,3,Placebo,Consent Withdrawn
SUB-0462,S08,2025-07-01,2025-07-07,On Treatment,41,41-55,Female,Not Reported,Hispanic or Latino,Underweight,Stage III,2,Dose Low,
SUB-0463,S08,2026-06-04,,Screened,68,65+,Female,White,Not Hispanic or Latino,Obese,Stage II,0,,
SUB-0464,S08,2026-08-30,,Screened,75,65+,Female,Asian,Not Hispanic or Latino,Obese,Stage II,2,,
SUB-0465,S08,2026-06-21,2026-07-06,Randomized,66,65+,Female,Asian,Hispanic or Latino,Overweight,Stage II,0,Placebo,
SUB-0466,S08,2025-06-02,2025-06-13,Withdrawn,29,18-40,Male,White,Not Hispanic or Latino,Overweight,Stage III,0,Dose High,Physician Decision
SUB-0467,S08,2026-02-15,,Screen Failure,58,56-65,Male,White,Not Hispanic or Latino,Normal,Stage IV,3,,
SUB-0468,S08,2025-08-13,2025-08-19,Completed,40,18-40,Male,Asian,Not Reported,Overweight,Stage IV,0,Placebo,
SUB-0469,S08,2026-08-03,2026-08-21,Withdrawn,34,18-40,Female,White,Hispanic or Latino,Overweight,Stage II,0,Placebo,Adverse Event
SUB-0470,S08,2026-09-02,2026-09-20,Randomized,46,41-55,Female,White,Not Hispanic or Latino,Normal,Stage III,0,Placebo,
SUB-0471,S08,2026-05-29,2026-06-11,On Treatment,40,18-40,Female,Asian,Not Hispanic or Latino,Obese,Stage IV,2,Placebo,
SUB-0472,S08,2026-08-26,2026-09-06,On Treatment,63,56-65,Male,White,Not Hispanic or Latino,Obese,Stage III,3,Placebo,
SUB-0473,S08,2025-07-08,2025-07-27,Randomized,73,65+,Female,White,Not Hispanic or Latino,Normal,Stage IV,0,Dose High,
SUB-0474,S08,2026-03-03,2026-03-19,Withdrawn,57,56-65,Female,White,Hispanic or Latino,Normal,Stage III,0,Dose High,Consent Withdrawn
SUB-0475,S08,2026-06-13,2026-06-19,Randomized,68,65+,Male,Black or African American,Not Hispanic or Latino,Normal,Stage II,1,Dose High,
SUB-0476,S08,2026-03-16,2026-03-19,Completed,71,65+,Female,Other,Not Hispanic or Latino,Obese,Stage III,2,Dose High,
SUB-0477,S08,2025-09-29,,Screen Failure,81,65+,Male,Asian,Not Hispanic or Latino,Obese,Stage II,1,,
SUB-0478,S08,2025-06-03,2025-06-17,Withdrawn,64,56-65,Male,White,Not Hispanic or Latino,Normal,Stage II,3,Dose High,Adverse Event
SUB-0479,S08,2026-09-06,2026-09-11,On Treatment,33,18-40,Female,White,Not Hispanic or Latino,Obese,Stage IV,0,Placebo,
SUB-0480,S08,2025-12-27,2026-01-01,Randomized,31,18-40,Male,White,Not Hispanic or Latino,Obese,Stage IV,0,Dose Low,
SUB-0481,S09,2026-09-14,2026-09-20,On Treatment,64,56-65,Female,White,Not Hispanic or Latino,Overweight,Stage II,1,Placebo,
SUB-0482,S09,2026-02-27,,Screen Failure,39,18-40,Female,Black or African American,Not Hispanic or Latino,Normal,Stage IV,0,,
SUB-0483,S09,2026-01-31,,Screen Failure,38,18-40,Female,White,Not Hispanic or Latino,Overweight,Stage III,2,,
SUB-0484,S09,2026-01-29,,Screen Failure,48,41-55,Male,Black or African American,Not Hispanic or Latino,Obese,Stage II,1,,
SUB-0485,S09,2026-03-30,2026-04-06,On Treatment,42,41-55,Female,White,Not Hispanic or Latino,Normal,Stage II,3,Placebo,
SUB-0486,S09,2025-10-22,2025-11-12,On Treatment,76,65+,Female,White,Not Hispanic or Latino,Obese,Stage II,0,Placebo,
SUB-0487,S09,2026-07-27,2026-08-12,On Treatment,43,41-55,Female,Not Reported,Not Hispanic or Latino,Overweight,Stage IV,2,Dose Low,
SUB-0488,S09,2025-11-14,2025-12-03,Randomized,28,18-40,Male,White,Not Hispanic or Latino,Overweight,Stage III,3,Dose Low,
SUB-0489,S09,2026-08-22,2026-08-27,On Treatment,75,65+,Female,White,Not Hispanic or Latino,Overweight,Stage IV,0,Dose Low,
SUB-0490,S09,2025-10-18,2025-10-24,On Treatment,62,56-65,Female,Other,Not Hispanic or Latino,Normal,Stage III,1,Placebo,
SUB-0491,S09,2026-08-31,2026-09-19,Withdrawn,55,41-55,Male,Asian,Not Hispanic or Latino,Overweight,Stage III,1,Dose Low,Protocol Violation
SUB-0492,S09,2026-08-21,2026-09-02,On Treatment,59,56-65,Female,Black or African American,Hispanic or Latino,Overweight,Stage IV,3,Placebo,
SUB-0493,S09,2025-11-20,2025-11-23,On Treatment,76,65+,Female,Asian,Not Hispanic or Latino,Obese,Stage II,0,Dose High,
SUB-0494,S09,2026-04-26,2026-05-10,Completed,29,18-40,Female,White,Not Hispanic or Latino,Normal,Stage III,2,Placebo,
SUB-0495,S09,2026-09-03,2026-09-07,Withdrawn,52,41-55,Female,White,Not Hispanic or Latino,Obese,Stage III,1,Placebo,Lost to Follow-up
SUB-0496,S09,2026-09-06,2026-09-15,On Treatment,22,18-40,Male,White,Hispanic or Latino,Obese,Stage II,0,Dose Low,
SUB-0497,S09,2026-08-28,2026-09-07,Completed,74,65+,Male,White,Not Hispanic or Latino,Overweight,Stage IV,1,Dose High,
SUB-0498,S09,2025-10-29,,Screen Failure,26,18-40,Female,Black or African American,Not Hispanic or Latino,Obese,Stage III,1,,
SUB-0499,S09,2025-11-26,2025-12-10,On Treatment,25,18-40,Female,White,Hispanic or Latino,Normal,Stage IV,1,Placebo,
SUB-0500,S09,2026-09-11,2026-09-27,Randomized,52,41-55,Male,White,Not Reported,Normal,Stage III,1,Dose Low,
SUB-0501,S09,2026-03-06,,Screen Failure,55,41-55,Female,White,Not Hispanic or Latino,Overweight,Stage II,0,,
SUB-0502,S09,2026-09-05,2026-09-24,Withdrawn,75,65+,Female,Asian,Not Hispanic or Latino,Obese,Stage III,2,Dose Low,Consent Withdrawn
SUB-0503,S09,2026-07-31,2026-08-16,Withdrawn,53,41-55,Male,Not Reported,Not Hispanic or Latino,Obese,Stage IV,2,Placebo,Adverse Event
SUB-0504,S09,2025-11-30,2025-12-19,Completed,29,18-40,Female,Asian,Not Hispanic or Latino,Overweight,Stage III,1,Dose High,
SUB-0505,S09,2026-05-23,2026-06-05,On Treatment,55,41-55,Male,White,Not Hispanic or Latino,Overweight,Stage IV,1,Dose Low,
SUB-0506,S09,2025-10-25,2025-11-08,On Treatment,30,18-40,Female,White,Not Hispanic or Latino,Overweight,Stage IV,1,Placebo,
SUB-0507,S09,2026-09-24,2026-09-29,On Treatment,55,41-55,Male,Asian,Not Reported,Obese,Stage III,0,Placebo,
SUB-0508,S09,2025-11-27,,Screened,56,56-65,Male,White,Not Hispanic or Latino,Overweight,Stage III,1,,
SUB-0509,S09,2025-11-22,2025-11-25,On Treatment,51,41-55,Male,White,Not Hispanic or Latino,Underweight,Stage III,0,Dose High,
SUB-0510,S09,2025-11-06,,Screen Failure,64,56-65,Male,White,Not Hispanic or Latino,Overweight,Stage III,1,,
SUB-0511,S09,2025-12-17,,Screen Failure,31,18-40,Male,White,Not Hispanic or Latino,Overweight,Stage II,2,,
SUB-0512,S09,2025-10-29,,Screened,41,41-55,Male,Other,Not Hispanic or Latino,Overweight,Stage III,0,,
SUB-0513,S09,2026-08-17,,Screen Failure,45,41-55,Female,Asian,Not Hispanic or Latino,Overweight,Stage II,1,,
SUB-0514,S09,2026-09-11,2026-09-16,On Treatment,59,56-65,Male,White,Not Hispanic or Latino,Obese,Stage III,2,Placebo,
SUB-0515,S09,2026-02-01,,Screen Failure,57,56-65,Female,Not Reported,Not Hispanic or Latino,Normal,Stage III,1,,
SUB-0516,S09,2026-09-14,,Screen Failure,74,65+,Male,White,Not Hispanic or Latino,Normal,Stage IV,0,,
SUB-0517,S09,2025-11-18,,Screen Failure,34,18-40,Male,White,Not Reported,Normal,Stage IV,2,,
SUB-0518,S09,2026-06-22,2026-07-06,On Treatment,63,56-65,Female,White,Not Hispanic or Latino,Normal,Stage II,0,Placebo,
SUB-0519,S09,2026-01-03,,Screen Failure,43,41-55,Female,Other,Not Hispanic or Latino,Obese,Stage IV,1,,
SUB-0520,S09,2026-09-24,2026-09-27,Randomized,22,18-40,Male,Black or African American,Not Hispanic or Latino,Obese,Stage III,1,Dose Low,
SUB-0521,S09,2026-05-01,2026-05-19,Completed,56,56-65,Male,Asian,Not Reported,Overweight,Stage II,1,Dose Low,
SUB-0522,S09,2026-06-18,,Screen Failure,63,56-65,Female,Black or African American,Not Reported,Normal,Stage III,0,,
SUB-0523,S09,2025-10-16,,Screened,39,18-40,Male,White,Not Hispanic or Latino,Overweight,Stage IV,0,,
SUB-0524,S09,2026-09-02,,Screen Failure,24,18-40,Male,Black or African American,Not Hispanic or Latino,Obese,Stage III,0,,
SUB-0525,S09,2026-08-20,2026-08-25,On Treatment,58,56-65,Male,Black or African American,Not Hispanic or Latino,Overweight,Stage II,3,Dose Low,
SUB-0526,S09,2026-03-23,2026-04-10,Completed,19,18-40,Male,Other,Not Hispanic or Latino,Obese,Stage II,0,Dose Low,
SUB-0527,S09,2025-12-10,2025-12-22,On Treatment,27,18-40,Male,White,Not Hispanic or Latino,Overweight,Stage IV,0,Placebo,
SUB-0528,S09,2026-07-03,,Screen Failure,37,18-40,Female,Black or African American,Not Hispanic or Latino,Overweight,Stage II,2,,
SUB-0529,S09,2026-09-11,2026-09-21,Completed,66,65+,Female,Not Reported,Not Hispanic or Latino,Normal,Stage II,0,Dose Low,
SUB-0530,S09,2025-10-27,2025-11-01,Randomized,23,18-40,Male,Asian,Not Hispanic or Latino,Normal,Stage II,1,Dose High,
SUB-0531,S09,2026-01-17,2026-01-30,Withdrawn,75,65+,Male,Black or African American,Not Hispanic or Latino,Normal,Stage II,0,Dose Low,Consent Withdrawn
SUB-0532,S09,2026-08-29,2026-09-10,Withdrawn,21,18-40,Male,White,Not Hispanic or Latino,Overweight,Stage III,2,Placebo,Adverse Event
SUB-0533,S09,2026-02-03,,Screen Failure,33,18-40,Male,Asian,Not Hispanic or Latino,Normal,Stage II,2,,
SUB-0534,S09,2026-08-24,2026-09-14,On Treatment,63,56-65,Female,Not Reported,Not Hispanic or Latino,Normal,Stage IV,0,Dose Low,
SUB-0535,S09,2026-09-21,,Screen Failure,38,18-40,Male,Black or African American,Hispanic or Latino,Obese,Stage III,1,,
SUB-0536,S09,2026-09-21,2026-09-26,On Treatment,31,18-40,Female,White,Not Hispanic or Latino,Normal,Stage IV,1,Dose Low,
SUB-0537,S09,2025-10-21,,Screen Failure,75,65+,Female,White,Not Hispanic or Latino,Underweight,Stage II,1,,
SUB-0538,S09,2025-08-27,2025-09-14,Completed,22,18-40,Female,White,Not Reported,Overweight,Stage II,1,Dose High,
SUB-0539,S09,2026-09-29,,Screen Failure,69,65+,Male,Not Reported,Hispanic or Latino,Obese,Stage IV,1,,
SUB-0540,S09,2026-02-06,2026-02-12,On Treatment,55,41-55,Female,Black or African American,Hispanic or Latino,Obese,Stage II,2,Dose High,
SUB-0541,S09,2026-01-04,2026-01-25,On Treatment,19,18-40,Male,Asian,Not Hispanic or Latino,Overweight,Stage III,0,Placebo,
SUB-0542,S09,2026-08-11,2026-08-19,On Treatment,18,18-40,Male,Black or African American,Not Hispanic or Latino,Normal,Stage IV,0,Placebo,
SUB-0543,S09,2026-09-27,,Screen Failure,55,41-55,Female,White,Hispanic or Latino,Obese,Stage IV,0,,
SUB-0544,S09,2026-08-07,,Screen Failure,64,56-65,Male,White,Not Hispanic or Latino,Normal,Stage II,1,,
SUB-0545,S09,2026-07-24,2026-08-04,On Treatment,81,65+,Male,Asian,Not Hispanic or Latino,Normal,Stage IV,1,Dose Low,
SUB-0546,S10,2026-07-19,2026-08-02,Completed,44,41-55,Female,Asian,Not Hispanic or Latino,Obese,Stage IV,1,Dose Low,
SUB-0547,S10,2026-02-17,,Screen Failure,31,18-40,Male,Black or African American,Not Hispanic or Latino,Obese,Stage III,0,,
SUB-0548,S10,2025-12-09,2025-12-16,Withdrawn,50,41-55,Male,White,Not Hispanic or Latino,Normal,Stage II,0,Dose Low,Adverse Event
SUB-0549,S10,2026-02-01,2026-02-11,On Treatment,51,41-55,Male,White,Not Hispanic or Latino,Overweight,Stage III,1,Dose High,
SUB-0550,S10,2026-04-30,2026-05-17,Completed,40,18-40,Female,White,Not Hispanic or Latino,Overweight,Stage II,2,Dose Low,
SUB-0551,S10,2026-08-25,2026-09-15,On Treatment,42,41-55,Male,White,Hispanic or Latino,Normal,Stage II,0,Placebo,
SUB-0552,S10,2025-08-30,2025-09-20,On Treatment,67,65+,Male,Asian,Hispanic or Latino,Obese,Stage II,0,Dose High,
SUB-0553,S10,2026-05-25,,Screen Failure,36,18-40,Female,White,Not Hispanic or Latino,Normal,Stage IV,3,,
SUB-0554,S10,2025-12-17,,Screen Failure,75,65+,Female,Black or African American,Not Hispanic or Latino,Obese,Stage III,2,,
SUB-0555,S10,2026-09-01,,Screen Failure,45,41-55,Male,Black or African American,Hispanic or Latino,Obese,Stage II,1,,
SUB-0556,S10,2026-03-12,,Screened,48,41-55,Female,White,Not Hispanic or Latino,Overweight,Stage IV,0,,
SUB-0557,S10,2025-05-23,,Screen Failure,54,41-55,Male,Black or African American,Not Hispanic or Latino,Obese,Stage III,0,,
SUB-0558,S10,2025-10-24,2025-11-14,Withdrawn,37,18-40,Male,Black or African American,Not Hispanic or Latino,Normal,Stage III,1,Dose Low,Protocol Violation
SUB-0559,S10,2025-10-10,2025-10-27,On Treatment,49,41-55,Female,Not Reported,Not Hispanic or Latino,Normal,Stage II,0,Dose Low,
SUB-0560,S10,2026-03-09,2026-03-30,On Treatment,42,41-55,Female,Asian,Not Hispanic or Latino,Overweight,Stage II,0,Dose Low,
SUB-0561,S10,2025-07-04,2025-07-20,On Treatment,32,18-40,Male,Black or African American,Not Hispanic or Latino,Overweight,Stage IV,1,Placebo,
SUB-0562,S10,2025-12-16,2025-12-29,On Treatment,20,18-40,Female,Black or African American,Hispanic or Latino,Overweight,Stage III,1,Placebo,
SUB-0563,S10,2025-11-20,2025-11-27,Completed,62,56-65,Male,White,Not Hispanic or Latino,Overweight,Stage III,0,Placebo,
SUB-0564,S10,2026-08-31,2026-09-04,On Treatment,24,18-40,Female,Black or African American,Not Hispanic or Latino,Obese,Stage III,2,Dose High,
SUB-0565,S10,2025-11-06,,Screen Failure,51,41-55,Male,White,Not Hispanic or Latino,Obese,Stage II,1,,
SUB-0566,S10,2026-08-05,,Screen Failure,72,65+,Female,White,Not Hispanic or Latino,Overweight,Stage III,0,,
SUB-0567,S10,2026-02-23,,Screen Failure,71,65+,Female,White,Not Hispanic or Latino,Normal,Stage II,1,,
SUB-0568,S10,2026-09-17,2026-09-21,On Treatment,45,41-55,Male,White,Hispanic or Latino,Overweight,Stage IV,1,Dose High,
SUB-0569,S10,2026-03-17,2026-03-25,On Treatment,26,18-40,Female,Black or African American,Not Hispanic or Latino,Overweight,Stage II,2,Dose Low,
SUB-0570,S10,2026-01-04,,Screen Failure,56,56-65,Male,White,Not Hispanic or Latino,Normal,Stage IV,1,,
SUB-0571,S10,2026-08-19,,Screen Failure,65,56-65,Male,Black or African American,Not Hispanic or Latino,Overweight,Stage III,0,,
SUB-0572,S10,2026-02-23,2026-03-02,On Treatment,69,65+,Male,Asian,Not Hispanic or Latino,Overweight,Stage II,0,Dose Low,
SUB-0573,S10,2026-09-11,2026-09-26,On Treatment,22,18-40,Male,White,Not Hispanic or Latino,Obese,Stage II,0,Dose High,
SUB-0574,S10,2026-09-25,2026-09-28,Randomized,43,41-55,Male,White,Not Hispanic or Latino,Normal,Stage IV,0,Dose Low,
SUB-0575,S10,2025-10-24,2025-11-09,On Treatment,31,18-40,Male,White,Not Hispanic or Latino,Normal,Stage II,0,Dose High,
SUB-0576,S10,2025-09-26,2025-10-06,On Treatment,43,41-55,Male,Asian,Not Hispanic or Latino,Obese,Stage IV,0,Dose High,
SUB-0577,S10,2026-02-17,2026-02-27,Randomized,79,65+,Male,White,Not Hispanic or Latino,Normal,Stage IV,1,Dose Low,
SUB-0578,S10,2025-11-28,2025-12-11,Withdrawn,43,41-55,Male,Black or African American,Not Hispanic or Latino,Normal,Stage II,0,Dose Low,Physician Decision
SUB-0579,S10,2025-07-12,,Screen Failure,78,65+,Male,White,Not Reported,Obese,Stage IV,0,,
SUB-0580,S10,2026-08-29,2026-09-07,On Treatment,69,65+,Female,White,Not Hispanic or Latino,Obese,Stage IV,0,Dose High,
SUB-0581,S10,2026-02-23,2026-03-01,On Treatment,20,18-40,Male,Other,Not Hispanic or Latino,Underweight,Stage IV,1,Placebo,
SUB-0582,S10,2026-06-19,,Screen Failure,55,41-55,Female,Black or African American,Not Hispanic or Latino,Overweight,Stage II,0,,
SUB-0583,S10,2025-10-26,2025-10-31,On Treatment,66,65+,Male,Asian,Not Hispanic or Latino,Overweight,Stage III,0,Dose Low,
SUB-0584,S10,2026-09-27,2026-09-27,Completed,81,65+,Male,White,Not Hispanic or Latino,Normal,Stage III,1,Dose High,
SUB-0585,S10,2026-01-20,2026-02-06,On Treatment,58,56-65,Male,Asian,Not Hispanic or Latino,Normal,Stage IV,2,Placebo,
SUB-0586,S10,2025-11-06,2025-11-24,Completed,32,18-40,Male,White,Not Hispanic or Latino,Overweight,Stage IV,1,Dose Low,
SUB-0587,S10,2025-11-24,2025-12-12,On Treatment,50,41-55,Female,Asian,Hispanic or Latino,Obese,Stage IV,0,Placebo,
SUB-0588,S10,2026-06-13,2026-06-27,On Treatment,33,18-40,Male,White,Not Hispanic or Latino,Normal,Stage IV,1,Dose High,
SUB-0589,S10,2026-07-09,2026-07-15,Completed,64,56-65,Female,White,Not Hispanic or Latino,Obese,Stage IV,2,Dose High,
SUB-0590,S10,2026-03-11,2026-03-14,On Treatment,63,56-65,Male,Black or African American,Not Hispanic or Latino,Normal,Stage III,1,Dose Low,
SUB-0591,S10,2025-09-03,2025-09-17,Completed,20,18-40,Male,White,Not Hispanic or Latino,Normal,Stage II,0,Dose Low,
SUB-0592,S10,2026-01-02,2026-01-06,Randomized,54,41-55,Female,Not Reported,Not Reported,Normal,Stage II,0,Placebo,
SUB-0593,S10,2026-09-17,2026-09-23,On Treatment,19,18-40,Female,Black or African American,Not Hispanic or Latino,Normal,Stage IV,3,Dose Low,
SUB-0594,S10,2026-09-29,2026-09-20,Randomized,29,18-40,Male,Asian,Not Hispanic or Latino,Normal,Stage II,1,Placebo,
SUB-0595,S10,2025-11-19,2025-12-02,On Treatment,27,18-40,Female,White,Not Hispanic or Latino,Normal,Stage II,0,Dose High,
SUB-0596,S10,2025-06-13,2025-06-27,On Treatment,75,65+,Male,White,Hispanic or Latino,Normal,Stage II,1,Dose Low,
SUB-0597,S10,2026-09-12,2026-09-25,Completed,60,56-65,Female,White,Not Hispanic or Latino,Underweight,Stage II,0,Dose Low,
SUB-0598,S10,2025-11-07,2025-11-28,On Treatment,70,65+,Male,Asian,Not Hispanic or Latino,Overweight,Stage III,0,Dose High,
SUB-0599,S10,2025-10-24,2025-11-03,Completed,63,56-65,Female,Black or African American,Not Hispanic or Latino,Normal,Stage IV,3,Dose High,
SUB-0600,S10,2026-02-19,2026-03-04,On Treatment,55,41-55,Male,Other,Not Hispanic or Latino,Overweight,Stage III,2,Dose Low,
SUB-0601,S10,2025-07-21,2025-07-26,On Treatment,58,56-65,Male,Black or African American,Not Hispanic or Latino,Normal,Stage IV,2,Placebo,
SUB-0602,S10,2025-07-26,2025-08-05,Completed,23,18-40,Female,White,Hispanic or Latino,Obese,Stage II,0,Placebo,
SUB-0603,S10,2025-11-26,,Screened,23,18-40,Male,White,Not Hispanic or Latino,Normal,Stage II,0,,
SUB-0604,S10,2026-03-09,2026-03-26,On Treatment,54,41-55,Male,White,Not Hispanic or Latino,Obese,Stage II,1,Placebo,
SUB-0605,S11,2025-10-15,2025-10-28,Withdrawn,67,65+,Female,White,Not Reported,Normal,Stage III,0,Placebo,Adverse Event
SUB-0606,S11,2025-09-21,,Screen Failure,34,18-40,Male,White,Not Hispanic or Latino,Overweight,Stage II,0,,
SUB-0607,S11,2026-06-20,2026-06-30,On Treatment,19,18-40,Male,White,Not Hispanic or Latino,Obese,Stage IV,2,Dose Low,
SUB-0608,S11,2025-06-20,2025-07-09,On Treatment,32,18-40,Male,White,Not Hispanic or Latino,Normal,Stage III,0,Dose Low,
SUB-0609,S11,2026-01-06,2026-01-18,On Treatment,66,65+,Male,White,Hispanic or Latino,Overweight,Stage III,0,Placebo,
SUB-0610,S11,2026-01-30,,Screen Failure,64,56-65,Female,Black or African American,Not Hispanic or Latino,Normal,Stage III,0,,
SUB-0611,S11,2026-08-15,2026-08-21,On Treatment,48,41-55,Male,Black or African American,Not Reported,Obese,Stage III,1,Dose High,
SUB-0612,S11,2026-08-22,,Screen Failure,69,65+,Male,Black or African American,Not Hispanic or Latino,Obese,Stage IV,2,,
SUB-0613,S11,2025-09-13,,Screen Failure,45,41-55,Female,Asian,Not Hispanic or Latino,Normal,Stage III,0,,
SUB-0614,S11,2025-07-16,2025-08-02,On Treatment,34,18-40,Female,Not Reported,Not Hispanic or Latino,Underweight,Stage II,2,Dose Low,
SUB-0615,S11,2026-06-25,2026-07-07,On Treatment,37,18-40,Male,Black or African American,Hispanic or Latino,Overweight,Stage II,1,Dose High,
SUB-0616,S11,2025-10-06,2025-10-20,Randomized,41,41-55,Female,White,Not Hispanic or Latino,Overweight,Stage III,1,Dose High,
SUB-0617,S11,2026-08-25,2026-09-09,Withdrawn,67,65+,Male,White,Hispanic or Latino,Overweight,Stage IV,0,Dose Low,Protocol Violation
SUB-0618,S11,2026-03-14,2026-04-04,On Treatment,70,65+,Female,White,Not Hispanic or Latino,Normal,Stage III,1,Dose Low,
SUB-0619,S11,2025-07-23,2025-08-13,On Treatment,42,41-55,Male,White,Not Hispanic or Latino,Normal,Stage II,2,Placebo,
SUB-0620,S11,2025-08-09,2025-08-24,On Treatment,82,65+,Male,White,Not Hispanic or Latino,Obese,Stage II,2,Dose High,
SUB-0621,S11,2026-07-31,,Screen Failure,72,65+,Male,White,Hispanic or Latino,Normal,Stage III,0,,
SUB-0622,S11,2026-09-07,2026-09-23,Completed,75,65+,Male,Black or African American,Not Hispanic or Latino,Normal,Stage II,0,Dose High,
SUB-0623,S11,2026-09-04,2026-09-12,On Treatment,64,56-65,Male,Black or African American,Not Hispanic or Latino,Obese,Stage IV,0,Placebo,
SUB-0624,S11,2026-02-17,2026-03-03,On Treatment,53,41-55,Female,Asian,Not Hispanic or Latino,Normal,Stage II,0,Dose Low,
SUB-0625,S11,2026-03-19,2026-04-08,On Treatment,50,41-55,Female,Not Reported,Not Hispanic or Latino,Obese,Stage IV,3,Dose Low,
SUB-0626,S11,2025-10-05,2025-10-15,Withdrawn,29,18-40,Female,White,Not Hispanic or Latino,Obese,Stage III,0,Dose High,Protocol Violation
SUB-0627,S11,2025-12-20,2026-01-04,Randomized,34,18-40,Female,White,Not Hispanic or Latino,Normal,Stage IV,3,Placebo,
SUB-0628,S11,2026-09-28,2026-09-27,Randomized,64,56-65,Male,Not Reported,Not Hispanic or Latino,Overweight,Stage II,1,Dose Low,
SUB-0629,S11,2026-08-23,2026-09-07,On Treatment,43,41-55,Female,Asian,Not Hispanic or Latino,Normal,Stage IV,2,Placebo,
SUB-0630,S11,2026-09-11,2026-09-20,Completed,71,65+,Male,White,Not Hispanic or Latino,Normal,Stage IV,0,Dose Low,
SUB-0631,S11,2026-09-07,2026-09-16,Completed,25,18-40,Male,White,Hispanic or Latino,Obese,Stage II,0,Placebo,
SUB-0632,S11,2026-03-23,2026-03-31,Randomized,72,65+,Female,White,Not Hispanic or Latino,Overweight,Stage III,2,Dose High,
SUB-0633,S11,2026-04-21,2026-05-10,On Treatment,24,18-40,Female,Not Reported,Not Hispanic or Latino,Normal,Stage III,0,Dose Low,
SUB-0634,S11,2026-02-04,2026-02-13,On Treatment,75,65+,Male,Other,Not Hispanic or Latino,Overweight,Stage II,1,Dose Low,
SUB-0635,S11,2026-05-31,2026-06-15,On Treatment,22,18-40,Female,Asian,Not Hispanic or Latino,Normal,Stage III,0,Placebo,
SUB-0636,S11,2025-06-24,2025-07-11,On Treatment,61,56-65,Male,White,Hispanic or Latino,Obese,Stage II,1,Dose High,
SUB-0637,S11,2025-12-14,,Screen Failure,53,41-55,Male,Asian,Not Hispanic or Latino,Normal,Stage III,1,,
SUB-0638,S11,2026-06-07,2026-06-16,Randomized,77,65+,Female,White,Not Hispanic or Latino,Overweight,Stage III,3,Dose Low,
SUB-0639,S11,2026-09-15,2026-09-19,On Treatment,41,41-55,Male,Black or African American,Hispanic or Latino,Normal,Stage III,0,Placebo,
SUB-0640,S11,2025-10-04,2025-10-10,Withdrawn,28,18-40,Male,White,Not Hispanic or Latino,Normal,Stage IV,0,Dose Low,Physician Decision
SUB-0641,S11,2025-11-22,,Screen Failure,78,65+,Male,White,Not Hispanic or Latino,Overweight,Stage III,0,,
SUB-0642,S11,2025-08-31,2025-09-06,Randomized,34,18-40,Male,White,Not Hispanic or Latino,Overweight,Stage IV,1,Placebo,
SUB-0643,S11,2026-05-25,2026-05-28,On Treatment,77,65+,Female,White,Hispanic or Latino,Normal,Stage III,0,Dose High,
SUB-0644,S11,2026-05-28,2026-06-07,Randomized,48,41-55,Female,White,Not Hispanic or Latino,Overweight,Stage III,1,Dose High,
SUB-0645,S11,2026-04-21,2026-05-08,Randomized,51,41-55,Male,Black or African American,Not Hispanic or Latino,Normal,Stage III,0,Placebo,
SUB-0646,S11,2026-06-26,2026-07-07,Withdrawn,71,65+,Female,White,Not Hispanic or Latino,Normal,Stage III,3,Dose High,Physician Decision
SUB-0647,S11,2025-06-11,2025-06-20,On Treatment,51,41-55,Male,Black or African American,Not Hispanic or Latino,Overweight,Stage III,0,Dose High,
SUB-0648,S11,2026-08-05,2026-08-10,Randomized,27,18-40,Male,Asian,Not Hispanic or Latino,Normal,Stage II,1,Dose High,
SUB-0649,S11,2025-07-28,,Screen Failure,62,56-65,Female,Asian,Not Reported,Overweight,Stage II,0,,
SUB-0650,S11,2026-09-07,2026-09-11,On Treatment,41,41-55,Female,White,Not Hispanic or Latino,Normal,Stage III,3,Dose High,
SUB-0651,S11,2026-06-20,,Screen Failure,58,56-65,Male,White,Not Hispanic or Latino,Obese,Stage II,0,,
SUB-0652,S11,2026-06-10,2026-06-27,On Treatment,81,65+,Female,White,Hispanic or Latino,Normal,Stage IV,1,Dose Low,
SUB-0653,S11,2026-06-14,2026-06-23,Randomized,62,56-65,Female,White,Not Hispanic or Latino,Overweight,Stage IV,1,Placebo,
SUB-0654,S11,2025-09-09,,Screen Failure,54,41-55,Female,Asian,Not Hispanic or Latino,Overweight,Stage II,3,,
SUB-0655,S11,2025-06-23,,Screen Failure,56,56-65,Female,Black or African American,Not Hispanic or Latino,Normal,Stage III,1,,
SUB-0656,S11,2026-09-14,,Screen Failure,61,56-65,Female,Asian,Not Hispanic or Latino,Overweight,Stage III,0,,
SUB-0657,S11,2025-11-14,,Screen Failure,47,41-55,Male,White,Not Hispanic or Latino,Obese,Stage IV,1,,
SUB-0658,S11,2025-12-17,2025-12-27,Randomized,75,65+,Female,White,Not Hispanic or Latino,Obese,Stage III,3,Placebo,
SUB-0659,S11,2026-09-13,2026-09-18,Withdrawn,77,65+,Male,Black or African American,Not Hispanic or Latino,Normal,Stage IV,0,Placebo,Consent Withdrawn
SUB-0660,S11,2026-07-30,2026-08-11,On Treatment,22,18-40,Male,Black or African American,Not Reported,Overweight,Stage III,2,Placebo,
SUB-0661,S11,2026-03-16,,Screen Failure,72,65+,Female,Not Reported,Not Reported,Overweight,Stage II,1,,
SUB-0662,S11,2025-07-31,2025-08-15,Randomized,72,65+,Female,White,Not Hispanic or Latino,Normal,Stage III,1,Dose High,
SUB-0663,S11,2026-03-22,2026-04-02,Completed,42,41-55,Female,White,Not Hispanic or Latino,Normal,Stage III,0,Dose Low,
SUB-0664,S11,2026-05-02,,Screen Failure,54,41-55,Female,White,Not Hispanic or Latino,Obese,Stage III,0,,
SUB-0665,S11,2026-09-10,2026-09-29,On Treatment,33,18-40,Female,White,Hispanic or Latino,Underweight,Stage III,1,Dose Low,
SUB-0666,S11,2025-11-13,,Screened,36,18-40,Female,White,Not Hispanic or Latino,Overweight,Stage III,0,,
SUB-0667,S11,2025-11-02,2025-11-09,On Treatment,26,18-40,Male,White,Not Hispanic or Latino,Obese,Stage II,0,Dose High,
SUB-0668,S12,2026-07-31,2026-08-04,Completed,78,65+,Female,White,Not Hispanic or Latino,Overweight,Stage IV,2,Dose High,
SUB-0669,S12,2025-11-20,2025-12-07,On Treatment,75,65+,Female,White,Not Hispanic or Latino,Normal,Stage IV,2,Dose High,
SUB-0670,S12,2026-09-07,2026-09-17,Withdrawn,48,41-55,Female,Asian,Not Hispanic or Latino,Overweight,Stage III,0,Dose Low,Consent Withdrawn
SUB-0671,S12,2026-03-02,,Screen Failure,62,56-65,Female,White,Not Hispanic or Latino,Normal,Stage II,1,,
SUB-0672,S12,2026-04-02,,Screen Failure,45,41-55,Male,Other,Not Hispanic or Latino,Normal,Stage II,1,,
SUB-0673,S12,2026-06-12,2026-06-27,On Treatment,22,18-40,Male,Black or African American,Not Hispanic or Latino,Overweight,Stage II,1,Dose Low,
SUB-0674,S12,2026-03-11,,Screen Failure,72,65+,Female,Black or African American,Not Hispanic or Latino,Normal,Stage II,0,,
SUB-0675,S12,2026-08-31,,Screen Failure,26,18-40,Female,Black or African American,Not Hispanic or Latino,Overweight,Stage IV,0,,
SUB-0676,S12,2026-03-06,2026-03-19,Withdrawn,40,18-40,Female,Other,Not Hispanic or Latino,Overweight,Stage IV,2,Dose High,Lost to Follow-up
SUB-0677,S12,2026-09-12,,Screen Failure,61,56-65,Male,White,Hispanic or Latino,Normal,Stage III,2,,
SUB-0678,S12,2025-08-24,2025-09-04,On Treatment,45,41-55,Female,Not Reported,Not Hispanic or Latino,Overweight,Stage III,1,Dose High,
SUB-0679,S12,2026-07-21,,Screened,51,41-55,Female,White,Hispanic or Latino,Obese,Stage IV,0,,
SUB-0680,S12,2026-01-24,2026-02-03,Completed,52,41-55,Male,Other,Hispanic or Latino,Normal,Stage IV,1,Dose Low,
SUB-0681,S12,2026-08-16,2026-08-19,Completed,67,65+,Male,White,Not Hispanic or Latino,Overweight,Stage II,1,Placebo,
SUB-0682,S12,2026-09-02,2026-09-17,On Treatment,34,18-40,Male,Black or African American,Not Hispanic or Latino,Overweight,Stage III,0,Placebo,
SUB-0683,S12,2025-09-07,2025-09-13,On Treatment,45,41-55,Male,Black or African American,Not Hispanic or Latino,Normal,Stage IV,1,Dose High,
SUB-0684,S12,2026-01-20,2026-02-09,Randomized,28,18-40,Male,White,Not Hispanic or Latino,Obese,Stage II,2,Dose Low,
SUB-0685,S12,2026-02-25,2026-03-03,On Treatment,47,41-55,Female,White,Not Hispanic or Latino,Normal,Stage III,0,Placebo,
SUB-0686,S12,2026-02-12,2026-03-02,On Treatment,78,65+,Male,Black or African American,Not Hispanic or Latino,Normal,Stage IV,0,Placebo,
SUB-0687,S12,2026-03-29,,Screen Failure,20,18-40,Male,White,Not Hispanic or Latino,Obese,Stage II,2,,
SUB-0688,S12,2025-12-13,2025-12-30,On Treatment,28,18-40,Female,White,Hispanic or Latino,Normal,Stage IV,0,Dose High,
SUB-0689,S12,2026-08-31,,Screen Failure,47,41-55,Male,White,Not Reported,Normal,Stage II,1,,
SUB-0690,S12,2025-08-21,,Screen Failure,49,41-55,Female,White,Not Hispanic or Latino,Obese,Stage II,1,,
SUB-0691,S12,2026-01-08,2026-01-11,On Treatment,18,18-40,Female,Not Reported,Not Hispanic or Latino,Normal,Stage III,1,Placebo,
SUB-0692,S12,2025-09-02,2025-09-12,On Treatment,49,41-55,Female,White,Not Hispanic or Latino,Normal,Stage IV,1,Placebo,
SUB-0693,S12,2026-09-04,2026-09-15,On Treatment,81,65+,Male,Other,Not Hispanic or Latino,Normal,Stage II,0,Placebo,
SUB-0694,S12,2026-08-24,2026-09-13,Withdrawn,73,65+,Female,White,Not Hispanic or Latino,Obese,Stage II,0,Placebo,Consent Withdrawn
SUB-0695,S12,2026-08-02,2026-08-22,Completed,79,65+,Female,Black or African American,Not Hispanic or Latino,Normal,Stage IV,0,Dose Low,
SUB-0696,S12,2026-08-19,2026-08-26,Completed,26,18-40,Female,Asian,Not Hispanic or Latino,Obese,Stage III,0,Placebo,
SUB-0697,S12,2025-12-07,,Screen Failure,77,65+,Male,White,Not Reported,Overweight,Stage IV,0,,
SUB-0698,S12,2026-08-17,2026-09-05,Completed,61,56-65,Female,Black or African American,Not Hispanic or Latino,Overweight,Stage III,0,Dose Low,
SUB-0699,S12,2026-02-16,2026-03-02,On Treatment,61,56-65,Male,White,Not Hispanic or Latino,Obese,Stage II,0,Dose High,
SUB-0700,S12,2026-01-07,2026-01-16,On Treatment,82,65+,Female,White,Not Hispanic or Latino,Normal,Stage III,0,Dose High,
SUB-0701,S12,2025-10-04,2025-10-11,Randomized,24,18-40,Female,White,Not Hispanic or Latino,Normal,Stage III,1,Dose High,
SUB-0702,S12,2025-11-14,2025-12-04,On Treatment,23,18-40,Male,Black or African American,Not Hispanic or Latino,Obese,Stage II,0,Placebo,
SUB-0703,S12,2025-12-26,2025-12-30,Randomized,53,41-55,Female,White,Hispanic or Latino,Normal,Stage III,1,Dose Low,
SUB-0704,S12,2026-01-27,,Screen Failure,41,41-55,Male,White,Hispanic or Latino,Overweight,Stage III,0,,
SUB-0705,S12,2026-09-23,2026-09-21,Randomized,49,41-55,Male,Black or African American,Not Hispanic or Latino,Normal,Stage III,0,Dose High,
SUB-0706,S12,2026-04-06,2026-04-15,Randomized,60,56-65,Male,White,Not Hispanic or Latino,Obese,Stage IV,1,Dose Low,
SUB-0707,S12,2026-09-16,2026-09-21,Completed,44,41-55,Female,White,Hispanic or Latino,Overweight,Stage IV,0,Dose Low,
SUB-0708,S12,2025-12-08,2025-12-17,On Treatment,33,18-40,Male,White,Not Hispanic or Latino,Normal,Stage II,1,Dose High,
SUB-0709,S12,2026-09-03,2026-09-20,Withdrawn,40,18-40,Male,White,Not Hispanic or Latino,Obese,Stage III,1,Placebo,Lost to Follow-up
SUB-0710,S12,2026-02-18,2026-03-11,On Treatment,77,65+,Female,Black or African American,Not Hispanic or Latino,Overweight,Stage IV,0,Placebo,
SUB-0711,S12,2026-03-30,,Screened,61,56-65,Male,White,Not Hispanic or Latino,Obese,Stage III,1,,
SUB-0712,S12,2025-08-31,2025-09-08,On Treatment,41,41-55,Male,White,Not Hispanic or Latino,Obese,Stage III,0,Dose High,
SUB-0713,S12,2025-09-09,2025-09-14,On Treatment,56,56-65,Female,White,Not Hispanic or Latino,Normal,Stage IV,0,Dose Low,
SUB-0714,S12,2026-09-08,,Screen Failure,39,18-40,Male,Black or African American,Not Hispanic or Latino,Normal,Stage III,0,,
SUB-0715,S12,2025-09-13,2025-10-03,On Treatment,70,65+,Female,White,Not Reported,Obese,Stage II,0,Placebo,
SUB-0716,S12,2026-09-27,2026-09-23,On Treatment,48,41-55,Male,White,Not Hispanic or Latino,Obese,Stage IV,2,Dose High,
SUB-0717,S12,2026-01-11,2026-01-21,On Treatment,77,65+,Male,White,Not Hispanic or Latino,Overweight,Stage IV,0,Dose Low,
SUB-0718,S12,2025-10-19,2025-11-06,On Treatment,22,18-40,Male,White,Not Hispanic or Latino,Overweight,Stage III,0,Placebo,
SUB-0719,S12,2026-09-19,2026-09-26,Withdrawn,46,41-55,Female,Asian,Not Hispanic or Latino,Overweight,Stage IV,1,Dose High,Lost to Follow-up
SUB-0720,S12,2026-01-02,2026-01-23,On Treatment,38,18-40,Male,Asian,Not Hispanic or Latino,Overweight,Stage IV,2,Dose High,
SUB-0721,S12,2026-03-01,2026-03-22,On Treatment,49,41-55,Female,White,Hispanic or Latino,Overweight,Stage II,2,Dose Low,
SUB-0722,S12,2026-03-27,2026-04-12,Completed,56,56-65,Male,White,Not Hispanic or Latino,Normal,Stage II,0,Placebo,
SUB-0723,S12,2026-08-09,2026-08-18,On Treatment,66,65+,Female,Asian,Not Hispanic or Latino,Overweight,Stage II,0,Dose High,
SUB-0724,S12,2026-09-04,2026-09-13,Completed,21,18-40,Female,White,Not Hispanic or Latino,Normal,Stage II,0,Dose High,
SUB-0725,S12,2026-02-23,2026-03-08,Completed,38,18-40,Female,Asian,Hispanic or Latino,Normal,Stage II,0,Placebo,
SUB-0726,S12,2026-09-14,2026-09-29,On Treatment,80,65+,Male,Other,Not Hispanic or Latino,Normal,Stage IV,0,Placebo,
SUB-0727,S12,2025-08-10,2025-08-24,On Treatment,27,18-40,Male,White,Not Hispanic or Latino,Obese,Stage III,0,Placebo,
SUB-0728,S12,2025-09-18,2025-10-03,Completed,64,56-65,Female,White,Not Hispanic or Latino,Normal,Stage II,1,Dose Low,
SUB-0729,S12,2026-08-18,,Screen Failure,41,41-55,Male,Asian,Hispanic or Latino,Overweight,Stage IV,0,,
SUB-0730,S12,2026-09-13,,Screen Failure,57,56-65,Female,White,Not Hispanic or Latino,Normal,Stage II,1,,
SUB-0731,S12,2025-08-27,2025-09-09,On Treatment,42,41-55,Male,White,Not Hispanic or Latino,Overweight,Stage IV,1,Dose Low,
SUB-0732,S12,2026-04-05,2026-04-16,On Treatment,32,18-40,Female,Asian,Not Hispanic or Latino,Obese,Stage IV,1,Dose Low,
SUB-0733,S13,2025-11-08,2025-11-19,On Treatment,21,18-40,Female,White,Not Hispanic or Latino,Obese,Stage II,2,Placebo,
SUB-0734,S13,2026-08-24,2026-09-09,Completed,42,41-55,Female,Black or African American,Not Hispanic or Latino,Normal,Stage II,0,Dose High,
SUB-0735,S13,2026-04-10,2026-04-23,Withdrawn,77,65+,Male,White,Not Reported,Overweight,Stage III,1,Dose Low,Adverse Event
SUB-0736,S13,2025-12-08,2025-12-20,On Treatment,49,41-55,Male,White,Not Hispanic or Latino,Overweight,Stage III,1,Dose High,
SUB-0737,S13,2026-09-24,,Screen Failure,43,41-55,Male,White,Hispanic or Latino,Overweight,Stage IV,0,,
SUB-0738,S13,2025-08-26,2025-09-09,Completed,62,56-65,Male,White,Hispanic or Latino,Normal,Stage III,3,Placebo,
SUB-0739,S13,2025-12-06,2025-12-24,Randomized,28,18-40,Female,White,Not Hispanic or Latino,Obese,Stage IV,3,Dose Low,
SUB-0740,S13,2026-03-25,,Screen Failure,52,41-55,Male,Black or African American,Not Hispanic or Latino,Obese,Stage III,3,,
SUB-0741,S13,2026-07-05,2026-07-13,Completed,76,65+,Female,White,Not Hispanic or Latino,Overweight,Stage IV,1,Dose Low,
SUB-0742,S13,2026-09-02,,Screen Failure,57,56-65,Male,White,Hispanic or Latino,Normal,Stage II,0,,
SUB-0743,S13,2026-01-04,,Screened,77,65+,Female,White,Not Hispanic or Latino,Normal,Stage III,3,,
SUB-0744,S13,2026-01-25,2026-01-28,On Treatment,18,18-40,Female,Black or African American,Not Hispanic or Latino,Obese,Stage II,1,Dose Low,
SUB-0745,S13,2026-08-21,2026-08-28,On Treatment,31,18-40,Female,White,Not Hispanic or Latino,Overweight,Stage III,2,Placebo,
SUB-0746,S13,2026-05-22,2026-06-07,On Treatment,82,65+,Male,Asian,Not Hispanic or Latino,Obese,Stage III,1,Dose High,
SUB-0747,S13,2026-09-18,,Screen Failure,18,18-40,Female,White,Not Hispanic or Latino,Obese,Stage II,0,,
SUB-0748,S13,2026-06-29,2026-07-02,On Treatment,64,56-65,Male,White,Not Hispanic or Latino,Obese,Stage III,3,Placebo,
SUB-0749,S13,2026-08-18,2026-09-06,On Treatment,63,56-65,Female,White,Not Hispanic or Latino,Overweight,Stage IV,1,Dose High,
SUB-0750,S13,2026-04-04,2026-04-21,On Treatment,36,18-40,Male,Black or African American,Hispanic or Latino,Normal,Stage III,1,Dose High,
SUB-0751,S13,2026-09-14,2026-09-21,On Treatment,35,18-40,Female,White,Not Hispanic or Latino,Normal,Stage IV,0,Dose Low,
SUB-0752,S13,2026-09-24,2026-09-21,On Treatment,64,56-65,Female,Not Reported,Not Hispanic or Latino,Normal,Stage IV,2,Dose Low,
SUB-0753,S13,2026-05-26,2026-06-02,Randomized,18,18-40,Female,Other,Not Hispanic or Latino,Obese,Stage II,1,Dose Low,
SUB-0754,S13,2026-05-01,2026-05-13,Withdrawn,18,18-40,Female,Not Reported,Not Hispanic or Latino,Normal,Stage III,1,Dose Low,Consent Withdrawn
SUB-0755,S13,2026-08-06,2026-08-24,On Treatment,60,56-65,Female,White,Not Hispanic or Latino,Normal,Stage IV,0,Dose High,
SUB-0756,S13,2025-12-21,2026-01-10,On Treatment,50,41-55,Male,Black or African American,Not Hispanic or Latino,Normal,Stage II,2,Placebo,
SUB-0757,S13,2025-09-02,2025-09-19,Completed,53,41-55,Female,White,Not Hispanic or Latino,Obese,Stage III,0,Dose Low,
SUB-0758,S13,2026-08-19,2026-08-23,On Treatment,54,41-55,Female,Black or African American,Hispanic or Latino,Normal,Stage III,0,Dose Low,
SUB-0759,S13,2026-03-13,2026-03-26,Randomized,18,18-40,Male,White,Not Hispanic or Latino,Overweight,Stage IV,1,Dose Low,
SUB-0760,S13,2026-09-17,2026-09-23,Withdrawn,44,41-55,Female,White,Hispanic or Latino,Obese,Stage IV,2,Dose High,Physician Decision
SUB-0761,S13,2026-04-30,,Screened,50,41-55,Female,Not Reported,Not Hispanic or Latino,Normal,Stage III,0,,
SUB-0762,S13,2026-01-18,2026-02-08,Completed,52,41-55,Male,White,Not Hispanic or Latino,Normal,Stage IV,1,Placebo,
SUB-0763,S13,2025-08-16,2025-08-29,On Treatment,24,18-40,Female,Black or African American,Not Reported,Overweight,Stage III,0,Dose Low,
SUB-0764,S13,2026-09-26,2026-09-29,On Treatment,40,18-40,Female,White,Not Hispanic or Latino,Obese,Stage IV,0,Dose Low,
SUB-0765,S13,2026-09-25,2026-09-21,Randomized,55,41-55,Male,Asian,Not Hispanic or Latino,Normal,Stage IV,0,Dose High,
SUB-0766,S13,2026-09-17,2026-09-29,On Treatment,71,65+,Female,Black or African American,Not Hispanic or Latino,Normal,Stage II,1,Placebo,
SUB-0767,S13,2025-12-10,2025-12-13,Completed,72,65+,Male,White,Hispanic or Latino,Normal,Stage II,0,Placebo,
SUB-0768,S13,2025-11-26,2025-12-05,Randomized,33,18-40,Female,Black or African American,Hispanic or Latino,Obese,Stage IV,0,Dose Low,
SUB-0769,S13,2026-03-19,2026-04-02,On Treatment,78,65+,Male,White,Hispanic or Latino,Normal,Stage II,0,Dose High,
SUB-0770,S13,2026-01-10,2026-01-14,Randomized,44,41-55,Female,White,Not Hispanic or Latino,Underweight,Stage IV,2,Dose Low,
SUB-0771,S13,2026-03-14,2026-03-30,On Treatment,35,18-40,Male,White,Not Hispanic or Latino,Overweight,Stage II,2,Placebo,
SUB-0772,S13,2025-09-25,2025-10-15,Randomized,46,41-55,Male,White,Hispanic or Latino,Normal,Stage II,0,Dose High,
SUB-0773,S13,2026-01-18,2026-02-02,On Treatment,48,41-55,Male,White,Hispanic or Latino,Obese,Stage II,0,Dose Low,
SUB-0774,S13,2025-12-08,2025-12-15,On Treatment,71,65+,Female,White,Not Hispanic or Latino,Overweight,Stage IV,0,Dose Low,
SUB-0775,S13,2026-07-14,2026-08-02,Completed,58,56-65,Male,Asian,Not Hispanic or Latino,Obese,Stage III,0,Placebo,
SUB-0776,S13,2026-09-08,,Screen Failure,44,41-55,Female,White,Hispanic or Latino,Normal,Stage IV,0,,
SUB-0777,S13,2026-08-13,2026-09-03,Withdrawn,68,65+,Male,Asian,Not Hispanic or Latino,Overweight,Stage III,0,Placebo,Physician Decision
SUB-0778,S13,2025-11-02,,Screen Failure,74,65+,Female,Asian,Not Hispanic or Latino,Overweight,Stage III,0,,
SUB-0779,S13,2026-08-18,,Screen Failure,53,41-55,Female,Black or African American,Not Hispanic or Latino,Normal,Stage II,3,,
SUB-0780,S13,2026-01-09,,Screen Failure,40,18-40,Female,Not Reported,Hispanic or Latino,Obese,Stage II,0,,
SUB-0781,S13,2026-09-17,2026-09-25,Completed,70,65+,Female,White,Not Hispanic or Latino,Obese,Stage IV,1,Placebo,
SUB-0782,S13,2025-10-26,2025-11-13,Withdrawn,41,41-55,Male,Other,Not Hispanic or Latino,Normal,Stage IV,0,Dose High,Consent Withdrawn
SUB-0783,S13,2025-08-31,,Screen Failure,31,18-40,Female,Asian,Not Hispanic or Latino,Obese,Stage III,0,,
SUB-0784,S13,2026-09-09,2026-09-18,On Treatment,57,56-65,Female,White,Not Hispanic or Latino,Underweight,Stage III,2,Dose Low,
SUB-0785,S13,2026-07-26,2026-08-08,Completed,27,18-40,Male,Black or African American,Not Hispanic or Latino,Normal,Stage III,1,Dose Low,
SUB-0786,S13,2026-04-07,,Screen Failure,33,18-40,Male,Black or African American,Not Hispanic or Latino,Overweight,Stage II,1,,
SUB-0787,S13,2026-09-05,2026-09-09,Withdrawn,59,56-65,Male,White,Not Hispanic or Latino,Obese,Stage III,2,Dose Low,Lost to Follow-up
SUB-0788,S13,2026-03-25,,Screen Failure,62,56-65,Female,White,Not Hispanic or Latino,Overweight,Stage III,3,,
SUB-0789,S14,2026-03-11,2026-03-16,Completed,69,65+,Male,Asian,Not Hispanic or Latino,Overweight,Stage III,2,Dose High,
SUB-0790,S14,2025-11-27,,Screen Failure,29,18-40,Male,White,Hispanic or Latino,Obese,Stage II,0,,
SUB-0791,S14,2026-02-07,,Screen Failure,24,18-40,Female,White,Hispanic or Latino,Overweight,Stage II,1,,
SUB-0792,S14,2026-09-03,2026-09-21,Withdrawn,47,41-55,Male,White,Not Hispanic or Latino,Underweight,Stage III,1,Dose Low,Adverse Event
SUB-0793,S14,2026-09-26,2026-09-27,Randomized,52,41-55,Female,White,Hispanic or Latino,Underweight,Stage II,0,Dose High,
SUB-0794,S14,2026-08-22,2026-09-09,On Treatment,33,18-40,Female,Asian,Not Hispanic or Latino,Overweight,Stage II,2,Dose Low,
SUB-0795,S14,2026-07-14,2026-07-29,Randomized,50,41-55,Female,White,Not Hispanic or Latino,Overweight,Stage IV,0,Placebo,
SUB-0796,S14,2025-11-18,2025-12-06,Withdrawn,19,18-40,Female,White,Not Hispanic or Latino,Obese,Stage II,1,Placebo,Consent Withdrawn
SUB-0797,S14,2026-04-10,2026-04-23,On Treatment,26,18-40,Female,White,Not Hispanic or Latino,Obese,Stage IV,1,Dose High,
SUB-0798,S14,2025-08-23,,Screen Failure,36,18-40,Female,White,Not Hispanic or Latino,Normal,Stage II,0,,
SUB-0799,S14,2026-01-08,2026-01-11,On Treatment,21,18-40,Female,Asian,Not Hispanic or Latino,Normal,Stage IV,1,Dose Low,
SUB-0800,S14,2025-12-03,2025-12-18,Completed,78,65+,Male,Black or African American,Not Hispanic or Latino,Normal,Stage II,0,Placebo,
SUB-0801,S14,2026-08-16,2026-08-22,On Treatment,66,65+,Male,White,Not Hispanic or Latino,Normal,Stage III,0,Dose Low,
SUB-0802,S14,2026-03-28,2026-04-02,On Treatment,67,65+,Female,White,Hispanic or Latino,Obese,Stage III,0,Placebo,
SUB-0803,S14,2025-09-10,,Screen Failure,62,56-65,Male,White,Hispanic or Latino,Normal,Stage II,1,,
SUB-0804,S14,2026-09-16,,Screen Failure,50,41-55,Female,White,Not Hispanic or Latino,Overweight,Stage IV,1,,
SUB-0805,S14,2026-02-03,2026-02-15,Completed,25,18-40,Female,White,Not Hispanic or Latino,Obese,Stage II,1,Placebo,
SUB-0806,S14,2026-09-15,,Screen Failure,44,41-55,Female,White,Not Reported,Overweight,Stage III,0,,
SUB-0807,S14,2026-07-16,,Screen Failure,44,41-55,Male,Black or African American,Not Hispanic or Latino,Obese,Stage III,1,,
SUB-0808,S14,2026-08-29,2026-09-14,Completed,69,65+,Female,White,Not Hispanic or Latino,Obese,Stage III,0,Dose High,
SUB-0809,S14,2025-08-31,,Screen Failure,39,18-40,Female,Black or African American,Hispanic or Latino,Normal,Stage IV,2,,
SUB-0810,S14,2026-02-18,2026-03-07,Randomized,67,65+,Male,Asian,Not Hispanic or Latino,Obese,Stage II,2,Placebo,
SUB-0811,S14,2026-08-27,2026-09-16,Randomized,25,18-40,Male,Other,Hispanic or Latino,Overweight,Stage IV,0,Dose Low,
SUB-0812,S14,2025-12-08,,Screen Failure,59,56-65,Female,Asian,Not Hispanic or Latino,Normal,Stage IV,1,,
SUB-0813,S14,2026-06-21,2026-06-25,On Treatment,54,41-55,Male,Asian,Not Reported,Obese,Stage III,1,Dose High,
SUB-0814,S14,2026-04-11,2026-04-30,Randomized,30,18-40,Female,Black or African American,Not Hispanic or Latino,Normal,Stage III,2,Dose High,
SUB-0815,S14,2026-03-15,2026-03-25,Randomized,53,41-55,Male,White,Not Hispanic or Latino,Normal,Stage IV,0,Dose High,
SUB-0816,S14,2026-05-24,2026-06-11,On Treatment,49,41-55,Male,Not Reported,Not Hispanic or Latino,Obese,Stage IV,1,Dose High,
SUB-0817,S14,2026-06-28,,Screen Failure,79,65+,Male,Asian,Not Hispanic or Latino,Obese,Stage III,1,,
SUB-0818,S14,2026-08-26,2026-09-03,Completed,57,56-65,Female,White,Not Hispanic or Latino,Normal,Stage III,3,Dose Low,
SUB-0819,S14,2026-08-29,2026-09-13,On Treatment,82,65+,Female,White,Not Hispanic or Latino,Normal,Stage II,0,Placebo,
SUB-0820,S14,2026-09-29,2026-09-28,On Treatment,78,65+,Female,Asian,Not Hispanic or Latino,Overweight,Stage III,0,Dose Low,
SUB-0821,S14,2025-09-08,,Screened,27,18-40,Female,Black or African American,Not Hispanic or Latino,Normal,Stage III,1,,
SUB-0822,S14,2026-02-24,,Screen Failure,41,41-55,Female,White,Not Hispanic or Latino,Normal,Stage IV,0,,
SUB-0823,S14,2025-11-19,2025-11-29,Completed,74,65+,Female,Black or African American,Not Hispanic or Latino,Obese,Stage II,1,Placebo,
SUB-0824,S14,2026-08-28,2026-09-08,Completed,19,18-40,Female,Other,Not Hispanic or Latino,Normal,Stage II,1,Dose High,
SUB-0825,S14,2026-01-28,,Screen Failure,33,18-40,Female,Asian,Not Hispanic or Latino,Normal,Stage II,1,,
SUB-0826,S14,2026-02-19,2026-03-10,On Treatment,81,65+,Male,Not Reported,Not Hispanic or Latino,Overweight,Stage II,1,Dose High,
SUB-0827,S14,2025-08-28,2025-09-12,On Treatment,33,18-40,Female,Black or African American,Hispanic or Latino,Normal,Stage III,2,Placebo,
SUB-0828,S14,2026-02-10,2026-02-24,On Treatment,21,18-40,Male,Black or African American,Not Hispanic or Latino,Obese,Stage III,1,Placebo,
SUB-0829,S14,2026-03-03,2026-03-17,On Treatment,68,65+,Male,White,Not Hispanic or Latino,Normal,Stage IV,1,Dose Low,
SUB-0830,S14,2026-02-08,2026-02-23,Completed,68,65+,Female,Other,Not Hispanic or Latino,Normal,Stage III,2,Dose Low,
SUB-0831,S14,2026-08-31,2026-09-07,Randomized,44,41-55,Male,White,Not Hispanic or Latino,Overweight,Stage III,1,Dose High,
SUB-0832,S14,2026-09-30,2026-09-29,Randomized,20,18-40,Male,White,Not Hispanic or Latino,Overweight,Stage IV,1,Dose High,
SUB-0833,S14,2026-05-16,2026-05-25,On Treatment,33,18-40,Female,White,Not Hispanic or Latino,Overweight,Stage IV,1,Dose Low,
SUB-0834,S14,2025-11-20,2025-11-28,On Treatment,51,41-55,Male,White,Not Hispanic or Latino,Obese,Stage III,2,Placebo,
SUB-0835,S14,2026-09-27,,Screened,71,65+,Male,Asian,Hispanic or Latino,Obese,Stage IV,0,,
SUB-0836,S14,2026-09-05,2026-09-17,Completed,81,65+,Female,Black or African American,Not Hispanic or Latino,Overweight,Stage IV,0,Placebo,
SUB-0837,S14,2026-06-03,2026-06-19,On Treatment,34,18-40,Male,Asian,Not Hispanic or Latino,Normal,Stage III,1,Dose Low,
SUB-0838,S14,2025-10-04,2025-10-17,On Treatment,75,65+,Male,White,Not Hispanic or Latino,Normal,Stage II,0,Placebo,
SUB-0839,S14,2025-12-21,2026-01-11,On Treatment,21,18-40,Male,White,Not Hispanic or Latino,Normal,Stage III,0,Dose Low,
SUB-0840,S14,2026-04-26,2026-05-14,On Treatment,69,65+,Female,White,Not Hispanic or Latino,Overweight,Stage IV,0,Placebo,
SUB-0841,S14,2026-08-16,2026-09-01,On Treatment,35,18-40,Male,White,Not Reported,Overweight,Stage IV,0,Dose High,
SUB-0842,S14,2025-10-31,2025-11-21,Randomized,26,18-40,Male,Asian,Not Hispanic or Latino,Obese,Stage III,2,Dose High,
SUB-0843,S14,2026-04-12,2026-05-02,On Treatment,52,41-55,Female,White,Not Hispanic or Latino,Normal,Stage III,3,Placebo,
SUB-0844,S14,2026-09-06,2026-09-27,On Treatment,77,65+,Male,White,Not Hispanic or Latino,Normal,Stage IV,1,Dose Low,
SUB-0845,S14,2026-09-19,2026-09-28,Randomized,76,65+,Male,White,Hispanic or Latino,Overweight,Stage III,1,Dose High,
SUB-0846,S14,2026-08-14,,Screen Failure,44,41-55,Male,Black or African American,Not Hispanic or Latino,Overweight,Stage IV,2,,
SUB-0847,S14,2025-08-24,,Screen Failure,71,65+,Female,White,Not Hispanic or Latino,Overweight,Stage II,1,,
SUB-0848,S14,2026-04-16,2026-05-05,On Treatment,64,56-65,Male,White,Not Hispanic or Latino,Overweight,Stage IV,3,Dose High,
SUB-0849,S14,2026-04-05,2026-04-23,On Treatment,20,18-40,Female,White,Not Hispanic or Latino,Overweight,Stage III,0,Dose High,
SUB-0850,S14,2026-09-11,2026-09-27,On Treatment,37,18-40,Female,White,Not Hispanic or Latino,Normal,Stage III,1,Placebo,
SUB-0851,S14,2025-09-14,,Screen Failure,28,18-40,Male,White,Hispanic or Latino,Normal,Stage IV,0,,
SUB-0852,S14,2026-08-11,2026-08-17,On Treatment,25,18-40,Female,White,Hispanic or Latino,Overweight,Stage IV,1,Placebo,
SUB-0853,S14,2026-09-24,2026-09-29,On Treatment,27,18-40,Female,Not Reported,Not Hispanic or Latino,Overweight,Stage II,2,Dose High,
SUB-0854,S14,2026-06-11,2026-06-25,Completed,33,18-40,Female,Asian,Not Hispanic or Latino,Obese,Stage IV,1,Dose High,
SUB-0855,S14,2026-08-19,2026-08-30,On Treatment,52,41-55,Male,White,Not Hispanic or Latino,Normal,Stage II,0,Placebo,
SUB-0856,S15,2026-05-10,2026-05-30,On Treatment,76,65+,Male,Black or African American,Not Hispanic or Latino,Normal,Stage III,0,Dose High,
SUB-0857,S15,2025-11-30,,Screen Failure,60,56-65,Male,Black or African American,Not Hispanic or Latino,Normal,Stage III,0,,
SUB-0858,S15,2026-03-30,,Screen Failure,19,18-40,Female,Not Reported,Not Hispanic or Latino,Normal,Stage IV,0,,
SUB-0859,S15,2025-09-10,2025-09-28,Completed,45,41-55,Male,White,Not Hispanic or Latino,Overweight,Stage III,2,Placebo,
SUB-0860,S15,2026-08-28,2026-09-16,On Treatment,23,18-40,Male,Black or African American,Hispanic or Latino,Overweight,Stage II,0,Dose High,
SUB-0861,S15,2026-09-10,,Screen Failure,82,65+,Male,Asian,Hispanic or Latino,Normal,Stage II,0,,
SUB-0862,S15,2025-07-29,2025-08-05,On Treatment,78,65+,Male,White,Not Hispanic or Latino,Normal,Stage III,2,Dose Low,
SUB-0863,S15,2025-08-22,,Screen Failure,35,18-40,Female,Other,Not Hispanic or Latino,Overweight,Stage IV,2,,
SUB-0864,S15,2026-02-07,,Screen Failure,50,41-55,Female,Black or African American,Not Hispanic or Latino,Normal,Stage III,1,,
SUB-0865,S15,2026-02-16,2026-02-21,On Treatment,34,18-40,Female,White,Not Hispanic or Latino,Normal,Stage IV,0,Dose High,
SUB-0866,S15,2026-05-18,2026-05-25,On Treatment,70,65+,Female,Other,Not Hispanic or Latino,Obese,Stage IV,0,Placebo,
SUB-0867,S15,2026-05-13,2026-05-26,Completed,70,65+,Female,White,Not Hispanic or Latino,Normal,Stage IV,1,Placebo,
SUB-0868,S15,2025-09-14,2025-09-21,Withdrawn,82,65+,Male,White,Not Hispanic or Latino,Overweight,Stage II,1,Dose Low,Protocol Violation
SUB-0869,S15,2026-09-26,2026-09-29,On Treatment,67,65+,Female,Black or African American,Hispanic or Latino,Overweight,Stage III,0,Placebo,
SUB-0870,S15,2026-09-07,,Screen Failure,76,65+,Female,White,Not Hispanic or Latino,Obese,Stage II,0,,
SUB-0871,S15,2026-04-15,,Screen Failure,47,41-55,Male,Black or African American,Not Hispanic or Latino,Overweight,Stage II,3,,
SUB-0872,S15,2026-09-04,2026-09-08,Randomized,78,65+,Male,White,Not Hispanic or Latino,Obese,Stage IV,0,Placebo,
SUB-0873,S15,2026-03-22,2026-04-11,Randomized,75,65+,Female,Asian,Not Hispanic or Latino,Normal,Stage IV,0,Placebo,
SUB-0874,S15,2026-09-13,,Screen Failure,78,65+,Female,White,Not Hispanic or Latino,Obese,Stage III,0,,
SUB-0875,S15,2026-09-13,2026-09-26,Randomized,68,65+,Female,Asian,Not Hispanic or Latino,Overweight,Stage II,0,Placebo,
SUB-0876,S15,2026-05-10,2026-05-23,Withdrawn,65,56-65,Female,White,Not Hispanic or Latino,Normal,Stage III,0,Dose Low,Physician Decision
SUB-0877,S15,2026-09-24,2026-09-25,On Treatment,69,65+,Female,White,Not Reported,Overweight,Stage III,3,Dose High,
SUB-0878,S15,2026-03-27,2026-04-05,On Treatment,66,65+,Male,White,Not Hispanic or Latino,Overweight,Stage III,0,Dose High,
SUB-0879,S15,2026-05-11,,Screen Failure,61,56-65,Male,Black or African American,Not Hispanic or Latino,Obese,Stage III,0,,
SUB-0880,S15,2026-06-21,2026-07-07,On Treatment,65,56-65,Male,Black or African American,Not Hispanic or Latino,Obese,Stage IV,0,Dose High,
SUB-0881,S15,2025-08-11,,Screen Failure,71,65+,Female,White,Not Hispanic or Latino,Overweight,Stage III,0,,
SUB-0882,S15,2026-05-14,2026-05-19,Completed,55,41-55,Male,White,Not Hispanic or Latino,Normal,Stage II,0,Placebo,
SUB-0883,S15,2026-08-13,2026-08-23,On Treatment,31,18-40,Male,Not Reported,Not Hispanic or Latino,Overweight,Stage IV,0,Placebo,
SUB-0884,S15,2026-08-22,2026-09-05,Completed,79,65+,Male,White,Not Hispanic or Latino,Obese,Stage III,0,Dose Low,
SUB-0885,S15,2026-03-31,2026-04-08,On Treatment,73,65+,Male,White,Not Hispanic or Latino,Obese,Stage II,1,Dose Low,
SUB-0886,S15,2025-07-17,2025-07-27,Completed,57,56-65,Female,White,Not Hispanic or Latino,Normal,Stage IV,1,Placebo,
SUB-0887,S15,2025-08-18,2025-09-07,Completed,28,18-40,Female,White,Not Hispanic or Latino,Normal,Stage II,1,Placebo,
SUB-0888,S15,2025-10-15,,Screen Failure,31,18-40,Male,Other,Not Hispanic or Latino,Normal,Stage IV,0,,
SUB-0889,S15,2026-04-07,2026-04-17,On Treatment,50,41-55,Female,White,Not Hispanic or Latino,Overweight,Stage III,3,Dose Low,
SUB-0890,S15,2026-09-07,2026-09-20,On Treatment,44,41-55,Male,Asian,Not Hispanic or Latino,Overweight,Stage II,2,Placebo,
SUB-0891,S15,2025-10-25,,Screen Failure,82,65+,Male,White,Hispanic or Latino,Obese,Stage II,0,,
SUB-0892,S15,2026-04-17,2026-05-08,Randomized,18,18-40,Female,Other,Not Hispanic or Latino,Obese,Stage II,0,Placebo,
SUB-0893,S15,2026-03-12,2026-03-25,On Treatment,81,65+,Male,White,Hispanic or Latino,Normal,Stage IV,0,Placebo,
SUB-0894,S15,2026-03-19,2026-04-09,Completed,70,65+,Male,White,Not Hispanic or Latino,Overweight,Stage III,1,Dose Low,
SUB-0895,S15,2026-09-06,2026-09-15,Withdrawn,43,41-55,Male,Black or African American,Hispanic or Latino,Underweight,Stage II,0,Dose Low,Consent Withdrawn
SUB-0896,S15,2025-11-22,2025-12-07,On Treatment,18,18-40,Female,White,Hispanic or Latino,Obese,Stage II,1,Dose Low,
SUB-0897,S15,2026-07-17,2026-07-30,Completed,57,56-65,Female,White,Not Hispanic or Latino,Overweight,Stage III,1,Placebo,
SUB-0898,S15,2026-08-29,2026-09-17,On Treatment,41,41-55,Female,Asian,Hispanic or Latino,Overweight,Stage II,1,Placebo,
SUB-0899,S15,2026-03-03,2026-03-09,On Treatment,61,56-65,Male,Black or African American,Not Hispanic or Latino,Overweight,Stage II,0,Dose Low,
SUB-0900,S15,2026-08-23,2026-09-01,Completed,70,65+,Female,Not Reported,Not Hispanic or Latino,Obese,Stage II,1,Placebo,
SUB-0901,S15,2026-01-17,2026-02-02,Randomized,36,18-40,Male,Black or African American,Not Hispanic or Latino,Overweight,Stage II,1,Dose High,
SUB-0902,S15,2026-08-09,2026-08-30,On Treatment,45,41-55,Female,Asian,Not Hispanic or Latino,Normal,Stage III,1,Placebo,
SUB-0903,S15,2026-07-02,2026-07-08,On Treatment,77,65+,Male,White,Not Hispanic or Latino,Obese,Stage II,0,Dose High,
SUB-0904,S15,2026-08-23,2026-09-12,On Treatment,23,18-40,Male,White,Not Hispanic or Latino,Overweight,Stage IV,3,Dose High,
SUB-0905,S15,2025-09-23,2025-10-11,On Treatment,24,18-40,Female,White,Not Hispanic or Latino,Obese,Stage III,2,Dose Low,
SUB-0906,S15,2026-04-13,2026-04-21,Withdrawn,52,41-55,Male,White,Not Hispanic or Latino,Overweight,Stage IV,2,Dose Low,Adverse Event
SUB-0907,S15,2026-07-07,2026-07-27,Withdrawn,58,56-65,Male,White,Not Hispanic or Latino,Obese,Stage IV,1,Placebo,Physician Decision
SUB-0908,S15,2026-01-06,2026-01-18,On Treatment,33,18-40,Female,White,Not Hispanic or Latino,Overweight,Stage III,1,Dose Low,
SUB-0909,S15,2026-08-24,2026-09-08,On Treatment,31,18-40,Male,White,Not Hispanic or Latino,Normal,Stage II,1,Dose High,
SUB-0910,S15,2025-11-22,2025-11-29,On Treatment,58,56-65,Female,White,Not Hispanic or Latino,Normal,Stage III,1,Placebo,
SUB-0911,S15,2025-12-14,2025-12-18,On Treatment,22,18-40,Male,Black or African American,Not Hispanic or Latino,Normal,Stage IV,0,Dose High,
SUB-0912,S15,2026-08-21,2026-09-08,On Treatment,41,41-55,Female,Not Reported,Not Hispanic or Latino,Overweight,Stage II,0,Dose Low,
SUB-0913,S15,2026-06-13,2026-06-29,On Treatment,22,18-40,Female,White,Not Hispanic or Latino,Obese,Stage III,0,Placebo,
SUB-0914,S16,2026-02-10,2026-02-28,Withdrawn,18,18-40,Male,White,Not Hispanic or Latino,Normal,Stage II,0,Dose Low,Physician Decision
SUB-0915,S16,2026-08-26,2026-09-03,Randomized,33,18-40,Male,Asian,Not Hispanic or Latino,Obese,Stage II,1,Dose Low,
SUB-0916,S16,2026-01-29,2026-02-05,On Treatment,70,65+,Female,White,Not Hispanic or Latino,Underweight,Stage III,3,Dose Low,
SUB-0917,S16,2025-10-09,2025-10-23,On Treatment,46,41-55,Female,White,Not Hispanic or Latino,Obese,Stage III,2,Placebo,
SUB-0918,S16,2026-02-26,2026-03-03,Withdrawn,23,18-40,Male,White,Not Hispanic or Latino,Obese,Stage IV,0,Dose Low,Protocol Violation
SUB-0919,S16,2025-07-28,2025-08-15,On Treatment,52,41-55,Female,Asian,Not Hispanic or Latino,Overweight,Stage IV,1,Placebo,
SUB-0920,S16,2026-04-28,2026-05-01,On Treatment,35,18-40,Male,White,Not Hispanic or Latino,Obese,Stage II,1,Placebo,
SUB-0921,S16,2025-07-15,2025-07-31,On Treatment,51,41-55,Male,White,Hispanic or Latino,Obese,Stage IV,1,Dose Low,
SUB-0922,S16,2025-08-29,,Screen Failure,32,18-40,Female,White,Not Hispanic or Latino,Normal,Stage II,1,,
SUB-0923,S16,2026-07-13,2026-07-31,Withdrawn,81,65+,Male,White,Not Hispanic or Latino,Overweight,Stage II,3,Dose Low,Consent Withdrawn
SUB-0924,S16,2025-10-01,2025-10-06,Withdrawn,35,18-40,Female,White,Not Hispanic or Latino,Normal,Stage III,3,Dose High,Consent Withdrawn
SUB-0925,S16,2026-02-04,2026-02-07,Randomized,25,18-40,Male,White,Not Hispanic or Latino,Overweight,Stage IV,1,Placebo,
SUB-0926,S16,2026-04-21,,Screen Failure,64,56-65,Female,Not Reported,Not Reported,Normal,Stage II,1,,
SUB-0927,S16,2025-09-27,,Screen Failure,74,65+,Female,Not Reported,Hispanic or Latino,Obese,Stage IV,1,,
SUB-0928,S16,2026-09-05,2026-09-17,On Treatment,33,18-40,Male,Asian,Not Hispanic or Latino,Overweight,Stage IV,0,Placebo,
SUB-0929,S16,2026-06-14,2026-06-29,Randomized,22,18-40,Female,White,Not Hispanic or Latino,Obese,Stage II,1,Dose High,
SUB-0930,S16,2025-10-12,2025-11-01,On Treatment,23,18-40,Male,White,Hispanic or Latino,Obese,Stage II,1,Dose High,
SUB-0931,S16,2025-09-17,2025-09-28,Completed,52,41-55,Female,White,Not Hispanic or Latino,Obese,Stage III,0,Dose High,
SUB-0932,S16,2025-10-03,2025-10-17,Completed,45,41-55,Male,Other,Not Hispanic or Latino,Normal,Stage II,1,Placebo,
SUB-0933,S16,2025-06-01,2025-06-16,Completed,74,65+,Male,Asian,Not Hispanic or Latino,Normal,Stage III,1,Dose High,
SUB-0934,S16,2025-12-18,2025-12-30,Completed,26,18-40,Male,Asian,Not Hispanic or Latino,Obese,Stage IV,0,Placebo,
SUB-0935,S16,2026-08-16,,Screen Failure,47,41-55,Female,Asian,Not Reported,Obese,Stage II,2,,
SUB-0936,S16,2026-08-29,2026-09-03,On Treatment,31,18-40,Female,White,Not Hispanic or Latino,Normal,Stage II,1,Placebo,
SUB-0937,S16,2026-03-05,2026-03-22,On Treatment,63,56-65,Female,Black or African American,Not Hispanic or Latino,Overweight,Stage IV,0,Dose High,
SUB-0938,S16,2025-11-22,,Screen Failure,35,18-40,Male,White,Not Reported,Underweight,Stage IV,2,,
SUB-0939,S16,2026-09-26,,Screen Failure,43,41-55,Male,White,Hispanic or Latino,Overweight,Stage IV,0,,
SUB-0940,S16,2026-09-11,2026-09-24,Withdrawn,60,56-65,Female,Other,Not Hispanic or Latino,Obese,Stage IV,0,Dose High,Consent Withdrawn
SUB-0941,S16,2025-12-12,,Screen Failure,76,65+,Female,White,Not Hispanic or Latino,Normal,Stage III,0,,
SUB-0942,S16,2025-08-16,2025-08-22,On Treatment,69,65+,Female,White,Not Hispanic or Latino,Overweight,Stage II,0,Dose High,
SUB-0943,S16,2026-08-24,2026-09-08,Withdrawn,22,18-40,Female,White,Not Hispanic or Latino,Normal,Stage III,1,Dose Low,Protocol Violation
SUB-0944,S16,2026-07-24,2026-07-30,On Treatment,52,41-55,Male,White,Not Hispanic or Latino,Obese,Stage III,1,Dose High,
SUB-0945,S16,2026-02-28,,Screen Failure,28,18-40,Male,Asian,Not Hispanic or Latino,Normal,Stage IV,0,,
SUB-0946,S16,2026-09-27,,Screen Failure,46,41-55,Male,Black or African American,Not Hispanic or Latino,Overweight,Stage II,0,,
SUB-0947,S16,2025-12-03,,Screen Failure,38,18-40,Female,White,Not Reported,Obese,Stage IV,0,,
SUB-0948,S16,2025-12-09,2025-12-24,On Treatment,48,41-55,Female,Not Reported,Not Hispanic or Latino,Overweight,Stage III,1,Placebo,
SUB-0949,S16,2026-01-15,2026-02-04,Withdrawn,47,41-55,Male,Black or African American,Not Hispanic or Latino,Normal,Stage II,0,Placebo,Consent Withdrawn
SUB-0950,S16,2026-05-01,2026-05-20,On Treatment,74,65+,Female,White,Not Hispanic or Latino,Underweight,Stage II,1,Dose Low,
SUB-0951,S16,2026-02-12,2026-02-16,On Treatment,66,65+,Female,White,Not Hispanic or Latino,Overweight,Stage IV,1,Dose High,
SUB-0952,S16,2026-05-14,2026-05-31,Withdrawn,47,41-55,Female,Black or African American,Hispanic or Latino,Obese,Stage III,1,Placebo,Protocol Violation
SUB-0953,S16,2026-07-25,2026-08-11,On Treatment,46,41-55,Female,White,Not Hispanic or Latino,Normal,Stage III,2,Dose Low,
SUB-0954,S16,2025-08-25,2025-09-07,Withdrawn,53,41-55,Male,White,Not Hispanic or Latino,Normal,Stage III,1,Dose High,Lost to Follow-up
SUB-0955,S16,2026-08-18,,Screen Failure,68,65+,Male,White,Not Hispanic or Latino,Obese,Stage IV,1,,
SUB-0956,S16,2026-02-11,2026-02-15,On Treatment,62,56-65,Male,Other,Not Reported,Overweight,Stage IV,0,Dose Low,
SUB-0957,S16,2026-03-19,2026-03-27,Withdrawn,28,18-40,Female,White,Not Hispanic or Latino,Obese,Stage II,3,Dose High,Physician Decision
SUB-0958,S16,2026-01-30,2026-02-02,On Treatment,56,56-65,Male,White,Not Hispanic or Latino,Overweight,Stage IV,2,Dose Low,
SUB-0959,S16,2026-02-22,2026-03-10,On Treatment,22,18-40,Female,White,Not Hispanic or Latino,Overweight,Stage II,3,Dose High,
SUB-0960,S16,2026-09-06,,Screen Failure,66,65+,Male,White,Not Hispanic or Latino,Overweight,Stage II,0,,
SUB-0961,S16,2025-11-26,2025-11-29,Completed,73,65+,Male,White,Not Hispanic or Latino,Obese,Stage II,2,Dose Low,
SUB-0962,S16,2025-07-10,2025-07-29,On Treatment,18,18-40,Male,White,Not Hispanic or Latino,Overweight,Stage II,1,Dose Low,
SUB-0963,S16,2026-05-24,2026-06-01,On Treatment,30,18-40,Female,Black or African American,Not Hispanic or Latino,Normal,Stage III,0,Dose High,
SUB-0964,S16,2026-04-05,,Screen Failure,53,41-55,Male,White,Not Hispanic or Latino,Overweight,Stage IV,1,,
SUB-0965,S16,2026-01-14,2026-01-21,On Treatment,30,18-40,Female,White,Not Hispanic or Latino,Normal,Stage III,1,Dose High,
SUB-0966,S16,2026-09-28,2026-09-29,On Treatment,67,65+,Male,White,Hispanic or Latino,Normal,Stage II,0,Placebo,
SUB-0967,S16,2026-07-14,2026-07-22,On Treatment,48,41-55,Female,White,Not Hispanic or Latino,Normal,Stage III,1,Placebo,
SUB-0968,S16,2025-09-08,2025-09-25,Completed,31,18-40,Female,Black or African American,Not Hispanic or Latino,Overweight,Stage IV,1,Placebo,
SUB-0969,S16,2026-01-21,2026-02-07,Randomized,46,41-55,Female,Black or African American,Not Hispanic or Latino,Normal,Stage II,0,Placebo,
SUB-0970,S16,2026-06-22,2026-07-10,Randomized,59,56-65,Male,White,Not Hispanic or Latino,Normal,Stage IV,1,Dose Low,
SUB-0971,S17,2026-09-02,2026-09-23,On Treatment,32,18-40,Female,White,Not Hispanic or Latino,Normal,Stage II,1,Dose High,
SUB-0972,S17,2026-09-25,2026-09-27,On Treatment,49,41-55,Male,Not Reported,Not Hispanic or Latino,Overweight,Stage III,2,Dose High,
SUB-0973,S17,2025-08-10,2025-08-31,On Treatment,28,18-40,Male,White,Hispanic or Latino,Obese,Stage III,1,Dose High,
SUB-0974,S17,2025-10-05,2025-10-16,On Treatment,69,65+,Male,White,Not Hispanic or Latino,Normal,Stage IV,2,Dose Low,
SUB-0975,S17,2026-08-03,2026-08-08,Withdrawn,40,18-40,Male,White,Not Hispanic or Latino,Overweight,Stage III,1,Dose High,Consent Withdrawn
SUB-0976,S17,2026-09-15,,Screen Failure,23,18-40,Male,White,Not Hispanic or Latino,Overweight,Stage III,0,,
SUB-0977,S17,2026-05-13,2026-05-24,Randomized,22,18-40,Male,White,Not Hispanic or Latino,Overweight,Stage IV,1,Placebo,
SUB-0978,S17,2026-08-22,2026-09-05,On Treatment,59,56-65,Male,White,Not Hispanic or Latino,Overweight,Stage II,2,Placebo,
SUB-0979,S17,2026-03-25,,Screen Failure,33,18-40,Male,Asian,Not Hispanic or Latino,Normal,Stage II,1,,
SUB-0980,S17,2026-02-15,2026-02-26,Completed,28,18-40,Male,White,Not Hispanic or Latino,Normal,Stage III,0,Placebo,
SUB-0981,S17,2026-03-19,2026-04-05,On Treatment,47,41-55,Male,White,Hispanic or Latino,Normal,Stage IV,3,Dose Low,
SUB-0982,S17,2026-08-21,,Screen Failure,63,56-65,Male,White,Not Reported,Normal,Stage IV,0,,
SUB-0983,S17,2025-12-09,,Screen Failure,69,65+,Male,White,Not Hispanic or Latino,Overweight,Stage III,2,,
SUB-0984,S17,2026-09-16,2026-09-20,Completed,30,18-40,Female,White,Not Reported,Obese,Stage II,1,Placebo,
SUB-0985,S17,2026-03-13,2026-03-21,Completed,24,18-40,Male,White,Not Hispanic or Latino,Overweight,Stage IV,3,Dose High,
SUB-0986,S17,2026-08-23,2026-08-30,Completed,51,41-55,Male,Black or African American,Not Hispanic or Latino,Overweight,Stage IV,1,Dose Low,
SUB-0987,S17,2026-06-08,2026-06-13,On Treatment,79,65+,Male,White,Not Hispanic or Latino,Overweight,Stage III,0,Dose Low,
SUB-0988,S17,2026-09-28,2026-09-22,Withdrawn,28,18-40,Male,Asian,Hispanic or Latino,Obese,Stage IV,1,Dose Low,Physician Decision
SUB-0989,S17,2026-09-07,2026-09-22,On Treatment,35,18-40,Female,Asian,Not Hispanic or Latino,Overweight,Stage IV,1,Dose Low,
SUB-0990,S17,2025-10-06,2025-10-25,On Treatment,37,18-40,Female,White,Not Hispanic or Latino,Obese,Stage II,1,Dose Low,
SUB-0991,S17,2026-09-29,2026-09-20,On Treatment,60,56-65,Female,Black or African American,Not Hispanic or Latino,Obese,Stage II,3,Dose High,
SUB-0992,S17,2025-09-23,2025-10-09,On Treatment,57,56-65,Female,Black or African American,Not Reported,Normal,Stage IV,0,Dose Low,
SUB-0993,S17,2025-11-12,2025-11-25,On Treatment,47,41-55,Female,White,Not Hispanic or Latino,Normal,Stage IV,1,Dose High,
SUB-0994,S17,2025-09-01,,Screen Failure,23,18-40,Male,Other,Not Hispanic or Latino,Normal,Stage III,0,,
SUB-0995,S17,2025-08-14,2025-08-21,On Treatment,42,41-55,Female,Not Reported,Not Hispanic or Latino,Obese,Stage II,1,Placebo,
SUB-0996,S17,2026-03-01,2026-03-17,On Treatment,75,65+,Female,White,Not Hispanic or Latino,Overweight,Stage II,2,Dose High,
SUB-0997,S17,2025-10-28,2025-11-13,Completed,20,18-40,Female,White,Not Hispanic or Latino,Overweight,Stage II,1,Dose Low,
SUB-0998,S17,2025-12-25,2026-01-06,Randomized,38,18-40,Female,Asian,Not Hispanic or Latino,Obese,Stage III,1,Placebo,
SUB-0999,S17,2026-08-27,2026-09-14,On Treatment,26,18-40,Female,White,Not Hispanic or Latino,Underweight,Stage IV,1,Dose Low,
SUB-1000,S17,2025-09-05,,Screen Failure,35,18-40,Female,White,Not Hispanic or Latino,Overweight,Stage II,1,,
SUB-1001,S17,2026-01-27,2026-02-17,On Treatment,33,18-40,Female,White,Hispanic or Latino,Normal,Stage II,1,Dose High,
SUB-1002,S17,2025-10-15,2025-10-29,Completed,38,18-40,Female,White,Not Hispanic or Latino,Obese,Stage II,0,Dose Low,
SUB-1003,S17,2026-02-15,2026-02-27,On Treatment,63,56-65,Female,White,Not Hispanic or Latino,Normal,Stage III,2,Dose High,
SUB-1004,S17,2026-09-26,2026-09-27,On Treatment,38,18-40,Male,Asian,Hispanic or Latino,Normal,Stage II,1,Dose Low,
SUB-1005,S17,2026-05-02,2026-05-13,Withdrawn,42,41-55,Female,Asian,Not Hispanic or Latino,Normal,Stage III,1,Placebo,Lost to Follow-up
SUB-1006,S17,2026-02-10,2026-03-03,On Treatment,75,65+,Female,White,Not Hispanic or Latino,Underweight,Stage II,0,Placebo,
SUB-1007,S17,2026-03-13,2026-04-03,Completed,26,18-40,Male,White,Not Hispanic or Latino,Overweight,Stage IV,2,Placebo,
SUB-1008,S17,2025-11-20,2025-12-08,On Treatment,47,41-55,Female,White,Not Hispanic or Latino,Overweight,Stage II,2,Placebo,
SUB-1009,S17,2026-03-15,,Screen Failure,34,18-40,Female,White,Not Hispanic or Latino,Obese,Stage II,1,,
SUB-1010,S17,2026-09-28,2026-09-26,Withdrawn,79,65+,Male,White,Not Hispanic or Latino,Normal,Stage IV,1,Placebo,Consent Withdrawn
SUB-1011,S17,2025-08-17,2025-08-29,Completed,41,41-55,Female,Black or African American,Hispanic or Latino,Normal,Stage II,1,Placebo,
SUB-1012,S17,2025-10-28,2025-11-07,On Treatment,33,18-40,Female,Black or African American,Not Hispanic or Latino,Normal,Stage II,0,Placebo,
SUB-1013,S17,2026-02-12,2026-02-19,On Treatment,21,18-40,Male,Black or African American,Not Hispanic or Latino,Obese,Stage IV,1,Dose High,
SUB-1014,S17,2026-09-28,2026-09-24,Completed,77,65+,Female,White,Not Hispanic or Latino,Obese,Stage IV,0,Placebo,
SUB-1015,S17,2026-09-30,2026-09-28,On Treatment,57,56-65,Female,Asian,Not Hispanic or Latino,Normal,Stage III,0,Dose Low,
SUB-1016,S17,2026-09-12,2026-09-20,On Treatment,72,65+,Male,White,Not Hispanic or Latino,Obese,Stage II,1,Dose High,
SUB-1017,S17,2026-06-03,2026-06-09,On Treatment,24,18-40,Female,White,Not Reported,Obese,Stage III,1,Dose Low,
SUB-1018,S17,2026-09-27,2026-09-27,Withdrawn,78,65+,Female,Not Reported,Not Hispanic or Latino,Normal,Stage IV,1,Placebo,Consent Withdrawn
SUB-1019,S17,2025-12-18,2025-12-21,On Treatment,28,18-40,Male,Asian,Not Hispanic or Latino,Overweight,Stage II,1,Dose High,
SUB-1020,S17,2025-08-01,2025-08-20,On Treatment,50,41-55,Female,White,Not Hispanic or Latino,Obese,Stage IV,2,Dose High,
SUB-1021,S17,2026-09-20,2026-09-29,Completed,60,56-65,Female,Other,Not Hispanic or Latino,Underweight,Stage IV,1,Dose High,
SUB-1022,S17,2026-06-02,2026-06-18,On Treatment,44,41-55,Female,Not Reported,Not Hispanic or Latino,Overweight,Stage II,2,Dose High,
SUB-1023,S17,2026-08-05,,Screen Failure,75,65+,Female,Black or African American,Not Hispanic or Latino,Normal,Stage III,3,,
SUB-1024,S17,2026-01-06,2026-01-15,On Treatment,40,18-40,Female,White,Not Hispanic or Latino,Overweight,Stage II,0,Dose High,
SUB-1025,S17,2025-09-13,,Screened,36,18-40,Male,Other,Hispanic or Latino,Obese,Stage IV,1,,
SUB-1026,S17,2026-01-05,2026-01-26,On Treatment,48,41-55,Male,White,Not Hispanic or Latino,Normal,Stage III,1,Dose High,
SUB-1027,S18,2025-11-11,2025-11-29,On Treatment,31,18-40,Female,Black or African American,Not Hispanic or Latino,Normal,Stage II,1,Dose High,
SUB-1028,S18,2026-04-25,2026-05-10,On Treatment,61,56-65,Male,Asian,Not Hispanic or Latino,Obese,Stage II,3,Dose Low,
SUB-1029,S18,2026-01-19,2026-02-08,On Treatment,28,18-40,Female,Other,Not Hispanic or Latino,Normal,Stage III,2,Placebo,
SUB-1030,S18,2026-04-02,2026-04-23,Completed,39,18-40,Female,White,Not Hispanic or Latino,Normal,Stage III,1,Dose High,
SUB-1031,S18,2025-10-11,2025-10-23,Completed,71,65+,Female,White,Not Hispanic or Latino,Obese,Stage II,0,Dose Low,
SUB-1032,S18,2026-07-23,2026-08-12,Completed,20,18-40,Female,White,Hispanic or Latino,Normal,Stage II,1,Dose High,
SUB-1033,S18,2025-09-09,2025-09-20,Withdrawn,63,56-65,Male,White,Not Hispanic or Latino,Normal,Stage II,1,Dose High,Lost to Follow-up
SUB-1034,S18,2025-10-02,2025-10-17,On Treatment,48,41-55,Male,Other,Not Hispanic or Latino,Normal,Stage III,2,Dose Low,
SUB-1035,S18,2025-07-21,2025-07-27,On Treatment,42,41-55,Male,White,Hispanic or Latino,Overweight,Stage IV,0,Dose Low,
SUB-1036,S18,2026-09-09,,Screen Failure,51,41-55,Male,White,Not Hispanic or Latino,Obese,Stage IV,2,,
SUB-1037,S18,2026-09-17,2026-09-27,On Treatment,58,56-65,Female,White,Not Hispanic or Latino,Underweight,Stage III,2,Dose Low,
SUB-1038,S18,2026-02-14,2026-02-19,On Treatment,25,18-40,Female,White,Hispanic or Latino,Obese,Stage IV,3,Placebo,
SUB-1039,S18,2026-07-16,2026-08-06,On Treatment,32,18-40,Male,Black or African American,Not Hispanic or Latino,Obese,Stage II,0,Dose High,
SUB-1040,S18,2025-09-10,2025-09-25,Completed,80,65+,Female,White,Not Hispanic or Latino,Obese,Stage III,0,Dose High,
SUB-1041,S18,2026-08-29,2026-09-13,On Treatment,82,65+,Female,Not Reported,Not Hispanic or Latino,Obese,Stage III,3,Dose High,
SUB-1042,S18,2026-09-21,2026-09-25,On Treatment,20,18-40,Male,Black or African American,Not Hispanic or Latino,Normal,Stage III,1,Dose Low,
SUB-1043,S18,2026-02-27,2026-03-20,On Treatment,40,18-40,Female,Asian,Not Hispanic or Latino,Overweight,Stage III,2,Dose Low,
SUB-1044,S18,2025-09-17,2025-10-05,On Treatment,25,18-40,Male,White,Not Hispanic or Latino,Normal,Stage III,1,Dose Low,
SUB-1045,S18,2026-09-01,2026-09-14,On Treatment,47,41-55,Female,White,Not Hispanic or Latino,Overweight,Stage II,0,Dose High,
SUB-1046,S18,2026-03-18,,Screen Failure,59,56-65,Female,White,Not Hispanic or Latino,Overweight,Stage II,1,,
SUB-1047,S18,2025-07-07,,Screen Failure,53,41-55,Male,White,Not Hispanic or Latino,Normal,Stage III,2,,
SUB-1048,S18,2026-07-28,2026-08-08,Completed,35,18-40,Female,Asian,Hispanic or Latino,Obese,Stage II,1,Placebo,
SUB-1049,S18,2026-07-08,2026-07-27,On Treatment,46,41-55,Female,White,Not Reported,Obese,Stage IV,0,Placebo,
SUB-1050,S18,2026-09-15,2026-09-20,Completed,32,18-40,Male,White,Not Hispanic or Latino,Normal,Stage III,0,Placebo,
SUB-1051,S18,2026-03-05,2026-03-14,On Treatment,59,56-65,Female,White,Not Hispanic or Latino,Obese,Stage II,2,Dose High,
SUB-1052,S18,2025-11-27,2025-12-15,Randomized,44,41-55,Female,Not Reported,Hispanic or Latino,Normal,Stage IV,0,Dose Low,
SUB-1053,S18,2026-05-11,2026-05-30,On Treatment,52,41-55,Female,White,Not Hispanic or Latino,Overweight,Stage III,2,Dose High,
SUB-1054,S18,2026-05-03,2026-05-10,Withdrawn,52,41-55,Female,Not Reported,Hispanic or Latino,Normal,Stage II,0,Dose Low,Lost to Follow-up
SUB-1055,S18,2025-09-08,2025-09-15,On Treatment,51,41-55,Female,White,Not Hispanic or Latino,Overweight,Stage IV,0,Dose High,
SUB-1056,S18,2026-09-06,2026-09-19,On Treatment,31,18-40,Male,White,Not Hispanic or Latino,Overweight,Stage IV,0,Placebo,
SUB-1057,S18,2026-09-12,2026-09-21,On Treatment,33,18-40,Female,White,Not Hispanic or Latino,Normal,Stage II,1,Dose Low,
SUB-1058,S18,2025-10-24,,Screen Failure,54,41-55,Male,Black or African American,Not Hispanic or Latino,Normal,Stage IV,0,,
SUB-1059,S18,2026-04-13,2026-04-29,On Treatment,18,18-40,Female,White,Not Hispanic or Latino,Normal,Stage III,2,Placebo,
SUB-1060,S18,2025-09-19,2025-09-30,On Treatment,34,18-40,Male,White,Not Hispanic or Latino,Normal,Stage II,1,Dose High,
SUB-1061,S18,2025-11-16,2025-11-19,On Treatment,54,41-55,Male,White,Not Hispanic or Latino,Overweight,Stage III,1,Dose Low,
SUB-1062,S18,2025-11-02,2025-11-11,Completed,43,41-55,Female,Not Reported,Not Hispanic or Latino,Overweight,Stage III,0,Dose Low,
SUB-1063,S18,2026-04-30,2026-05-16,On Treatment,75,65+,Female,White,Not Hispanic or Latino,Normal,Stage II,0,Dose Low,
SUB-1064,S18,2025-10-19,,Screen Failure,70,65+,Male,White,Not Hispanic or Latino,Normal,Stage III,3,,
SUB-1065,S18,2026-04-23,2026-04-29,Withdrawn,33,18-40,Male,White,Not Hispanic or Latino,Overweight,Stage II,0,Placebo,Consent Withdrawn
SUB-1066,S18,2025-12-15,2025-12-21,On Treatment,59,56-65,Female,White,Not Hispanic or Latino,Overweight,Stage III,0,Dose High,
SUB-1067,S18,2025-12-23,2025-12-29,Withdrawn,30,18-40,Female,White,Not Reported,Obese,Stage IV,0,Dose Low,Consent Withdrawn
SUB-1068,S18,2026-02-19,2026-03-01,On Treatment,20,18-40,Female,White,Not Hispanic or Latino,Normal,Stage II,1,Placebo,
SUB-1069,S18,2026-09-07,,Screen Failure,32,18-40,Female,Other,Not Hispanic or Latino,Normal,Stage IV,3,,
SUB-1070,S18,2026-08-29,2026-09-18,On Treatment,18,18-40,Male,Not Reported,Not Hispanic or Latino,Obese,Stage IV,0,Dose High,
SUB-1071,S18,2025-07-17,2025-07-26,On Treatment,21,18-40,Male,White,Not Hispanic or Latino,Normal,Stage III,0,Dose Low,
SUB-1072,S18,2025-09-23,2025-10-11,Completed,42,41-55,Male,White,Not Hispanic or Latino,Overweight,Stage IV,0,Dose High,
SUB-1073,S18,2026-05-27,,Screen Failure,35,18-40,Female,White,Not Hispanic or Latino,Obese,Stage III,1,,
SUB-1074,S18,2026-03-20,2026-04-06,On Treatment,30,18-40,Male,White,Not Hispanic or Latino,Underweight,Stage II,1,Placebo,
SUB-1075,S18,2025-08-28,2025-09-03,On Treatment,19,18-40,Male,White,Not Hispanic or Latino,Overweight,Stage IV,0,Placebo,
SUB-1076,S18,2025-12-13,2025-12-30,On Treatment,32,18-40,Female,White,Not Hispanic or Latino,Obese,Stage II,1,Dose Low,
SUB-1077,S18,2025-10-24,2025-11-08,Withdrawn,37,18-40,Male,White,Not Hispanic or Latino,Underweight,Stage II,3,Dose Low,Lost to Follow-up
SUB-1078,S18,2026-02-09,,Screen Failure,32,18-40,Male,White,Not Hispanic or Latino,Normal,Stage III,0,,
SUB-1079,S18,2025-11-13,,Screen Failure,27,18-40,Male,White,Not Hispanic or Latino,Normal,Stage IV,1,,
SUB-1080,S18,2025-11-19,2025-12-04,On Treatment,24,18-40,Female,Asian,Not Hispanic or Latino,Obese,Stage IV,1,Dose Low,
SUB-1081,S18,2025-08-28,,Screen Failure,50,41-55,Female,Black or African American,Not Hispanic or Latino,Obese,Stage II,0,,
SUB-1082,S18,2026-01-10,2026-01-19,On Treatment,74,65+,Male,Black or African American,Not Hispanic or Latino,Obese,Stage III,1,Placebo,
SUB-1083,S18,2025-10-02,2025-10-16,On Treatment,44,41-55,Female,Black or African American,Not Hispanic or Latino,Obese,Stage IV,1,Dose Low,
SUB-1084,S18,2026-01-11,2026-01-16,Randomized,66,65+,Female,Black or African American,Not Hispanic or Latino,Normal,Stage IV,0,Dose Low,
SUB-1085,S18,2025-12-05,2025-12-20,On Treatment,43,41-55,Male,Other,Not Hispanic or Latino,Normal,Stage IV,1,Dose High,
SUB-1086,S18,2026-06-23,2026-07-13,On Treatment,28,18-40,Male,Asian,Not Hispanic or Latino,Underweight,Stage IV,1,Dose Low,
SUB-1087,S18,2026-05-16,2026-05-28,On Treatment,55,41-55,Female,White,Not Hispanic or Latino,Overweight,Stage II,0,Dose Low,
SUB-1088,S18,2025-09-30,,Screen Failure,22,18-40,Male,Asian,Not Hispanic or Latino,Normal,Stage IV,2,,
SUB-1089,S18,2026-09-12,2026-09-18,On Treatment,33,18-40,Female,Asian,Hispanic or Latino,Normal,Stage II,0,Dose Low,
SUB-1090,S18,2026-08-17,2026-08-27,Withdrawn,76,65+,Male,White,Not Hispanic or Latino,Normal,Stage IV,2,Placebo,Adverse Event
SUB-1091,S18,2026-08-15,2026-08-21,Completed,22,18-40,Male,White,Not Hispanic or Latino,Overweight,Stage IV,0,Placebo,
SUB-1092,S18,2026-01-17,2026-02-03,Completed,32,18-40,Female,White,Not Hispanic or Latino,Overweight,Stage II,1,Dose Low,
SUB-1093,S19,2026-05-25,2026-06-08,On Treatment,43,41-55,Male,White,Not Hispanic or Latino,Obese,Stage IV,2,Dose High,
SUB-1094,S19,2025-07-11,2025-07-27,On Treatment,56,56-65,Male,White,Not Reported,Overweight,Stage IV,1,Placebo,
SUB-1095,S19,2026-08-13,2026-08-24,On Treatment,73,65+,Female,White,Not Hispanic or Latino,Overweight,Stage IV,1,Placebo,
SUB-1096,S19,2026-02-27,2026-03-02,Randomized,45,41-55,Female,White,Not Reported,Normal,Stage IV,1,Dose Low,
SUB-1097,S19,2026-08-04,,Screen Failure,77,65+,Female,White,Hispanic or Latino,Obese,Stage II,2,,
SUB-1098,S19,2026-09-07,,Screen Failure,81,65+,Female,Other,Not Hispanic or Latino,Overweight,Stage III,2,,
SUB-1099,S19,2025-11-22,2025-12-07,On Treatment,54,41-55,Male,White,Hispanic or Latino,Obese,Stage IV,3,Dose Low,
SUB-1100,S19,2026-01-31,2026-02-07,On Treatment,63,56-65,Female,Other,Not Hispanic or Latino,Normal,Stage II,1,Dose Low,
SUB-1101,S19,2025-12-20,,Screen Failure,68,65+,Male,White,Not Hispanic or Latino,Normal,Stage II,0,,
SUB-1102,S19,2025-12-25,2025-12-30,On Treatment,45,41-55,Male,White,Not Hispanic or Latino,Overweight,Stage III,1,Dose High,
SUB-1103,S19,2025-11-18,2025-11-25,On Treatment,73,65+,Male,Asian,Not Hispanic or Latino,Overweight,Stage III,0,Dose Low,
SUB-1104,S19,2026-01-18,2026-02-04,On Treatment,42,41-55,Female,White,Not Hispanic or Latino,Underweight,Stage III,1,Dose Low,
SUB-1105,S19,2025-08-20,2025-08-29,Completed,46,41-55,Male,White,Not Reported,Normal,Stage II,1,Dose High,
SUB-1106,S19,2026-07-28,2026-08-01,On Treatment,34,18-40,Female,Asian,Not Hispanic or Latino,Obese,Stage IV,0,Dose High,
SUB-1107,S19,2026-05-20,2026-06-08,Randomized,65,56-65,Female,White,Not Hispanic or Latino,Normal,Stage II,2,Dose High,
SUB-1108,S19,2025-07-03,2025-07-20,On Treatment,29,18-40,Female,Not Reported,Not Hispanic or Latino,Normal,Stage IV,0,Placebo,
SUB-1109,S19,2026-04-08,2026-04-13,Completed,45,41-55,Male,Black or African American,Not Reported,Normal,Stage III,2,Placebo,
SUB-1110,S19,2025-08-09,2025-08-12,Randomized,46,41-55,Male,White,Not Hispanic or Latino,Overweight,Stage III,1,Placebo,
SUB-1111,S19,2026-01-19,2026-02-03,On Treatment,28,18-40,Male,White,Not Hispanic or Latino,Overweight,Stage IV,2,Dose Low,
SUB-1112,S19,2025-06-18,2025-06-23,On Treatment,54,41-55,Female,White,Not Hispanic or Latino,Normal,Stage III,0,Placebo,
SUB-1113,S19,2026-03-30,2026-04-08,On Treatment,45,41-55,Male,Black or African American,Hispanic or Latino,Overweight,Stage II,1,Placebo,
SUB-1114,S19,2025-06-19,2025-06-29,Withdrawn,63,56-65,Female,White,Not Hispanic or Latino,Normal,Stage III,3,Dose High,Lost to Follow-up
SUB-1115,S19,2025-07-18,,Screen Failure,31,18-40,Male,White,Hispanic or Latino,Normal,Stage II,0,,
SUB-1116,S19,2026-04-03,2026-04-11,Randomized,38,18-40,Male,White,Not Hispanic or Latino,Overweight,Stage III,0,Placebo,
SUB-1117,S19,2026-06-13,2026-06-23,On Treatment,79,65+,Female,White,Not Hispanic or Latino,Normal,Stage III,3,Placebo,
SUB-1118,S19,2025-08-21,2025-09-03,Withdrawn,42,41-55,Female,White,Not Hispanic or Latino,Obese,Stage III,1,Placebo,Lost to Follow-up
SUB-1119,S19,2025-07-04,2025-07-19,On Treatment,29,18-40,Female,White,Not Hispanic or Latino,Normal,Stage III,1,Placebo,
SUB-1120,S19,2025-05-11,2025-05-31,Randomized,64,56-65,Male,Black or African American,Not Reported,Normal,Stage III,1,Placebo,
SUB-1121,S19,2025-11-13,2025-11-27,On Treatment,41,41-55,Female,White,Not Hispanic or Latino,Obese,Stage IV,0,Dose Low,
SUB-1122,S19,2025-08-06,2025-08-11,Randomized,53,41-55,Female,White,Not Hispanic or Latino,Overweight,Stage III,2,Dose High,
SUB-1123,S19,2025-06-16,2025-06-28,On Treatment,54,41-55,Female,White,Not Hispanic or Latino,Underweight,Stage IV,2,Dose High,
SUB-1124,S19,2026-02-16,2026-02-19,Completed,61,56-65,Male,White,Not Hispanic or Latino,Normal,Stage II,0,Dose High,
SUB-1125,S19,2026-04-01,2026-04-21,Withdrawn,75,65+,Female,White,Not Hispanic or Latino,Normal,Stage III,1,Dose High,Protocol Violation
SUB-1126,S19,2026-07-04,,Screened,63,56-65,Female,White,Not Hispanic or Latino,Overweight,Stage II,0,,
SUB-1127,S19,2026-05-01,,Screen Failure,58,56-65,Female,White,Not Reported,Obese,Stage IV,0,,
SUB-1128,S19,2026-01-04,2026-01-18,On Treatment,63,56-65,Female,White,Not Hispanic or Latino,Normal,Stage II,0,Dose High,
SUB-1129,S19,2025-06-24,2025-07-09,On Treatment,56,56-65,Male,Not Reported,Not Hispanic or Latino,Normal,Stage II,0,Dose High,
SUB-1130,S19,2026-07-31,2026-08-20,Randomized,69,65+,Male,White,Hispanic or Latino,Obese,Stage III,0,Placebo,
SUB-1131,S19,2026-06-25,2026-07-12,Randomized,33,18-40,Male,White,Not Hispanic or Latino,Normal,Stage IV,2,Placebo,
SUB-1132,S19,2026-05-26,2026-06-02,On Treatment,40,18-40,Male,White,Not Hispanic or Latino,Normal,Stage II,1,Dose Low,
SUB-1133,S19,2026-02-22,2026-03-15,On Treatment,55,41-55,Male,White,Not Hispanic or Latino,Normal,Stage II,1,Dose High,
SUB-1134,S19,2026-08-04,2026-08-21,Withdrawn,38,18-40,Male,White,Not Hispanic or Latino,Overweight,Stage IV,2,Placebo,Consent Withdrawn
SUB-1135,S19,2026-04-06,2026-04-21,On Treatment,73,65+,Female,Black or African American,Not Hispanic or Latino,Normal,Stage III,0,Dose Low,
SUB-1136,S19,2025-06-16,2025-07-02,Randomized,66,65+,Female,Asian,Not Hispanic or Latino,Underweight,Stage III,3,Placebo,
SUB-1137,S19,2026-01-16,,Screen Failure,54,41-55,Female,White,Hispanic or Latino,Normal,Stage IV,2,,
SUB-1138,S19,2026-03-07,2026-03-13,On Treatment,35,18-40,Male,White,Hispanic or Latino,Overweight,Stage II,2,Dose High,
SUB-1139,S19,2025-10-30,2025-11-12,Withdrawn,53,41-55,Male,White,Not Reported,Obese,Stage III,0,Placebo,Protocol Violation
SUB-1140,S19,2025-11-18,2025-12-04,Randomized,52,41-55,Female,Black or African American,Not Hispanic or Latino,Normal,Stage III,1,Dose High,
SUB-1141,S19,2026-09-21,2026-09-26,On Treatment,52,41-55,Female,Asian,Hispanic or Latino,Overweight,Stage II,2,Placebo,
SUB-1142,S19,2025-11-18,2025-12-06,On Treatment,64,56-65,Female,White,Not Hispanic or Latino,Normal,Stage III,0,Placebo,
SUB-1143,S19,2025-06-25,2025-07-01,Randomized,42,41-55,Female,White,Not Hispanic or Latino,Normal,Stage II,1,Dose Low,
SUB-1144,S19,2026-08-22,2026-09-12,Withdrawn,26,18-40,Male,White,Not Hispanic or Latino,Overweight,Stage III,2,Dose Low,Protocol Violation
SUB-1145,S20,2026-03-16,,Screen Failure,26,18-40,Male,White,Not Hispanic or Latino,Overweight,Stage IV,0,,
SUB-1146,S20,2026-01-12,2026-01-18,On Treatment,68,65+,Male,Black or African American,Hispanic or Latino,Overweight,Stage III,0,Placebo,
SUB-1147,S20,2026-03-24,2026-04-14,Completed,60,56-65,Female,White,Not Reported,Obese,Stage IV,3,Dose High,
SUB-1148,S20,2025-10-25,,Screen Failure,43,41-55,Female,White,Not Hispanic or Latino,Obese,Stage IV,1,,
SUB-1149,S20,2026-03-13,2026-03-29,On Treatment,76,65+,Male,White,Hispanic or Latino,Normal,Stage II,0,Dose High,
SUB-1150,S20,2026-03-26,,Screen Failure,18,18-40,Female,Black or African American,Not Hispanic or Latino,Obese,Stage IV,0,,
SUB-1151,S20,2025-10-09,2025-10-15,Completed,39,18-40,Male,Asian,Not Hispanic or Latino,Overweight,Stage II,2,Dose Low,
SUB-1152,S20,2026-09-19,2026-09-28,Withdrawn,70,65+,Female,White,Not Hispanic or Latino,Overweight,Stage II,0,Dose High,Lost to Follow-up
SUB-1153,S20,2026-09-08,,Screen Failure,78,65+,Female,Not Reported,Not Hispanic or Latino,Obese,Stage III,2,,
SUB-1154,S20,2026-08-25,2026-09-03,On Treatment,34,18-40,Male,White,Not Hispanic or Latino,Normal,Stage II,0,Dose High,
SUB-1155,S20,2025-10-23,2025-10-30,Completed,52,41-55,Female,Not Reported,Not Hispanic or Latino,Normal,Stage IV,0,Dose Low,
SUB-1156,S20,2025-07-29,,Screen Failure,33,18-40,Male,Asian,Not Hispanic or Latino,Normal,Stage II,1,,
SUB-1157,S20,2026-06-27,2026-07-15,On Treatment,30,18-40,Male,Black or African American,Not Hispanic or Latino,Overweight,Stage II,2,Placebo,
SUB-1158,S20,2025-11-06,2025-11-10,On Treatment,52,41-55,Male,White,Not Hispanic or Latino,Obese,Stage IV,1,Dose High,
SUB-1159,S20,2026-05-30,,Screen Failure,63,56-65,Female,White,Not Hispanic or Latino,Underweight,Stage IV,0,,
SUB-1160,S20,2026-01-14,2026-01-19,On Treatment,54,41-55,Male,Other,Not Reported,Normal,Stage IV,0,Dose High,
SUB-1161,S20,2025-10-12,,Screen Failure,52,41-55,Female,White,Not Hispanic or Latino,Normal,Stage III,0,,
SUB-1162,S20,2025-09-07,2025-09-13,On Treatment,31,18-40,Male,White,Not Hispanic or Latino,Obese,Stage III,0,Placebo,
SUB-1163,S20,2025-11-21,2025-12-06,On Treatment,66,65+,Female,White,Not Hispanic or Latino,Underweight,Stage II,0,Dose Low,
SUB-1164,S20,2026-02-07,2026-02-18,On Treatment,23,18-40,Male,Not Reported,Not Hispanic or Latino,Underweight,Stage II,1,Dose Low,
SUB-1165,S20,2026-08-31,2026-09-06,On Treatment,19,18-40,Male,White,Hispanic or Latino,Obese,Stage II,3,Placebo,
SUB-1166,S20,2026-01-07,,Screen Failure,37,18-40,Male,White,Not Hispanic or Latino,Underweight,Stage IV,0,,
SUB-1167,S20,2026-09-26,,Screen Failure,62,56-65,Male,White,Not Hispanic or Latino,Normal,Stage III,2,,
SUB-1168,S20,2025-09-22,2025-09-25,On Treatment,80,65+,Male,White,Not Hispanic or Latino,Obese,Stage III,1,Placebo,
SUB-1169,S20,2026-07-27,2026-08-09,On Treatment,56,56-65,Male,Asian,Not Hispanic or Latino,Normal,Stage II,2,Dose Low,
SUB-1170,S20,2025-09-19,,Screen Failure,25,18-40,Female,Asian,Not Hispanic or Latino,Obese,Stage III,1,,
SUB-1171,S20,2026-04-09,2026-04-22,On Treatment,60,56-65,Male,White,Not Hispanic or Latino,Overweight,Stage III,1,Dose High,
SUB-1172,S20,2026-08-18,2026-08-24,On Treatment,68,65+,Female,White,Not Hispanic or Latino,Overweight,Stage II,2,Dose High,
SUB-1173,S20,2026-09-09,2026-09-29,On Treatment,71,65+,Female,Asian,Not Hispanic or Latino,Overweight,Stage III,0,Placebo,
SUB-1174,S20,2026-05-14,,Screen Failure,47,41-55,Male,White,Not Hispanic or Latino,Obese,Stage III,1,,
SUB-1175,S20,2025-11-05,2025-11-10,Completed,37,18-40,Male,Asian,Not Hispanic or Latino,Overweight,Stage II,0,Placebo,
SUB-1176,S20,2025-11-07,2025-11-12,On Treatment,53,41-55,Male,White,Hispanic or Latino,Overweight,Stage II,0,Dose Low,
SUB-1177,S20,2026-09-02,2026-09-08,Completed,25,18-40,Male,Black or African American,Hispanic or Latino,Overweight,Stage IV,1,Dose Low,
SUB-1178,S20,2025-11-22,,Screened,66,65+,Male,White,Not Hispanic or Latino,Overweight,Stage IV,0,,
SUB-1179,S20,2025-08-08,,Screen Failure,32,18-40,Female,Black or African American,Not Hispanic or Latino,Normal,Stage IV,1,,
SUB-1180,S20,2026-08-27,,Screen Failure,26,18-40,Male,White,Not Hispanic or Latino,Overweight,Stage III,1,,
SUB-1181,S20,2026-08-29,,Screen Failure,29,18-40,Female,White,Not Hispanic or Latino,Overweight,Stage III,1,,
SUB-1182,S20,2026-09-06,2026-09-09,Withdrawn,30,18-40,Female,White,Not Hispanic or Latino,Overweight,Stage II,1,Placebo,Physician Decision
SUB-1183,S20,2026-01-06,2026-01-09,Randomized,69,65+,Female,White,Not Reported,Overweight,Stage II,0,Dose High,
SUB-1184,S20,2026-04-14,,Screen Failure,21,18-40,Female,Black or African American,Hispanic or Latino,Overweight,Stage II,3,,
SUB-1185,S20,2026-03-19,2026-04-03,Withdrawn,20,18-40,Male,White,Not Hispanic or Latino,Obese,Stage IV,0,Placebo,Physician Decision
SUB-1186,S20,2026-01-07,2026-01-27,On Treatment,48,41-55,Female,White,Not Reported,Underweight,Stage III,3,Dose High,
SUB-1187,S20,2026-08-27,2026-09-13,Withdrawn,31,18-40,Female,Black or African American,Not Reported,Obese,Stage IV,1,Placebo,Consent Withdrawn
SUB-1188,S20,2026-04-06,2026-04-27,On Treatment,44,41-55,Female,White,Hispanic or Latino,Normal,Stage IV,1,Dose High,
SUB-1189,S20,2026-08-31,2026-09-07,Randomized,66,65+,Female,White,Not Hispanic or Latino,Obese,Stage III,2,Dose High,
SUB-1190,S20,2025-07-16,2025-07-25,On Treatment,34,18-40,Male,Black or African American,Hispanic or Latino,Normal,Stage II,0,Dose Low,
SUB-1191,S20,2025-08-04,2025-08-18,On Treatment,73,65+,Male,White,Hispanic or Latino,Obese,Stage III,1,Dose Low,
SUB-1192,S20,2025-12-24,,Screened,35,18-40,Female,Black or African American,Not Hispanic or Latino,Overweight,Stage IV,0,,
SUB-1193,S20,2026-09-28,,Screen Failure,78,65+,Female,White,Not Hispanic or Latino,Overweight,Stage IV,0,,
SUB-1194,S20,2025-12-03,2025-12-07,On Treatment,56,56-65,Female,Asian,Not Hispanic or Latino,Obese,Stage II,3,Dose Low,
SUB-1195,S20,2026-04-22,2026-05-02,On Treatment,21,18-40,Female,White,Not Hispanic or Latino,Normal,Stage II,1,Placebo,
SUB-1196,S20,2025-09-10,2025-09-25,On Treatment,43,41-55,Female,Black or African American,Not Hispanic or Latino,Normal,Stage II,1,Dose High,
SUB-1197,S20,2026-01-13,2026-01-22,On Treatment,77,65+,Male,White,Not Hispanic or Latino,Normal,Stage IV,0,Placebo,
SUB-1198,S20,2025-12-23,,Screen Failure,26,18-40,Female,Other,Not Hispanic or Latino,Obese,Stage IV,2,,
SUB-1199,S20,2026-05-23,,Screen Failure,69,65+,Male,Black or African American,Not Hispanic or Latino,Normal,Stage III,1,,
SUB-1200,S20,2026-01-26,2026-02-02,Withdrawn,76,65+,Female,White,Not Hispanic or Latino,Normal,Stage III,2,Dose Low,Adverse Event
SUB-1201,S20,2025-12-26,2026-01-03,On Treatment,20,18-40,Male,White,Not Hispanic or Latino,Overweight,Stage II,0,Dose Low,
SUB-1202,S20,2025-12-04,2025-12-10,On Treatment,53,41-55,Female,White,Not Hispanic or Latino,Obese,Stage III,3,Placebo,
SUB-1203,S21,2025-12-21,,Screen Failure,22,18-40,Female,Black or African American,Not Hispanic or Latino,Overweight,Stage IV,2,,
SUB-1204,S21,2026-02-12,2026-02-21,Randomized,79,65+,Female,White,Not Hispanic or Latino,Overweight,Stage III,1,Dose Low,
SUB-1205,S21,2026-07-10,,Screen Failure,51,41-55,Female,Not Reported,Not Hispanic or Latino,Obese,Stage IV,0,,
SUB-1206,S21,2026-08-26,2026-09-03,On Treatment,28,18-40,Male,White,Not Hispanic or Latino,Normal,Stage II,1,Dose Low,
SUB-1207,S21,2026-02-07,2026-02-25,Randomized,48,41-55,Male,White,Not Hispanic or Latino,Obese,Stage III,0,Placebo,
SUB-1208,S21,2025-05-30,2025-06-04,Randomized,81,65+,Female,Black or African American,Not Hispanic or Latino,Normal,Stage III,1,Placebo,
SUB-1209,S21,2026-05-07,,Screen Failure,77,65+,Female,White,Not Hispanic or Latino,Normal,Stage IV,0,,
SUB-1210,S21,2025-05-21,2025-05-27,Withdrawn,69,65+,Female,White,Not Hispanic or Latino,Obese,Stage II,1,Placebo,Protocol Violation
SUB-1211,S21,2026-01-05,2026-01-19,Randomized,34,18-40,Female,White,Not Hispanic or Latino,Normal,Stage IV,3,Dose Low,
SUB-1212,S21,2026-02-09,2026-03-02,On Treatment,65,56-65,Male,White,Hispanic or Latino,Obese,Stage II,3,Dose Low,
SUB-1213,S21,2026-09-14,2026-09-17,On Treatment,38,18-40,Female,White,Not Hispanic or Latino,Overweight,Stage IV,1,Dose High,
SUB-1214,S21,2025-10-16,2025-10-30,Withdrawn,67,65+,Male,White,Not Hispanic or Latino,Overweight,Stage II,0,Placebo,Lost to Follow-up
SUB-1215,S21,2025-07-10,2025-07-13,Completed,80,65+,Male,White,Not Hispanic or Latino,Underweight,Stage III,1,Dose High,
SUB-1216,S21,2026-07-09,2026-07-26,On Treatment,59,56-65,Male,White,Hispanic or Latino,Normal,Stage IV,1,Dose High,
SUB-1217,S21,2026-05-30,2026-06-10,On Treatment,57,56-65,Female,White,Not Hispanic or Latino,Obese,Stage II,2,Placebo,
SUB-1218,S21,2025-04-25,2025-05-15,On Treatment,67,65+,Female,Not Reported,Not Hispanic or Latino,Normal,Stage III,3,Dose Low,
SUB-1219,S21,2025-05-04,2025-05-13,On Treatment,31,18-40,Female,Asian,Not Hispanic or Latino,Normal,Stage III,2,Dose High,
SUB-1220,S21,2026-03-05,2026-03-17,On Treatment,64,56-65,Female,Asian,Not Hispanic or Latino,Overweight,Stage II,2,Dose Low,
SUB-1221,S21,2026-01-06,2026-01-20,Randomized,28,18-40,Female,White,Not Hispanic or Latino,Obese,Stage III,0,Dose High,
SUB-1222,S21,2025-04-09,2025-04-29,On Treatment,59,56-65,Male,White,Not Hispanic or Latino,Normal,Stage II,2,Dose High,
SUB-1223,S21,2026-03-11,2026-03-21,On Treatment,62,56-65,Male,White,Not Hispanic or Latino,Normal,Stage II,3,Placebo,
SUB-1224,S21,2026-02-10,2026-03-03,Withdrawn,25,18-40,Female,White,Hispanic or Latino,Obese,Stage II,2,Placebo,Physician Decision
SUB-1225,S21,2025-05-07,2025-05-18,Withdrawn,50,41-55,Female,White,Hispanic or Latino,Normal,Stage IV,1,Dose High,Adverse Event
SUB-1226,S21,2025-08-08,2025-08-27,On Treatment,70,65+,Female,White,Not Hispanic or Latino,Normal,Stage II,2,Dose High,
SUB-1227,S21,2026-08-08,,Screen Failure,78,65+,Male,Asian,Hispanic or Latino,Normal,Stage II,2,,
SUB-1228,S21,2025-05-29,2025-06-14,On Treatment,60,56-65,Male,White,Not Hispanic or Latino,Normal,Stage II,0,Dose High,
SUB-1229,S21,2025-09-22,2025-10-08,On Treatment,58,56-65,Female,White,Not Hispanic or Latino,Overweight,Stage III,1,Dose Low,
SUB-1230,S21,2025-05-19,2025-06-01,On Treatment,29,18-40,Female,White,Not Hispanic or Latino,Underweight,Stage III,1,Dose High,
SUB-1231,S21,2026-06-07,2026-06-22,On Treatment,40,18-40,Female,White,Not Hispanic or Latino,Normal,Stage II,0,Dose Low,
SUB-1232,S21,2025-03-27,2025-04-10,On Treatment,65,56-65,Female,Black or African American,Not Hispanic or Latino,Normal,Stage III,2,Dose Low,
SUB-1233,S21,2025-06-10,2025-06-16,Withdrawn,46,41-55,Female,Asian,Not Hispanic or Latino,Normal,Stage II,2,Dose Low,Adverse Event
SUB-1234,S21,2026-04-30,2026-05-20,Completed,35,18-40,Female,White,Hispanic or Latino,Normal,Stage IV,2,Placebo,
SUB-1235,S21,2025-05-01,2025-05-21,Completed,42,41-55,Male,White,Not Hispanic or Latino,Obese,Stage III,1,Placebo,
SUB-1236,S21,2026-09-19,2026-09-23,On Treatment,70,65+,Female,Black or African American,Not Hispanic or Latino,Obese,Stage IV,0,Dose High,
SUB-1237,S21,2026-06-12,2026-06-20,On Treatment,34,18-40,Male,Asian,Hispanic or Latino,Overweight,Stage II,2,Dose High,
SUB-1238,S21,2026-04-20,2026-05-02,Completed,52,41-55,Male,White,Hispanic or Latino,Normal,Stage II,2,Dose Low,
SUB-1239,S21,2025-12-30,2026-01-05,Randomized,49,41-55,Female,Not Reported,Not Hispanic or Latino,Obese,Stage III,2,Dose Low,
SUB-1240,S21,2025-07-17,2025-08-07,On Treatment,48,41-55,Female,White,Not Hispanic or Latino,Overweight,Stage III,1,Dose High,
SUB-1241,S21,2025-12-23,2026-01-13,Completed,77,65+,Female,Black or African American,Not Hispanic or Latino,Normal,Stage IV,3,Dose Low,
SUB-1242,S21,2025-11-02,2025-11-05,On Treatment,63,56-65,Male,Not Reported,Hispanic or Latino,Overweight,Stage II,0,Dose High,
SUB-1243,S21,2025-07-15,,Screen Failure,38,18-40,Female,White,Not Hispanic or Latino,Obese,Stage II,1,,
SUB-1244,S21,2026-04-09,2026-04-17,On Treatment,58,56-65,Male,Not Reported,Not Hispanic or Latino,Normal,Stage IV,2,Placebo,
SUB-1245,S21,2026-08-15,2026-08-31,Completed,39,18-40,Male,Black or African American,Not Hispanic or Latino,Obese,Stage II,0,Dose Low,
SUB-1246,S21,2025-12-11,2025-12-22,Completed,33,18-40,Female,Asian,Hispanic or Latino,Overweight,Stage IV,1,Placebo,
SUB-1247,S21,2025-07-04,2025-07-25,Completed,30,18-40,Female,White,Hispanic or Latino,Normal,Stage III,2,Dose High,
SUB-1248,S21,2025-09-25,2025-10-07,On Treatment,54,41-55,Female,Asian,Not Hispanic or Latino,Obese,Stage II,1,Dose Low,
SUB-1249,S21,2026-02-10,2026-03-03,Randomized,52,41-55,Male,White,Not Hispanic or Latino,Normal,Stage IV,0,Dose Low,
SUB-1250,S21,2026-07-13,,Screen Failure,82,65+,Male,White,Not Hispanic or Latino,Normal,Stage IV,0,,
SUB-1251,S21,2025-08-31,2025-09-15,On Treatment,34,18-40,Female,Asian,Not Hispanic or Latino,Obese,Stage II,2,Placebo,
SUB-1252,S21,2025-07-01,,Screened,56,56-65,Male,White,Not Hispanic or Latino,Normal,Stage III,0,,
SUB-1253,S21,2026-05-21,2026-06-05,On Treatment,64,56-65,Female,Other,Hispanic or Latino,Overweight,Stage III,0,Placebo,
SUB-1254,S21,2025-11-30,2025-12-10,On Treatment,63,56-65,Female,Black or African American,Hispanic or Latino,Normal,Stage III,0,Dose Low,
SUB-1255,S22,2026-09-29,2026-09-29,On Treatment,73,65+,Male,Asian,Not Hispanic or Latino,Overweight,Stage II,1,Dose High,
SUB-1256,S22,2026-09-04,2026-09-11,Completed,76,65+,Male,White,Not Hispanic or Latino,Obese,Stage IV,0,Placebo,
SUB-1257,S22,2025-08-17,,Screen Failure,71,65+,Male,Black or African American,Not Hispanic or Latino,Overweight,Stage II,1,,
SUB-1258,S22,2026-02-09,,Screen Failure,53,41-55,Female,White,Not Reported,Obese,Stage II,1,,
SUB-1259,S22,2026-02-23,,Screen Failure,18,18-40,Female,Asian,Not Hispanic or Latino,Normal,Stage III,1,,
SUB-1260,S22,2026-09-06,2026-09-22,Randomized,54,41-55,Male,Other,Not Hispanic or Latino,Obese,Stage IV,0,Placebo,
SUB-1261,S22,2025-08-06,2025-08-09,Withdrawn,48,41-55,Male,White,Not Reported,Overweight,Stage II,0,Dose High,Consent Withdrawn
SUB-1262,S22,2026-03-07,2026-03-10,On Treatment,78,65+,Female,Black or African American,Not Hispanic or Latino,Obese,Stage IV,0,Dose Low,
SUB-1263,S22,2026-09-13,,Screen Failure,32,18-40,Female,White,Not Hispanic or Latino,Obese,Stage III,3,,
SUB-1264,S22,2026-05-10,,Screened,69,65+,Male,Asian,Not Hispanic or Latino,Overweight,Stage IV,3,,
SUB-1265,S22,2026-05-15,2026-05-22,Withdrawn,52,41-55,Male,White,Not Hispanic or Latino,Obese,Stage II,2,Dose High,Physician Decision
SUB-1266,S22,2026-09-05,2026-09-20,On Treatment,63,56-65,Female,Not Reported,Not Hispanic or Latino,Normal,Stage IV,3,Dose High,
SUB-1267,S22,2025-08-22,2025-09-04,Randomized,32,18-40,Male,White,Hispanic or Latino,Normal,Stage III,0,Dose Low,
SUB-1268,S22,2026-01-27,,Screened,74,65+,Female,Asian,Not Hispanic or Latino,Normal,Stage IV,0,,
SUB-1269,S22,2026-09-03,2026-09-11,On Treatment,26,18-40,Female,Not Reported,Not Hispanic or Latino,Normal,Stage IV,1,Dose High,
SUB-1270,S22,2025-09-07,2025-09-10,Withdrawn,19,18-40,Male,Not Reported,Not Hispanic or Latino,Obese,Stage II,0,Dose High,Lost to Follow-up
SUB-1271,S22,2025-09-11,2025-09-25,Completed,45,41-55,Male,Asian,Not Hispanic or Latino,Normal,Stage III,0,Dose Low,
SUB-1272,S22,2025-09-08,2025-09-19,Completed,82,65+,Female,White,Not Hispanic or Latino,Obese,Stage IV,1,Dose High,
SUB-1273,S22,2026-09-10,2026-09-21,On Treatment,56,56-65,Male,White,Not Reported,Overweight,Stage II,0,Dose High,
SUB-1274,S22,2026-01-14,2026-01-21,Completed,24,18-40,Female,White,Not Hispanic or Latino,Normal,Stage II,1,Dose Low,
SUB-1275,S22,2025-09-28,2025-10-03,On Treatment,65,56-65,Female,White,Hispanic or Latino,Obese,Stage III,1,Dose High,
SUB-1276,S22,2026-02-22,2026-03-04,Randomized,68,65+,Female,Other,Hispanic or Latino,Normal,Stage II,1,Placebo,
SUB-1277,S22,2026-02-03,2026-02-14,Completed,52,41-55,Female,White,Not Hispanic or Latino,Obese,Stage II,0,Dose Low,
SUB-1278,S22,2025-12-11,,Screen Failure,51,41-55,Male,White,Not Hispanic or Latino,Overweight,Stage IV,0,,
SUB-1279,S22,2026-08-31,2026-09-11,Randomized,69,65+,Male,Black or African American,Not Hispanic or Latino,Obese,Stage IV,3,Dose High,
SUB-1280,S22,2026-08-15,2026-08-28,On Treatment,59,56-65,Female,Asian,Not Hispanic or Latino,Normal,Stage IV,1,Dose High,
SUB-1281,S22,2026-04-26,2026-05-03,Completed,50,41-55,Female,White,Not Hispanic or Latino,Normal,Stage IV,3,Dose High,
SUB-1282,S22,2026-01-24,2026-01-28,Randomized,66,65+,Male,White,Not Hispanic or Latino,Overweight,Stage IV,0,Placebo,
SUB-1283,S22,2026-08-30,2026-09-04,On Treatment,69,65+,Male,White,Not Hispanic or Latino,Obese,Stage II,0,Placebo,
SUB-1284,S22,2026-06-12,,Screen Failure,54,41-55,Male,Not Reported,Hispanic or Latino,Overweight,Stage IV,1,,
SUB-1285,S22,2026-04-08,2026-04-18,On Treatment,57,56-65,Male,Asian,Not Hispanic or Latino,Overweight,Stage II,1,Dose Low,
SUB-1286,S22,2026-09-30,,Screen Failure,50,41-55,Female,Not Reported,Not Hispanic or Latino,Normal,Stage II,0,,
SUB-1287,S22,2026-05-26,2026-05-29,On Treatment,44,41-55,Female,White,Not Hispanic or Latino,Normal,Stage III,0,Dose High,
SUB-1288,S22,2026-09-25,2026-09-24,Completed,82,65+,Male,White,Not Hispanic or Latino,Obese,Stage III,0,Dose High,
SUB-1289,S22,2026-08-28,,Screen Failure,75,65+,Male,White,Not Hispanic or Latino,Overweight,Stage II,1,,
SUB-1290,S22,2026-01-02,2026-01-16,Completed,57,56-65,Male,Not Reported,Not Reported,Underweight,Stage II,1,Placebo,
SUB-1291,S22,2026-06-21,2026-07-07,On Treatment,64,56-65,Male,White,Hispanic or Latino,Obese,Stage IV,1,Dose Low,
SUB-1292,S22,2025-12-06,2025-12-17,On Treatment,23,18-40,Male,White,Not Hispanic or Latino,Overweight,Stage II,0,Dose High,
SUB-1293,S22,2026-08-24,2026-09-07,On Treatment,19,18-40,Female,Not Reported,Not Hispanic or Latino,Overweight,Stage IV,0,Dose Low,
SUB-1294,S22,2026-09-17,2026-09-24,Randomized,71,65+,Female,White,Not Hispanic or Latino,Normal,Stage II,0,Dose High,
SUB-1295,S22,2026-08-25,2026-08-28,Withdrawn,68,65+,Male,Black or African American,Not Hispanic or Latino,Overweight,Stage IV,0,Placebo,Protocol Violation
SUB-1296,S22,2026-07-30,,Screened,37,18-40,Male,Black or African American,Not Hispanic or Latino,Normal,Stage II,1,,
SUB-1297,S22,2026-05-14,2026-05-20,Completed,59,56-65,Male,Black or African American,Not Hispanic or Latino,Underweight,Stage IV,0,Dose High,
SUB-1298,S22,2025-08-23,,Screen Failure,39,18-40,Male,White,Hispanic or Latino,Normal,Stage III,1,,
SUB-1299,S22,2026-09-15,2026-09-23,On Treatment,74,65+,Female,Not Reported,Not Hispanic or Latino,Normal,Stage III,1,Dose Low,
SUB-1300,S22,2026-05-10,2026-05-28,On Treatment,63,56-65,Female,Black or African American,Not Hispanic or Latino,Normal,Stage III,0,Placebo,
SUB-1301,S22,2026-09-03,2026-09-20,Randomized,73,65+,Female,White,Not Hispanic or Latino,Underweight,Stage II,0,Dose High,
SUB-1302,S22,2025-12-05,2025-12-21,Completed,41,41-55,Female,White,Not Hispanic or Latino,Obese,Stage IV,0,Placebo,
SUB-1303,S22,2026-02-28,2026-03-08,On Treatment,24,18-40,Female,White,Not Hispanic or Latino,Overweight,Stage II,2,Dose Low,
SUB-1304,S22,2026-08-25,2026-09-05,On Treatment,81,65+,Female,White,Hispanic or Latino,Obese,Stage IV,0,Placebo,
SUB-1305,S22,2026-04-13,,Screen Failure,76,65+,Male,Black or African American,Not Hispanic or Latino,Normal,Stage III,0,,
SUB-1306,S22,2026-05-27,2026-06-01,On Treatment,60,56-65,Male,White,Not Hispanic or Latino,Normal,Stage IV,1,Dose High,
SUB-1307,S22,2026-06-09,2026-06-20,Withdrawn,35,18-40,Male,Not Reported,Hispanic or Latino,Obese,Stage III,1,Placebo,Physician Decision
SUB-1308,S23,2026-06-29,2026-07-03,Completed,81,65+,Male,Other,Hispanic or Latino,Obese,Stage II,1,Placebo,
SUB-1309,S23,2025-11-20,2025-12-11,On Treatment,34,18-40,Male,White,Not Hispanic or Latino,Normal,Stage II,2,Dose High,
SUB-1310,S23,2025-07-31,2025-08-03,On Treatment,77,65+,Male,Not Reported,Not Hispanic or Latino,Normal,Stage IV,3,Dose High,
SUB-1311,S23,2026-01-30,2026-02-15,On Treatment,47,41-55,Male,Not Reported,Not Hispanic or Latino,Normal,Stage III,0,Dose High,
SUB-1312,S23,2026-09-24,2026-09-24,Withdrawn,67,65+,Male,White,Hispanic or Latino,Normal,Stage IV,0,Dose High,Lost to Follow-up
SUB-1313,S23,2025-12-31,2026-01-15,On Treatment,53,41-55,Female,White,Not Hispanic or Latino,Overweight,Stage II,0,Dose High,
SUB-1314,S23,2025-11-06,2025-11-22,On Treatment,55,41-55,Female,White,Not Hispanic or Latino,Overweight,Stage III,0,Dose Low,
SUB-1315,S23,2026-06-29,2026-07-04,On Treatment,56,56-65,Male,White,Not Hispanic or Latino,Normal,Stage IV,1,Dose High,
SUB-1316,S23,2026-01-21,2026-01-24,On Treatment,82,65+,Female,Black or African American,Not Hispanic or Latino,Overweight,Stage IV,1,Placebo,
SUB-1317,S23,2026-01-30,2026-02-02,On Treatment,47,41-55,Female,White,Not Hispanic or Latino,Normal,Stage IV,0,Dose Low,
SUB-1318,S23,2026-05-24,,Screen Failure,38,18-40,Male,White,Hispanic or Latino,Overweight,Stage II,0,,
SUB-1319,S23,2026-04-02,2026-04-21,Withdrawn,43,41-55,Male,Black or African American,Not Hispanic or Latino,Overweight,Stage II,0,Dose High,Lost to Follow-up
SUB-1320,S23,2025-12-02,,Screen Failure,30,18-40,Male,Other,Not Hispanic or Latino,Overweight,Stage II,0,,
SUB-1321,S23,2025-11-23,,Screen Failure,24,18-40,Male,White,Not Hispanic or Latino,Overweight,Stage III,2,,
SUB-1322,S23,2025-06-27,2025-07-07,Withdrawn,28,18-40,Female,Not Reported,Hispanic or Latino,Normal,Stage IV,2,Dose High,Lost to Follow-up
SUB-1323,S23,2026-01-02,2026-01-15,Withdrawn,46,41-55,Male,White,Not Hispanic or Latino,Normal,Stage II,0,Dose High,Physician Decision
SUB-1324,S23,2025-12-05,2025-12-25,Randomized,60,56-65,Female,White,Not Hispanic or Latino,Underweight,Stage IV,1,Dose High,
SUB-1325,S23,2025-07-13,2025-07-31,On Treatment,44,41-55,Female,White,Not Reported,Obese,Stage III,0,Placebo,
SUB-1326,S23,2026-09-01,2026-09-20,On Treatment,36,18-40,Male,White,Not Hispanic or Latino,Normal,Stage IV,3,Placebo,
SUB-1327,S23,2026-03-03,2026-03-16,Withdrawn,35,18-40,Male,Other,Not Hispanic or Latino,Obese,Stage III,0,Placebo,Protocol Violation
SUB-1328,S23,2026-03-07,2026-03-19,Withdrawn,29,18-40,Female,White,Not Hispanic or Latino,Normal,Stage III,0,Dose Low,Consent Withdrawn
SUB-1329,S23,2026-09-20,2026-09-28,Withdrawn,25,18-40,Male,Other,Not Reported,Underweight,Stage III,2,Dose Low,Protocol Violation
SUB-1330,S23,2026-07-27,2026-08-07,Withdrawn,39,18-40,Female,White,Not Hispanic or Latino,Obese,Stage III,0,Dose High,Protocol Violation
SUB-1331,S23,2025-10-02,2025-10-09,On Treatment,56,56-65,Male,White,Not Hispanic or Latino,Obese,Stage IV,3,Dose High,
SUB-1332,S23,2025-08-07,,Screen Failure,74,65+,Female,Other,Hispanic or Latino,Underweight,Stage IV,0,,
SUB-1333,S23,2025-05-30,,Screen Failure,69,65+,Female,White,Not Hispanic or Latino,Overweight,Stage II,2,,
SUB-1334,S23,2025-12-31,2026-01-17,On Treatment,73,65+,Female,Asian,Not Hispanic or Latino,Normal,Stage IV,2,Dose Low,
SUB-1335,S23,2026-07-05,,Screen Failure,71,65+,Female,Not Reported,Not Hispanic or Latino,Normal,Stage III,0,,
SUB-1336,S23,2026-01-08,2026-01-13,On Treatment,37,18-40,Male,White,Not Hispanic or Latino,Obese,Stage II,2,Dose Low,
SUB-1337,S23,2026-08-29,,Screen Failure,63,56-65,Female,Asian,Not Hispanic or Latino,Obese,Stage III,2,,
SUB-1338,S23,2025-12-30,2026-01-13,Withdrawn,59,56-65,Female,White,Not Hispanic or Latino,Normal,Stage IV,2,Placebo,Adverse Event
SUB-1339,S23,2026-08-11,2026-08-30,Completed,78,65+,Female,White,Not Hispanic or Latino,Overweight,Stage III,1,Dose Low,
SUB-1340,S23,2025-08-22,2025-09-11,Randomized,56,56-65,Female,White,Not Hispanic or Latino,Obese,Stage II,0,Dose Low,
SUB-1341,S23,2026-09-18,2026-09-24,On Treatment,70,65+,Female,Asian,Not Reported,Obese,Stage IV,3,Placebo,
SUB-1342,S23,2026-03-17,2026-03-30,Randomized,65,56-65,Male,Black or African American,Not Hispanic or Latino,Normal,Stage II,1,Placebo,
SUB-1343,S23,2026-02-18,2026-02-23,On Treatment,81,65+,Male,Asian,Not Hispanic or Latino,Obese,Stage II,0,Dose Low,
SUB-1344,S23,2026-04-30,2026-05-21,On Treatment,81,65+,Female,Asian,Not Hispanic or Latino,Obese,Stage II,1,Dose High,
SUB-1345,S23,2026-04-11,,Screen Failure,71,65+,Male,Black or African American,Not Hispanic or Latino,Normal,Stage II,0,,
SUB-1346,S23,2026-01-27,2026-02-07,On Treatment,20,18-40,Male,Asian,Not Hispanic or Latino,Overweight,Stage III,0,Dose Low,
SUB-1347,S23,2025-08-17,2025-08-25,On Treatment,79,65+,Male,White,Not Hispanic or Latino,Overweight,Stage IV,1,Dose Low,
SUB-1348,S23,2025-07-11,2025-07-28,On Treatment,69,65+,Female,White,Hispanic or Latino,Obese,Stage II,2,Placebo,
SUB-1349,S23,2026-07-11,,Screen Failure,73,65+,Female,Black or African American,Hispanic or Latino,Obese,Stage II,1,,
SUB-1350,S23,2026-09-26,2026-09-22,On Treatment,29,18-40,Female,White,Hispanic or Latino,Obese,Stage IV,0,Dose High,
SUB-1351,S23,2025-09-23,,Screen Failure,29,18-40,Female,Black or African American,Hispanic or Latino,Normal,Stage II,0,,
SUB-1352,S23,2026-09-17,2026-09-24,On Treatment,56,56-65,Female,Black or African American,Not Hispanic or Latino,Obese,Stage II,0,Dose Low,
SUB-1353,S23,2025-11-12,2025-11-20,On Treatment,54,41-55,Female,White,Not Hispanic or Latino,Underweight,Stage IV,1,Dose Low,
SUB-1354,S23,2025-07-05,,Screen Failure,58,56-65,Male,Asian,Not Hispanic or Latino,Obese,Stage III,1,,
SUB-1355,S23,2026-07-17,2026-08-06,Withdrawn,68,65+,Male,White,Hispanic or Latino,Overweight,Stage II,2,Dose Low,Consent Withdrawn
SUB-1356,S23,2025-11-01,2025-11-15,On Treatment,21,18-40,Male,White,Not Reported,Overweight,Stage III,0,Dose Low,
SUB-1357,S23,2026-03-05,,Screen Failure,24,18-40,Female,White,Not Hispanic or Latino,Underweight,Stage IV,0,,
SUB-1358,S23,2025-09-13,2025-10-03,On Treatment,37,18-40,Male,White,Not Hispanic or Latino,Normal,Stage II,0,Placebo,
SUB-1359,S23,2026-03-12,2026-03-31,Completed,77,65+,Male,Not Reported,Not Hispanic or Latino,Normal,Stage IV,3,Dose High,
SUB-1360,S24,2025-11-10,2025-11-22,On Treatment,56,56-65,Female,Not Reported,Not Hispanic or Latino,Normal,Stage IV,0,Dose High,
SUB-1361,S24,2025-06-06,2025-06-10,Withdrawn,39,18-40,Female,White,Not Hispanic or Latino,Normal,Stage III,0,Dose High,Physician Decision
SUB-1362,S24,2026-09-24,2026-09-25,Completed,63,56-65,Female,Black or African American,Not Hispanic or Latino,Obese,Stage II,0,Dose High,
SUB-1363,S24,2026-09-24,2026-09-21,On Treatment,40,18-40,Female,White,Not Hispanic or Latino,Obese,Stage IV,1,Dose Low,
SUB-1364,S24,2025-06-16,2025-06-20,On Treatment,69,65+,Male,White,Not Hispanic or Latino,Obese,Stage III,0,Dose Low,
SUB-1365,S24,2025-11-23,2025-11-26,Completed,65,56-65,Male,Black or African American,Not Hispanic or Latino,Overweight,Stage IV,1,Placebo,
SUB-1366,S24,2026-05-07,2026-05-28,Withdrawn,49,41-55,Male,Other,Not Hispanic or Latino,Obese,Stage III,0,Dose High,Physician Decision
SUB-1367,S24,2025-08-28,,Screen Failure,40,18-40,Male,Asian,Hispanic or Latino,Overweight,Stage IV,2,,
SUB-1368,S24,2025-10-02,2025-10-21,On Treatment,28,18-40,Male,Asian,Not Hispanic or Latino,Overweight,Stage III,0,Placebo,
SUB-1369,S24,2026-09-05,2026-09-23,On Treatment,61,56-65,Female,White,Not Hispanic or Latino,Obese,Stage IV,2,Placebo,
SUB-1370,S24,2025-07-06,2025-07-16,Completed,71,65+,Female,White,Not Hispanic or Latino,Normal,Stage IV,1,Placebo,
SUB-1371,S24,2026-02-05,2026-02-10,On Treatment,70,65+,Female,Asian,Not Hispanic or Latino,Obese,Stage III,0,Dose High,
SUB-1372,S24,2026-08-25,,Screen Failure,40,18-40,Female,Asian,Not Hispanic or Latino,Normal,Stage III,2,,
SUB-1373,S24,2026-06-18,2026-06-22,On Treatment,39,18-40,Female,White,Not Hispanic or Latino,Normal,Stage III,0,Dose Low,
SUB-1374,S24,2025-07-14,2025-07-29,Randomized,79,65+,Male,Asian,Not Hispanic or Latino,Obese,Stage IV,1,Dose High,
SUB-1375,S24,2026-05-07,2026-05-23,On Treatment,41,41-55,Female,Asian,Not Hispanic or Latino,Normal,Stage II,1,Dose Low,
SUB-1376,S24,2026-09-09,2026-09-28,Randomized,76,65+,Female,Asian,Not Hispanic or Latino,Overweight,Stage II,0,Dose Low,
SUB-1377,S24,2025-06-24,2025-07-02,On Treatment,40,18-40,Male,White,Hispanic or Latino,Normal,Stage II,0,Placebo,
SUB-1378,S24,2026-03-24,2026-03-31,Withdrawn,56,56-65,Female,White,Not Hispanic or Latino,Normal,Stage II,0,Dose High,Adverse Event
SUB-1379,S24,2026-09-15,,Screen Failure,66,65+,Male,White,Hispanic or Latino,Overweight,Stage II,0,,
SUB-1380,S24,2025-10-01,2025-10-21,Randomized,29,18-40,Male,Black or African American,Not Hispanic or Latino,Overweight,Stage III,1,Placebo,
SUB-1381,S24,2025-10-02,2025-10-10,Completed,39,18-40,Female,White,Not Reported,Overweight,Stage II,1,Dose Low,
SUB-1382,S24,2026-08-18,2026-08-31,On Treatment,41,41-55,Male,Black or African American,Not Hispanic or Latino,Overweight,Stage IV,0,Dose High,
SUB-1383,S24,2026-06-24,2026-07-10,Randomized,26,18-40,Male,Asian,Not Hispanic or Latino,Normal,Stage II,2,Dose High,
SUB-1384,S24,2025-07-16,2025-08-03,Randomized,33,18-40,Male,White,Not Reported,Normal,Stage III,0,Placebo,
SUB-1385,S24,2025-06-20,2025-06-23,Completed,36,18-40,Female,Other,Not Hispanic or Latino,Overweight,Stage IV,1,Dose Low,
SUB-1386,S24,2026-06-25,2026-07-11,Completed,50,41-55,Male,White,Hispanic or Latino,Normal,Stage II,1,Dose Low,
SUB-1387,S24,2025-09-05,,Screen Failure,34,18-40,Female,White,Not Hispanic or Latino,Obese,Stage IV,0,,
SUB-1388,S24,2025-05-13,,Screen Failure,21,18-40,Male,White,Not Hispanic or Latino,Normal,Stage IV,1,,
SUB-1389,S24,2026-04-10,,Screen Failure,32,18-40,Male,White,Not Reported,Overweight,Stage II,2,,
SUB-1390,S24,2026-09-08,2026-09-14,On Treatment,67,65+,Male,White,Not Hispanic or Latino,Obese,Stage IV,3,Dose Low,
SUB-1391,S24,2026-04-21,2026-05-07,Completed,53,41-55,Female,Black or African American,Not Hispanic or Latino,Overweight,Stage III,1,Dose Low,
SUB-1392,S24,2026-07-06,,Screen Failure,73,65+,Female,Asian,Hispanic or Latino,Obese,Stage IV,1,,
SUB-1393,S24,2026-02-07,,Screen Failure,58,56-65,Female,White,Hispanic or Latino,Normal,Stage III,1,,
SUB-1394,S24,2025-06-20,2025-06-25,On Treatment,48,41-55,Female,Not Reported,Not Hispanic or Latino,Normal,Stage II,0,Dose High,
SUB-1395,S24,2026-02-16,2026-03-01,On Treatment,31,18-40,Female,White,Not Hispanic or Latino,Normal,Stage II,2,Dose Low,
SUB-1396,S24,2025-10-17,2025-10-29,On Treatment,62,56-65,Female,Asian,Not Hispanic or Latino,Normal,Stage III,0,Dose High,
SUB-1397,S24,2026-01-08,2026-01-18,Withdrawn,67,65+,Female,Asian,Not Hispanic or Latino,Obese,Stage III,1,Placebo,Protocol Violation
SUB-1398,S24,2026-08-21,2026-09-06,Randomized,66,65+,Female,White,Not Hispanic or Latino,Overweight,Stage III,0,Dose Low,
SUB-1399,S24,2025-05-29,2025-06-11,Withdrawn,46,41-55,Female,Not Reported,Not Reported,Overweight,Stage III,1,Dose High,Physician Decision
SUB-1400,S24,2026-05-18,,Screen Failure,32,18-40,Female,Asian,Not Hispanic or Latino,Normal,Stage II,3,,
SUB-1401,S24,2025-10-25,2025-11-02,On Treatment,75,65+,Female,Asian,Not Hispanic or Latino,Overweight,Stage II,1,Dose Low,
SUB-1402,S24,2026-08-10,,Screen Failure,68,65+,Male,White,Not Hispanic or Latino,Normal,Stage II,1,,
SUB-1403,S24,2025-11-22,,Screen Failure,75,65+,Male,White,Not Hispanic or Latino,Obese,Stage III,1,,
SUB-1404,S24,2026-04-15,,Screened,68,65+,Female,White,Not Reported,Normal,Stage III,3,,
SUB-1405,S24,2026-07-01,2026-07-21,On Treatment,25,18-40,Female,White,Not Hispanic or Latino,Obese,Stage II,0,Placebo,
SUB-1406,S24,2025-09-20,2025-09-28,On Treatment,68,65+,Male,Black or African American,Not Hispanic or Latino,Overweight,Stage II,0,Dose High,
SUB-1407,S24,2026-04-26,2026-05-15,Withdrawn,24,18-40,Male,Other,Not Hispanic or Latino,Normal,Stage III,0,Dose High,Lost to Follow-up
SUB-1408,S24,2026-04-26,2026-05-07,Withdrawn,46,41-55,Female,White,Not Reported,Overweight,Stage IV,0,Dose Low,Physician Decision
SUB-1409,S24,2026-08-11,2026-08-27,On Treatment,71,65+,Male,Asian,Not Hispanic or Latino,Obese,Stage II,1,Placebo,
SUB-1410,S24,2026-01-07,,Screened,44,41-55,Female,White,Hispanic or Latino,Normal,Stage II,0,,
SUB-1411,S24,2026-08-22,2026-08-25,On Treatment,20,18-40,Male,Asian,Not Hispanic or Latino,Normal,Stage III,0,Dose High,
SUB-1412,S24,2026-09-11,2026-09-24,On Treatment,20,18-40,Female,Asian,Not Hispanic or Latino,Overweight,Stage II,0,Placebo,
SUB-1413,S24,2026-02-12,2026-02-25,On Treatment,46,41-55,Male,Black or African American,Not Hispanic or Latino,Normal,Stage II,1,Placebo,
SUB-1414,S24,2026-01-14,2026-02-03,On Treatment,54,41-55,Female,White,Hispanic or Latino,Overweight,Stage IV,0,Dose Low,
SUB-1415,S24,2026-01-04,2026-01-17,Withdrawn,28,18-40,Female,Asian,Not Hispanic or Latino,Overweight,Stage III,3,Dose Low,Adverse Event
SUB-1416,S24,2026-01-15,2026-01-26,On Treatment,38,18-40,Female,Asian,Not Hispanic or Latino,Overweight,Stage II,2,Dose High,
SUB-1417,S24,2026-09-21,2026-09-24,On Treatment,38,18-40,Female,White,Hispanic or Latino,Normal,Stage III,2,Dose High,
SUB-1418,S24,2025-05-18,2025-05-24,Completed,57,56-65,Male,White,Not Hispanic or Latino,Obese,Stage III,2,Dose Low,
SUB-1419,S24,2025-09-03,2025-09-11,On Treatment,76,65+,Male,White,Not Hispanic or Latino,Overweight,Stage IV,3,Dose High,
SUB-1420,S24,2026-09-05,2026-09-12,On Treatment,27,18-40,Female,Asian,Not Hispanic or Latino,Normal,Stage II,0,Placebo,
SUB-1421,S24,2026-09-07,,Screen Failure,24,18-40,Female,Asian,Not Hispanic or Latino,Normal,Stage III,1,,
SUB-1422,S24,2026-06-21,2026-06-28,On Treatment,62,56-65,Male,Black or African American,Not Reported,Normal,Stage II,1,Dose High,
SUB-1423,S24,2025-07-15,2025-07-19,Completed,53,41-55,Male,White,Not Hispanic or Latino,Overweight,Stage II,0,Dose Low,
SUB-1424,S24,2026-04-08,2026-04-15,On Treatment,18,18-40,Female,Asian,Not Hispanic or Latino,Obese,Stage IV,0,Dose High,
SUB-1425,S25,2026-02-22,,Screen Failure,34,18-40,Female,White,Not Hispanic or Latino,Obese,Stage IV,0,,
SUB-1426,S25,2026-09-03,,Screen Failure,54,41-55,Female,Not Reported,Not Hispanic or Latino,Overweight,Stage III,2,,
SUB-1427,S25,2025-10-26,,Screen Failure,53,41-55,Male,White,Not Hispanic or Latino,Overweight,Stage III,1,,
SUB-1428,S25,2026-04-19,2026-05-09,On Treatment,35,18-40,Male,White,Hispanic or Latino,Normal,Stage III,0,Dose High,
SUB-1429,S25,2026-04-15,2026-04-19,Completed,66,65+,Male,White,Not Hispanic or Latino,Normal,Stage IV,3,Dose Low,
SUB-1430,S25,2025-12-19,2025-12-24,On Treatment,55,41-55,Male,Other,Not Hispanic or Latino,Overweight,Stage II,3,Dose Low,
SUB-1431,S25,2025-06-29,,Screen Failure,30,18-40,Female,Other,Not Hispanic or Latino,Normal,Stage II,2,,
SUB-1432,S25,2025-10-09,2025-10-24,On Treatment,70,65+,Female,White,Not Hispanic or Latino,Obese,Stage III,2,Dose High,
SUB-1433,S25,2025-10-20,,Screen Failure,52,41-55,Female,Not Reported,Not Hispanic or Latino,Normal,Stage III,0,,
SUB-1434,S25,2025-10-23,,Screen Failure,36,18-40,Female,White,Hispanic or Latino,Obese,Stage IV,2,,
SUB-1435,S25,2026-03-31,,Screen Failure,64,56-65,Male,White,Not Hispanic or Latino,Obese,Stage IV,1,,
SUB-1436,S25,2026-01-23,2026-02-10,On Treatment,66,65+,Female,Black or African American,Not Hispanic or Latino,Obese,Stage III,0,Placebo,
SUB-1437,S25,2026-06-04,2026-06-16,On Treatment,39,18-40,Female,Not Reported,Not Reported,Obese,Stage III,1,Placebo,
SUB-1438,S25,2026-07-22,,Screen Failure,34,18-40,Male,White,Not Hispanic or Latino,Normal,Stage III,0,,
SUB-1439,S25,2026-09-07,,Screen Failure,30,18-40,Female,Asian,Not Hispanic or Latino,Obese,Stage III,1,,
SUB-1440,S25,2026-08-16,,Screen Failure,19,18-40,Female,White,Not Hispanic or Latino,Obese,Stage III,2,,
SUB-1441,S25,2026-03-02,2026-03-17,On Treatment,21,18-40,Female,Black or African American,Not Hispanic or Latino,Overweight,Stage II,2,Placebo,
SUB-1442,S25,2025-11-19,2025-12-06,Completed,57,56-65,Female,White,Not Hispanic or Latino,Normal,Stage IV,1,Dose Low,
SUB-1443,S25,2026-08-23,2026-08-26,On Treatment,31,18-40,Male,Asian,Not Hispanic or Latino,Obese,Stage II,1,Placebo,
SUB-1444,S25,2025-08-30,2025-09-18,On Treatment,19,18-40,Male,Asian,Not Hispanic or Latino,Obese,Stage IV,0,Dose High,
SUB-1445,S25,2026-02-14,,Screen Failure,49,41-55,Female,Black or African American,Not Hispanic or Latino,Obese,Stage IV,1,,
SUB-1446,S25,2026-07-07,2026-07-18,On Treatment,27,18-40,Male,White,Not Hispanic or Latino,Normal,Stage II,2,Placebo,
SUB-1447,S25,2025-10-09,,Screen Failure,32,18-40,Male,White,Not Reported,Obese,Stage II,2,,
SUB-1448,S25,2026-08-09,2026-08-28,On Treatment,46,41-55,Male,Asian,Not Hispanic or Latino,Overweight,Stage II,0,Placebo,
SUB-1449,S25,2025-12-11,2025-12-28,On Treatment,81,65+,Female,White,Hispanic or Latino,Normal,Stage II,0,Dose High,
SUB-1450,S25,2026-02-20,2026-03-01,On Treatment,44,41-55,Female,Asian,Hispanic or Latino,Obese,Stage II,2,Dose Low,
SUB-1451,S25,2025-07-17,,Screen Failure,62,56-65,Female,White,Not Hispanic or Latino,Obese,Stage IV,0,,
SUB-1452,S25,2026-07-19,2026-08-01,Completed,44,41-55,Male,White,Not Hispanic or Latino,Normal,Stage III,0,Dose Low,
SUB-1453,S25,2025-11-07,,Screen Failure,22,18-40,Female,Black or African American,Not Hispanic or Latino,Normal,Stage II,1,,
SUB-1454,S25,2025-11-29,2025-12-08,On Treatment,37,18-40,Female,White,Not Hispanic or Latino,Normal,Stage III,0,Placebo,
SUB-1455,S25,2026-06-28,2026-07-01,On Treatment,27,18-40,Male,White,Not Hispanic or Latino,Obese,Stage II,0,Dose Low,
SUB-1456,S25,2026-09-04,2026-09-14,Completed,19,18-40,Male,Black or African American,Hispanic or Latino,Overweight,Stage III,1,Placebo,
SUB-1457,S25,2025-11-29,2025-12-20,Completed,55,41-55,Male,Black or African American,Not Hispanic or Latino,Overweight,Stage II,1,Placebo,
SUB-1458,S25,2025-08-19,2025-09-03,On Treatment,57,56-65,Male,Asian,Not Hispanic or Latino,Overweight,Stage IV,0,Dose High,
SUB-1459,S25,2026-07-01,2026-07-08,Completed,28,18-40,Female,White,Not Hispanic or Latino,Overweight,Stage IV,0,Dose High,
SUB-1460,S25,2025-07-30,2025-08-04,On Treatment,82,65+,Female,White,Not Hispanic or Latino,Obese,Stage IV,1,Dose High,
SUB-1461,S25,2025-08-17,2025-09-03,On Treatment,66,65+,Male,White,Hispanic or Latino,Overweight,Stage III,1,Dose Low,
SUB-1462,S25,2026-02-26,2026-03-11,On Treatment,26,18-40,Male,Black or African American,Not Hispanic or Latino,Overweight,Stage III,0,Placebo,
SUB-1463,S25,2026-09-08,2026-09-29,Completed,30,18-40,Male,Black or African American,Not Hispanic or Latino,Normal,Stage III,0,Dose High,
SUB-1464,S25,2025-10-09,,Screen Failure,51,41-55,Female,Black or African American,Not Hispanic or Latino,Overweight,Stage II,0,,
SUB-1465,S25,2026-06-17,,Screen Failure,29,18-40,Female,Black or African American,Not Hispanic or Latino,Obese,Stage IV,0,,
SUB-1466,S25,2025-11-24,,Screen Failure,23,18-40,Female,White,Hispanic or Latino,Overweight,Stage IV,0,,
SUB-1467,S25,2025-12-12,2026-01-02,Completed,38,18-40,Female,Black or African American,Not Reported,Normal,Stage IV,1,Dose High,
SUB-1468,S25,2026-09-28,2026-09-24,Completed,20,18-40,Female,White,Not Hispanic or Latino,Obese,Stage II,0,Dose High,
SUB-1469,S25,2025-12-06,2025-12-22,Withdrawn,24,18-40,Male,White,Not Hispanic or Latino,Overweight,Stage III,0,Dose High,Consent Withdrawn
SUB-1470,S25,2026-09-08,2026-09-14,Withdrawn,42,41-55,Female,Not Reported,Hispanic or Latino,Overweight,Stage II,2,Placebo,Consent Withdrawn
SUB-1471,S25,2025-08-11,2025-08-25,On Treatment,29,18-40,Female,Black or African American,Not Hispanic or Latino,Normal,Stage II,0,Dose Low,
SUB-1472,S25,2026-09-27,2026-09-21,Randomized,43,41-55,Female,Asian,Hispanic or Latino,Normal,Stage IV,0,Placebo,
SUB-1473,S25,2025-09-20,2025-10-11,Completed,33,18-40,Male,Other,Not Hispanic or Latino,Normal,Stage II,2,Dose High,
SUB-1474,S25,2026-09-17,2026-09-21,On Treatment,55,41-55,Female,White,Not Hispanic or Latino,Overweight,Stage IV,0,Dose High,
SUB-1475,S25,2026-05-26,2026-06-13,Randomized,21,18-40,Female,White,Not Hispanic or Latino,Obese,Stage II,1,Dose High,
SUB-1476,S25,2026-09-07,2026-09-20,Randomized,23,18-40,Male,White,Not Hispanic or Latino,Overweight,Stage II,0,Dose Low,
SUB-1477,S25,2025-12-20,,Screened,34,18-40,Female,Black or African American,Not Reported,Obese,Stage IV,2,,
SUB-1478,S25,2026-07-06,2026-07-10,On Treatment,28,18-40,Male,Not Reported,Not Hispanic or Latino,Normal,Stage IV,0,Dose High,
SUB-1479,S25,2026-06-14,2026-06-18,Randomized,52,41-55,Female,White,Not Hispanic or Latino,Obese,Stage III,0,Dose High,
SUB-1480,S25,2026-09-22,2026-09-29,On Treatment,67,65+,Female,Asian,Not Hispanic or Latino,Obese,Stage IV,0,Placebo,
SUB-1481,S25,2026-06-14,2026-06-23,On Treatment,63,56-65,Female,White,Not Hispanic or Latino,Normal,Stage IV,1,Dose High,
SUB-1482,S25,2026-04-09,2026-04-25,On Treatment,36,18-40,Male,White,Not Hispanic or Latino,Overweight,Stage IV,1,Placebo,
SUB-1483,S25,2026-08-08,,Screen Failure,65,56-65,Female,White,Not Hispanic or Latino,Overweight,Stage III,2,,
SUB-1484,S25,2025-09-02,2025-09-23,On Treatment,32,18-40,Female,White,Not Hispanic or Latino,Overweight,Stage II,1,Dose Low,
SUB-1485,S25,2026-08-02,2026-08-18,Completed,43,41-55,Female,White,Not Reported,Normal,Stage IV,0,Dose Low,
SUB-1486,S25,2025-10-19,2025-10-25,Withdrawn,20,18-40,Female,Black or African American,Not Hispanic or Latino,Overweight,Stage IV,0,Dose High,Protocol Violation
SUB-1487,S25,2025-10-04,2025-10-24,On Treatment,65,56-65,Female,Black or African American,Not Hispanic or Latino,Overweight,Stage III,2,Dose Low,
SUB-1488,S25,2026-04-04,2026-04-10,Completed,47,41-55,Male,Asian,Not Hispanic or Latino,Obese,Stage III,1,Dose High,
SUB-1489,S25,2025-07-29,2025-08-12,On Treatment,80,65+,Female,Other,Not Hispanic or Latino,Overweight,Stage II,1,Placebo,
SUB-1490,S26,2025-08-14,2025-09-02,On Treatment,33,18-40,Male,White,Not Hispanic or Latino,Obese,Stage II,2,Placebo,
SUB-1491,S26,2026-07-20,2026-07-31,On Treatment,82,65+,Male,White,Not Hispanic or Latino,Obese,Stage III,0,Dose Low,
SUB-1492,S26,2026-04-13,,Screen Failure,43,41-55,Male,Asian,Not Hispanic or Latino,Obese,Stage III,0,,
SUB-1493,S26,2025-08-12,2025-08-27,On Treatment,54,41-55,Male,White,Not Hispanic or Latino,Overweight,Stage II,1,Placebo,
SUB-1494,S26,2025-03-21,,Screen Failure,58,56-65,Female,Not Reported,Not Hispanic or Latino,Normal,Stage II,1,,
SUB-1495,S26,2025-03-04,2025-03-24,Completed,65,56-65,Male,White,Not Hispanic or Latino,Normal,Stage II,0,Dose High,
SUB-1496,S26,2025-10-27,2025-11-05,On Treatment,25,18-40,Male,White,Not Hispanic or Latino,Normal,Stage IV,1,Dose Low,
SUB-1497,S26,2025-07-16,2025-07-25,Withdrawn,43,41-55,Male,White,Not Hispanic or Latino,Normal,Stage III,2,Dose Low,Protocol Violation
SUB-1498,S26,2025-10-30,,Screen Failure,59,56-65,Female,White,Not Hispanic or Latino,Normal,Stage III,0,,
SUB-1499,S26,2026-07-17,2026-08-04,Completed,59,56-65,Female,Asian,Not Hispanic or Latino,Normal,Stage IV,0,Dose High,
SUB-1500,S26,2026-08-11,2026-08-28,Randomized,45,41-55,Female,White,Not Hispanic or Latino,Underweight,Stage II,1,Placebo,
SUB-1501,S26,2025-03-04,,Screen Failure,33,18-40,Female,White,Not Hispanic or Latino,Overweight,Stage IV,1,,
SUB-1502,S26,2025-08-12,,Screen Failure,20,18-40,Female,Other,Hispanic or Latino,Obese,Stage III,0,,
SUB-1503,S26,2026-08-01,,Screen Failure,65,56-65,Male,Black or African American,Hispanic or Latino,Overweight,Stage IV,0,,
SUB-1504,S26,2026-07-15,,Screen Failure,29,18-40,Female,Black or African American,Not Hispanic or Latino,Normal,Stage III,2,,
SUB-1505,S26,2026-07-03,2026-07-09,Randomized,67,65+,Female,White,Not Hispanic or Latino,Normal,Stage II,1,Dose Low,
SUB-1506,S26,2026-01-30,2026-02-14,On Treatment,42,41-55,Female,White,Not Hispanic or Latino,Overweight,Stage II,0,Placebo,
SUB-1507,S26,2026-02-07,2026-02-13,On Treatment,24,18-40,Male,White,Not Hispanic or Latino,Overweight,Stage III,0,Dose High,
SUB-1508,S26,2026-02-18,,Screen Failure,40,18-40,Female,Black or African American,Not Hispanic or Latino,Obese,Stage IV,1,,
SUB-1509,S26,2025-04-28,2025-05-12,On Treatment,43,41-55,Female,White,Hispanic or Latino,Obese,Stage II,1,Placebo,
SUB-1510,S26,2026-04-03,,Screen Failure,42,41-55,Female,Black or African American,Not Hispanic or Latino,Obese,Stage III,2,,
SUB-1511,S26,2025-06-26,2025-07-11,On Treatment,80,65+,Male,White,Hispanic or Latino,Obese,Stage IV,0,Dose High,
SUB-1512,S26,2026-01-30,2026-02-11,Completed,60,56-65,Male,Black or African American,Not Hispanic or Latino,Normal,Stage III,1,Dose High,
SUB-1513,S26,2025-05-14,2025-05-28,Randomized,47,41-55,Male,White,Not Reported,Obese,Stage II,0,Dose Low,
SUB-1514,S26,2025-09-03,2025-09-14,On Treatment,60,56-65,Male,Asian,Not Reported,Normal,Stage III,1,Dose Low,
SUB-1515,S26,2025-09-06,2025-09-17,On Treatment,37,18-40,Female,White,Not Hispanic or Latino,Normal,Stage II,0,Dose High,
SUB-1516,S26,2025-12-28,,Screen Failure,63,56-65,Female,Asian,Hispanic or Latino,Normal,Stage II,1,,
SUB-1517,S26,2025-06-16,,Screen Failure,33,18-40,Male,White,Not Hispanic or Latino,Obese,Stage III,2,,
SUB-1518,S26,2026-03-13,2026-03-27,Completed,70,65+,Male,Other,Not Hispanic or Latino,Obese,Stage IV,2,Dose Low,
SUB-1519,S26,2025-03-24,2025-03-31,Completed,19,18-40,Male,White,Not Hispanic or Latino,Underweight,Stage III,1,Placebo,
SUB-1520,S26,2025-09-28,2025-10-06,Withdrawn,35,18-40,Male,White,Not Hispanic or Latino,Obese,Stage III,0,Placebo,Adverse Event
SUB-1521,S26,2025-11-24,2025-11-29,Completed,72,65+,Male,Not Reported,Not Hispanic or Latino,Obese,Stage II,0,Dose Low,
SUB-1522,S26,2025-03-03,2025-03-06,Randomized,25,18-40,Female,White,Not Reported,Obese,Stage III,1,Dose High,
SUB-1523,S26,2025-12-15,2025-12-19,On Treatment,19,18-40,Male,White,Not Hispanic or Latino,Overweight,Stage III,1,Placebo,
SUB-1524,S26,2026-08-12,2026-08-23,On Treatment,61,56-65,Female,White,Not Hispanic or Latino,Overweight,Stage III,0,Dose High,
SUB-1525,S26,2025-03-30,2025-04-16,On Treatment,50,41-55,Female,White,Not Hispanic or Latino,Obese,Stage III,1,Dose High,
SUB-1526,S26,2026-07-18,,Screen Failure,35,18-40,Female,White,Not Hispanic or Latino,Normal,Stage IV,2,,
SUB-1527,S26,2025-05-22,,Screen Failure,74,65+,Female,White,Hispanic or Latino,Normal,Stage IV,1,,
SUB-1528,S26,2025-10-06,2025-10-19,Randomized,62,56-65,Male,Black or African American,Not Hispanic or Latino,Obese,Stage IV,1,Placebo,
SUB-1529,S26,2026-04-16,2026-05-05,On Treatment,79,65+,Female,White,Not Hispanic or Latino,Normal,Stage III,3,Dose High,
SUB-1530,S26,2026-08-01,2026-08-08,Randomized,58,56-65,Male,White,Not Hispanic or Latino,Obese,Stage IV,1,Dose High,
SUB-1531,S26,2026-06-18,2026-07-03,Completed,28,18-40,Female,Asian,Not Hispanic or Latino,Normal,Stage IV,2,Placebo,
SUB-1532,S26,2025-11-24,2025-12-01,On Treatment,62,56-65,Male,Not Reported,Not Hispanic or Latino,Overweight,Stage IV,1,Dose High,
SUB-1533,S26,2025-06-12,2025-06-19,On Treatment,67,65+,Male,Asian,Not Hispanic or Latino,Normal,Stage III,3,Dose Low,
SUB-1534,S26,2026-06-25,,Screen Failure,40,18-40,Female,White,Not Hispanic or Latino,Normal,Stage III,1,,
SUB-1535,S26,2025-04-08,2025-04-11,Withdrawn,28,18-40,Female,White,Not Hispanic or Latino,Obese,Stage IV,2,Dose High,Consent Withdrawn
SUB-1536,S26,2025-06-07,2025-06-22,Randomized,48,41-55,Male,Not Reported,Not Hispanic or Latino,Normal,Stage III,2,Placebo,
SUB-1537,S26,2025-07-10,2025-07-23,Randomized,52,41-55,Female,Asian,Hispanic or Latino,Overweight,Stage III,0,Placebo,
SUB-1538,S26,2025-03-15,2025-03-28,Completed,40,18-40,Female,Black or African American,Not Hispanic or Latino,Overweight,Stage IV,0,Placebo,
SUB-1539,S26,2025-06-12,,Screen Failure,43,41-55,Male,White,Not Hispanic or Latino,Normal,Stage II,3,,
SUB-1540,S26,2025-08-27,2025-09-15,Completed,80,65+,Female,White,Not Hispanic or Latino,Normal,Stage III,1,Dose High,
SUB-1541,S26,2025-05-08,2025-05-12,On Treatment,45,41-55,Female,White,Not Hispanic or Latino,Normal,Stage II,2,Dose High,
SUB-1542,S26,2026-07-28,2026-08-16,On Treatment,61,56-65,Male,Black or African American,Hispanic or Latino,Normal,Stage III,2,Dose High,
SUB-1543,S26,2025-12-02,,Screen Failure,49,41-55,Female,White,Not Hispanic or Latino,Normal,Stage II,1,,
SUB-1544,S26,2026-04-14,,Screen Failure,70,65+,Male,Asian,Not Hispanic or Latino,Normal,Stage IV,0,,
SUB-1545,S26,2026-02-07,,Screen Failure,76,65+,Female,White,Not Hispanic or Latino,Overweight,Stage IV,1,,
SUB-1546,S26,2025-10-20,,Screen Failure,70,65+,Female,White,Hispanic or Latino,Overweight,Stage III,0,,
SUB-1547,S27,2025-08-28,2025-09-12,Completed,54,41-55,Male,White,Hispanic or Latino,Obese,Stage IV,2,Dose Low,
SUB-1548,S27,2026-07-13,2026-07-28,Withdrawn,52,41-55,Female,White,Not Hispanic or Latino,Normal,Stage II,3,Placebo,Consent Withdrawn
SUB-1549,S27,2025-03-08,,Screen Failure,38,18-40,Female,White,Not Hispanic or Latino,Normal,Stage IV,0,,
SUB-1550,S27,2025-08-13,,Screen Failure,80,65+,Male,Black or African American,Not Hispanic or Latino,Overweight,Stage IV,2,,
SUB-1551,S27,2025-03-10,2025-03-24,Completed,78,65+,Male,White,Not Hispanic or Latino,Normal,Stage IV,0,Dose High,
SUB-1552,S27,2026-04-06,2026-04-19,On Treatment,74,65+,Female,Not Reported,Not Hispanic or Latino,Overweight,Stage II,0,Dose Low,
SUB-1553,S27,2025-02-14,2025-02-18,On Treatment,53,41-55,Female,Other,Not Hispanic or Latino,Normal,Stage III,1,Placebo,
SUB-1554,S27,2026-04-15,2026-04-27,Withdrawn,50,41-55,Male,White,Not Hispanic or Latino,Obese,Stage IV,1,Dose Low,Protocol Violation
SUB-1555,S27,2026-01-26,2026-01-31,Completed,40,18-40,Female,White,Not Hispanic or Latino,Obese,Stage III,0,Dose High,
SUB-1556,S27,2025-05-31,,Screen Failure,20,18-40,Male,White,Not Hispanic or Latino,Normal,Stage III,1,,
SUB-1557,S27,2025-10-29,,Screen Failure,45,41-55,Female,White,Hispanic or Latino,Obese,Stage II,3,,
SUB-1558,S27,2025-07-16,2025-07-19,On Treatment,59,56-65,Female,White,Not Hispanic or Latino,Overweight,Stage III,1,Placebo,
SUB-1559,S27,2025-05-28,2025-06-10,Completed,28,18-40,Female,Not Reported,Not Hispanic or Latino,Overweight,Stage IV,1,Dose Low,
SUB-1560,S27,2025-08-01,2025-08-06,On Treatment,19,18-40,Female,White,Not Hispanic or Latino,Overweight,Stage II,3,Dose Low,
SUB-1561,S27,2025-04-24,2025-05-06,Randomized,35,18-40,Male,Other,Not Hispanic or Latino,Obese,Stage IV,0,Dose High,
SUB-1562,S27,2026-03-24,,Screen Failure,67,65+,Male,White,Not Hispanic or Latino,Normal,Stage IV,1,,
SUB-1563,S27,2026-04-22,2026-05-02,Randomized,81,65+,Male,White,Not Hispanic or Latino,Overweight,Stage IV,2,Dose High,
SUB-1564,S27,2026-03-24,2026-04-10,On Treatment,74,65+,Male,Black or African American,Not Hispanic or Latino,Normal,Stage III,2,Dose High,
SUB-1565,S27,2025-07-13,2025-07-27,Withdrawn,20,18-40,Male,White,Not Hispanic or Latino,Obese,Stage III,0,Placebo,Consent Withdrawn
SUB-1566,S27,2025-03-27,,Screen Failure,18,18-40,Female,White,Not Hispanic or Latino,Overweight,Stage IV,1,,
SUB-1567,S27,2025-03-18,2025-03-24,Completed,37,18-40,Female,Black or African American,Not Hispanic or Latino,Obese,Stage III,0,Dose High,
SUB-1568,S27,2026-05-04,2026-05-19,On Treatment,21,18-40,Female,White,Not Hispanic or Latino,Normal,Stage IV,1,Placebo,
SUB-1569,S27,2026-08-03,,Screen Failure,30,18-40,Male,White,Not Hispanic or Latino,Obese,Stage III,1,,
SUB-1570,S27,2025-10-28,2025-11-09,On Treatment,40,18-40,Male,White,Not Hispanic or Latino,Obese,Stage III,0,Placebo,
SUB-1571,S27,2025-10-28,,Screen Failure,45,41-55,Male,White,Not Hispanic or Latino,Normal,Stage II,3,,
SUB-1572,S27,2026-06-03,2026-06-23,Randomized,39,18-40,Male,White,Not Hispanic or Latino,Normal,Stage II,1,Dose Low,
SUB-1573,S27,2025-04-15,2025-05-02,Withdrawn,36,18-40,Male,Other,Not Hispanic or Latino,Underweight,Stage IV,0,Placebo,Lost to Follow-up
SUB-1574,S27,2025-02-21,2025-03-10,On Treatment,68,65+,Female,White,Not Hispanic or Latino,Normal,Stage III,3,Dose High,
SUB-1575,S27,2025-03-03,2025-03-18,On Treatment,72,65+,Female,White,Not Hispanic or Latino,Obese,Stage III,2,Placebo,
SUB-1576,S27,2025-03-28,2025-04-14,On Treatment,27,18-40,Female,Asian,Not Hispanic or Latino,Obese,Stage II,0,Dose Low,
SUB-1577,S27,2026-03-21,2026-03-28,On Treatment,46,41-55,Male,White,Not Hispanic or Latino,Overweight,Stage III,2,Placebo,
SUB-1578,S27,2026-04-18,,Screen Failure,22,18-40,Male,White,Not Hispanic or Latino,Normal,Stage II,0,,
SUB-1579,S27,2026-03-31,2026-04-20,On Treatment,63,56-65,Female,Other,Not Hispanic or Latino,Overweight,Stage II,1,Dose High,
SUB-1580,S27,2026-06-01,2026-06-15,On Treatment,55,41-55,Male,Asian,Not Hispanic or Latino,Overweight,Stage II,0,Dose High,
SUB-1581,S27,2025-06-08,,Screen Failure,25,18-40,Female,White,Not Hispanic or Latino,Obese,Stage II,2,,
SUB-1582,S27,2025-03-21,2025-03-31,On Treatment,22,18-40,Male,White,Not Hispanic or Latino,Obese,Stage IV,1,Dose High,
SUB-1583,S27,2026-02-04,2026-02-20,On Treatment,25,18-40,Male,Asian,Not Hispanic or Latino,Normal,Stage II,0,Dose High,
SUB-1584,S27,2025-07-18,2025-07-27,Completed,47,41-55,Female,White,Not Hispanic or Latino,Normal,Stage IV,0,Placebo,
SUB-1585,S27,2026-07-13,2026-07-29,Completed,21,18-40,Female,White,Not Hispanic or Latino,Overweight,Stage III,0,Dose Low,
SUB-1586,S27,2026-04-15,,Screen Failure,29,18-40,Male,Not Reported,Hispanic or Latino,Overweight,Stage II,2,,
SUB-1587,S27,2026-06-28,2026-07-17,Randomized,25,18-40,Female,Black or African American,Not Hispanic or Latino,Normal,Stage II,1,Dose Low,
SUB-1588,S27,2026-01-24,2026-02-08,Completed,28,18-40,Female,Black or African American,Not Hispanic or Latino,Obese,Stage II,3,Dose High,
SUB-1589,S27,2026-07-08,2026-07-22,On Treatment,72,65+,Female,White,Not Hispanic or Latino,Normal,Stage II,2,Dose High,
SUB-1590,S27,2025-08-15,2025-08-20,On Treatment,57,56-65,Male,White,Not Hispanic or Latino,Obese,Stage III,2,Dose Low,
SUB-1591,S27,2025-08-30,2025-09-17,Withdrawn,60,56-65,Female,White,Not Hispanic or Latino,Normal,Stage II,0,Dose Low,Adverse Event
SUB-1592,S27,2025-09-09,2025-09-16,On Treatment,28,18-40,Female,White,Not Hispanic or Latino,Overweight,Stage II,0,Dose Low,
SUB-1593,S27,2025-07-17,2025-08-05,Randomized,48,41-55,Female,Black or African American,Hispanic or Latino,Normal,Stage IV,1,Placebo,
SUB-1594,S27,2026-08-09,2026-08-25,Randomized,64,56-65,Female,White,Not Hispanic or Latino,Overweight,Stage III,1,Placebo,
SUB-1595,S27,2026-06-07,,Screen Failure,32,18-40,Male,Not Reported,Hispanic or Latino,Obese,Stage II,1,,
SUB-1596,S27,2026-07-28,2026-08-12,On Treatment,21,18-40,Male,Black or African American,Not Hispanic or Latino,Normal,Stage IV,1,Placebo,
SUB-1597,S27,2025-10-12,2025-10-16,On Treatment,61,56-65,Female,Black or African American,Not Hispanic or Latino,Normal,Stage II,0,Dose Low,
SUB-1598,S27,2026-03-23,,Screen Failure,48,41-55,Male,White,Not Reported,Overweight,Stage II,1,,
SUB-1599,S27,2026-01-12,,Screen Failure,23,18-40,Female,Black or African American,Not Hispanic or Latino,Overweight,Stage II,2,,
SUB-1600,S27,2025-08-07,2025-08-24,On Treatment,31,18-40,Male,White,Not Hispanic or Latino,Overweight,Stage IV,1,Placebo,
SUB-1601,S27,2025-06-29,2025-07-16,On Treatment,35,18-40,Female,White,Hispanic or Latino,Normal,Stage IV,0,Placebo,
SUB-1602,S27,2026-07-22,2026-08-12,On Treatment,65,56-65,Male,White,Not Hispanic or Latino,Obese,Stage III,3,Dose Low,
SUB-1603,S27,2025-09-27,2025-10-05,Randomized,64,56-65,Female,Black or African American,Not Hispanic or Latino,Normal,Stage IV,2,Dose High,
SUB-1604,S27,2025-11-16,2025-11-24,On Treatment,75,65+,Female,White,Not Hispanic or Latino,Normal,Stage IV,1,Dose Low,
SUB-1605,S27,2025-07-16,2025-07-29,On Treatment,65,56-65,Female,Asian,Not Hispanic or Latino,Normal,Stage II,1,Dose High,
SUB-1606,S27,2025-09-30,2025-10-21,Completed,29,18-40,Female,White,Not Hispanic or Latino,Overweight,Stage III,2,Dose High,
SUB-1607,S27,2025-10-05,2025-10-14,On Treatment,54,41-55,Female,White,Not Hispanic or Latino,Normal,Stage III,0,Dose High,
SUB-1608,S27,2025-12-05,2025-12-22,On Treatment,41,41-55,Male,White,Not Hispanic or Latino,Obese,Stage IV,2,Dose High,
SUB-1609,S27,2026-04-05,2026-04-10,Completed,55,41-55,Female,Other,Not Hispanic or Latino,Normal,Stage IV,0,Dose High,
SUB-1610,S27,2026-05-27,2026-06-11,Completed,50,41-55,Male,White,Not Hispanic or Latino,Obese,Stage III,0,Dose High,
SUB-1611,S28,2026-08-31,2026-09-15,Withdrawn,58,56-65,Female,Black or African American,Not Hispanic or Latino,Normal,Stage II,2,Dose High,Consent Withdrawn
SUB-1612,S28,2026-08-23,,Screen Failure,48,41-55,Female,Asian,Not Reported,Normal,Stage IV,2,,
SUB-1613,S28,2025-09-28,2025-10-02,On Treatment,24,18-40,Male,Asian,Hispanic or Latino,Normal,Stage II,0,Placebo,
SUB-1614,S28,2026-06-19,,Screen Failure,70,65+,Female,Black or African American,Not Hispanic or Latino,Normal,Stage IV,0,,
SUB-1615,S28,2026-09-11,2026-09-29,Withdrawn,30,18-40,Male,White,Not Hispanic or Latino,Obese,Stage IV,1,Dose High,Physician Decision
SUB-1616,S28,2026-09-04,2026-09-10,On Treatment,34,18-40,Female,Not Reported,Not Hispanic or Latino,Normal,Stage III,2,Dose Low,
SUB-1617,S28,2025-12-19,2026-01-01,Withdrawn,68,65+,Female,White,Not Hispanic or Latino,Normal,Stage III,0,Placebo,Protocol Violation
SUB-1618,S28,2025-12-15,,Screen Failure,81,65+,Female,Other,Not Hispanic or Latino,Normal,Stage II,1,,
SUB-1619,S28,2026-09-11,2026-09-22,On Treatment,37,18-40,Male,White,Hispanic or Latino,Normal,Stage II,0,Dose High,
SUB-1620,S28,2026-09-15,,Screen Failure,71,65+,Male,White,Hispanic or Latino,Normal,Stage III,1,,
SUB-1621,S28,2026-06-09,2026-06-18,On Treatment,35,18-40,Male,White,Not Hispanic or Latino,Normal,Stage III,2,Dose High,
SUB-1622,S28,2026-08-21,2026-08-28,On Treatment,24,18-40,Male,White,Not Hispanic or Latino,Obese,Stage III,0,Placebo,
SUB-1623,S28,2026-06-05,2026-06-13,On Treatment,36,18-40,Female,Black or African American,Not Hispanic or Latino,Overweight,Stage II,0,Placebo,
SUB-1624,S28,2026-08-29,2026-09-14,On Treatment,68,65+,Male,White,Not Hispanic or Latino,Obese,Stage IV,2,Placebo,
SUB-1625,S28,2026-08-29,2026-09-02,On Treatment,39,18-40,Male,White,Hispanic or Latino,Obese,Stage II,0,Dose High,
SUB-1626,S28,2026-01-09,2026-01-22,On Treatment,71,65+,Female,White,Hispanic or Latino,Overweight,Stage IV,1,Dose Low,
SUB-1627,S28,2026-07-11,2026-07-24,On Treatment,52,41-55,Female,White,Not Hispanic or Latino,Overweight,Stage II,0,Dose High,
SUB-1628,S28,2025-11-20,2025-12-05,Randomized,44,41-55,Male,Not Reported,Not Hispanic or Latino,Obese,Stage II,0,Placebo,
SUB-1629,S28,2026-09-16,,Screen Failure,80,65+,Female,White,Not Hispanic or Latino,Overweight,Stage IV,0,,
SUB-1630,S28,2025-12-07,2025-12-23,On Treatment,78,65+,Female,White,Hispanic or Latino,Obese,Stage IV,0,Dose Low,
SUB-1631,S28,2026-09-11,2026-09-22,Completed,35,18-40,Male,Not Reported,Not Hispanic or Latino,Normal,Stage III,0,Placebo,
SUB-1632,S28,2025-10-01,,Screened,57,56-65,Male,White,Hispanic or Latino,Normal,Stage II,1,,
SUB-1633,S28,2026-09-01,2026-09-09,On Treatment,40,18-40,Male,White,Not Hispanic or Latino,Obese,Stage III,1,Dose High,
SUB-1634,S28,2026-07-03,2026-07-13,On Treatment,31,18-40,Female,White,Not Hispanic or Latino,Obese,Stage II,1,Placebo,
SUB-1635,S28,2025-10-18,,Screen Failure,59,56-65,Male,Asian,Not Hispanic or Latino,Overweight,Stage III,1,,
SUB-1636,S28,2025-11-01,2025-11-18,Randomized,41,41-55,Female,White,Hispanic or Latino,Normal,Stage II,1,Placebo,
SUB-1637,S28,2026-08-10,2026-08-23,On Treatment,77,65+,Female,White,Hispanic or Latino,Normal,Stage IV,0,Placebo,
SUB-1638,S28,2026-06-03,2026-06-16,On Treatment,67,65+,Female,Not Reported,Not Hispanic or Latino,Normal,Stage IV,1,Dose High,
SUB-1639,S28,2026-08-11,2026-08-25,On Treatment,20,18-40,Female,Asian,Not Hispanic or Latino,Normal,Stage II,2,Placebo,
SUB-1640,S28,2025-11-28,2025-12-11,Completed,41,41-55,Female,White,Not Hispanic or Latino,Overweight,Stage II,2,Dose High,
SUB-1641,S28,2025-12-25,,Screen Failure,32,18-40,Male,Other,Not Hispanic or Latino,Obese,Stage II,2,,
SUB-1642,S28,2026-04-03,,Screen Failure,23,18-40,Female,Not Reported,Hispanic or Latino,Obese,Stage II,0,,
SUB-1643,S28,2026-09-18,,Screen Failure,26,18-40,Male,White,Not Hispanic or Latino,Normal,Stage II,2,,
SUB-1644,S28,2026-09-14,,Screen Failure,42,41-55,Female,White,Not Hispanic or Latino,Normal,Stage III,2,,
SUB-1645,S28,2026-07-01,2026-07-20,On Treatment,30,18-40,Female,Black or African American,Not Hispanic or Latino,Obese,Stage II,3,Dose Low,
SUB-1646,S28,2026-09-19,2026-09-29,On Treatment,81,65+,Male,Asian,Not Reported,Obese,Stage IV,0,Dose Low,
SUB-1647,S28,2026-08-27,,Screen Failure,71,65+,Female,White,Hispanic or Latino,Obese,Stage IV,1,,
SUB-1648,S28,2025-10-18,2025-10-21,On Treatment,54,41-55,Female,White,Not Hispanic or Latino,Normal,Stage III,1,Placebo,
SUB-1649,S28,2026-09-05,2026-09-15,Completed,44,41-55,Female,White,Not Hispanic or Latino,Normal,Stage II,3,Dose Low,
SUB-1650,S28,2026-09-28,2026-09-25,On Treatment,46,41-55,Female,Asian,Hispanic or Latino,Normal,Stage IV,1,Dose Low,
SUB-1651,S28,2026-09-11,2026-09-25,Withdrawn,23,18-40,Female,White,Hispanic or Latino,Overweight,Stage III,1,Dose Low,Physician Decision
SUB-1652,S28,2026-09-20,,Screen Failure,25,18-40,Female,White,Not Hispanic or Latino,Overweight,Stage III,0,,
SUB-1653,S28,2026-04-05,2026-04-16,On Treatment,52,41-55,Female,White,Not Hispanic or Latino,Normal,Stage IV,2,Placebo,
SUB-1654,S28,2026-09-07,2026-09-15,On Treatment,38,18-40,Female,Black or African American,Not Hispanic or Latino,Overweight,Stage III,3,Dose Low,
SUB-1655,S28,2026-09-14,,Screened,70,65+,Male,White,Not Hispanic or Latino,Overweight,Stage IV,0,,
SUB-1656,S28,2026-07-01,2026-07-11,Withdrawn,68,65+,Male,Not Reported,Not Hispanic or Latino,Normal,Stage IV,0,Dose Low,Physician Decision
SUB-1657,S28,2026-01-15,,Screen Failure,82,65+,Female,Asian,Not Hispanic or Latino,Obese,Stage II,0,,
SUB-1658,S28,2025-12-21,,Screen Failure,79,65+,Female,White,Not Hispanic or Latino,Overweight,Stage II,0,,
SUB-1659,S28,2026-06-18,,Screened,77,65+,Female,Other,Not Hispanic or Latino,Overweight,Stage II,1,,
SUB-1660,S28,2026-07-05,2026-07-19,Withdrawn,26,18-40,Male,White,Not Hispanic or Latino,Overweight,Stage IV,3,Dose High,Consent Withdrawn
SUB-1661,S28,2026-09-20,,Screen Failure,37,18-40,Male,Asian,Not Hispanic or Latino,Normal,Stage IV,0,,
SUB-1662,S28,2026-08-04,2026-08-17,Withdrawn,18,18-40,Male,White,Not Hispanic or Latino,Normal,Stage IV,0,Placebo,Consent Withdrawn
SUB-1663,S28,2026-05-04,2026-05-07,On Treatment,36,18-40,Female,Black or African American,Not Hispanic or Latino,Obese,Stage IV,0,Dose Low,
SUB-1664,S28,2026-07-17,2026-07-25,On Treatment,62,56-65,Male,Black or African American,Not Reported,Normal,Stage III,0,Dose High,
SUB-1665,S28,2026-09-22,,Screen Failure,22,18-40,Female,White,Not Hispanic or Latino,Overweight,Stage III,1,,
SUB-1666,S28,2026-09-27,2026-09-29,On Treatment,22,18-40,Male,White,Not Hispanic or Latino,Normal,Stage III,0,Dose Low,
SUB-1667,S28,2026-09-01,2026-09-14,On Treatment,28,18-40,Female,White,Not Hispanic or Latino,Overweight,Stage III,3,Placebo,
SUB-1668,S28,2026-05-17,,Screen Failure,33,18-40,Male,White,Not Hispanic or Latino,Overweight,Stage IV,1,,
SUB-1669,S28,2026-08-18,2026-08-21,On Treatment,33,18-40,Female,White,Hispanic or Latino,Overweight,Stage IV,2,Placebo,
SUB-1670,S28,2026-05-16,2026-05-23,Completed,58,56-65,Male,White,Not Hispanic or Latino,Obese,Stage II,0,Placebo,
SUB-1671,S28,2026-09-08,,Screened,23,18-40,Male,White,Hispanic or Latino,Normal,Stage IV,2,,
SUB-1672,S29,2026-07-27,,Screen Failure,78,65+,Male,White,Not Hispanic or Latino,Overweight,Stage IV,0,,
SUB-1673,S29,2025-04-11,2025-04-15,Randomized,25,18-40,Female,White,Not Hispanic or Latino,Obese,Stage III,0,Placebo,
SUB-1674,S29,2026-04-16,2026-04-27,On Treatment,65,56-65,Male,White,Not Hispanic or Latino,Obese,Stage II,2,Placebo,
SUB-1675,S29,2026-06-01,2026-06-20,Completed,80,65+,Female,Other,Not Hispanic or Latino,Obese,Stage III,2,Dose High,
SUB-1676,S29,2025-05-10,2025-05-31,On Treatment,29,18-40,Female,White,Not Hispanic or Latino,Overweight,Stage III,2,Dose High,
SUB-1677,S29,2025-10-04,2025-10-19,Withdrawn,33,18-40,Male,White,Hispanic or Latino,Obese,Stage IV,1,Dose High,Protocol Violation
SUB-1678,S29,2025-09-18,2025-09-23,On Treatment,20,18-40,Female,White,Hispanic or Latino,Normal,Stage IV,0,Placebo,
SUB-1679,S29,2025-12-17,,Screened,63,56-65,Male,White,Not Hispanic or Latino,Normal,Stage IV,1,,
SUB-1680,S29,2025-06-12,2025-06-29,On Treatment,32,18-40,Female,White,Not Reported,Obese,Stage II,0,Placebo,
SUB-1681,S29,2026-05-15,,Screen Failure,69,65+,Female,White,Not Hispanic or Latino,Obese,Stage III,1,,
SUB-1682,S29,2025-07-24,2025-08-13,Completed,72,65+,Female,Other,Not Hispanic or Latino,Normal,Stage III,1,Placebo,
SUB-1683,S29,2026-04-09,2026-04-16,Completed,47,41-55,Female,Black or African American,Hispanic or Latino,Obese,Stage II,0,Placebo,
SUB-1684,S29,2026-06-24,2026-07-03,On Treatment,66,65+,Male,Black or African American,Not Hispanic or Latino,Overweight,Stage IV,0,Placebo,
SUB-1685,S29,2025-11-06,,Screen Failure,73,65+,Female,Not Reported,Not Hispanic or Latino,Normal,Stage IV,1,,
SUB-1686,S29,2026-03-13,2026-04-02,Withdrawn,58,56-65,Male,Not Reported,Not Reported,Normal,Stage II,0,Placebo,Protocol Violation
SUB-1687,S29,2026-03-19,2026-03-22,Completed,56,56-65,Male,Black or African American,Not Hispanic or Latino,Overweight,Stage III,0,Placebo,
SUB-1688,S29,2026-07-09,2026-07-25,Completed,65,56-65,Female,White,Not Hispanic or Latino,Normal,Stage IV,1,Dose Low,
SUB-1689,S29,2026-01-24,2026-02-01,On Treatment,76,65+,Male,White,Not Hispanic or Latino,Overweight,Stage IV,1,Dose Low,
SUB-1690,S29,2025-05-07,2025-05-11,Withdrawn,31,18-40,Male,Other,Hispanic or Latino,Normal,Stage IV,0,Dose High,Lost to Follow-up
SUB-1691,S29,2025-11-24,2025-12-05,Completed,36,18-40,Female,White,Hispanic or Latino,Normal,Stage IV,2,Dose Low,
SUB-1692,S29,2025-09-13,,Screen Failure,44,41-55,Female,Asian,Not Hispanic or Latino,Overweight,Stage IV,2,,
SUB-1693,S29,2026-04-06,2026-04-22,On Treatment,26,18-40,Male,White,Not Hispanic or Latino,Normal,Stage II,0,Dose Low,
SUB-1694,S29,2026-01-10,,Screen Failure,61,56-65,Male,Asian,Not Hispanic or Latino,Obese,Stage IV,1,,
SUB-1695,S29,2025-03-03,2025-03-06,On Treatment,77,65+,Male,White,Not Hispanic or Latino,Obese,Stage II,0,Dose High,
SUB-1696,S29,2025-10-22,2025-11-04,On Treatment,33,18-40,Male,White,Hispanic or Latino,Obese,Stage II,3,Dose High,
SUB-1697,S29,2025-02-16,2025-03-06,Randomized,51,41-55,Female,White,Not Hispanic or Latino,Overweight,Stage IV,0,Dose High,
SUB-1698,S29,2025-06-02,,Screen Failure,48,41-55,Male,Asian,Not Hispanic or Latino,Normal,Stage IV,0,,
SUB-1699,S29,2025-03-08,2025-03-29,Randomized,45,41-55,Male,Black or African American,Not Hispanic or Latino,Obese,Stage II,1,Placebo,
SUB-1700,S29,2026-07-15,2026-07-27,On Treatment,18,18-40,Female,White,Not Hispanic or Latino,Overweight,Stage III,1,Dose Low,
SUB-1701,S29,2025-10-19,2025-10-26,On Treatment,79,65+,Male,White,Not Hispanic or Latino,Normal,Stage IV,0,Placebo,
SUB-1702,S29,2025-07-15,2025-07-31,Completed,63,56-65,Female,Asian,Hispanic or Latino,Overweight,Stage IV,0,Dose High,
SUB-1703,S29,2025-09-01,2025-09-08,Completed,76,65+,Female,White,Not Hispanic or Latino,Normal,Stage III,1,Dose High,
SUB-1704,S29,2025-03-31,,Screen Failure,27,18-40,Male,Other,Not Hispanic or Latino,Normal,Stage IV,0,,
SUB-1705,S29,2026-04-08,,Screen Failure,40,18-40,Female,Other,Hispanic or Latino,Normal,Stage III,1,,
SUB-1706,S29,2025-08-12,2025-08-16,On Treatment,74,65+,Female,White,Not Hispanic or Latino,Overweight,Stage II,2,Dose High,
SUB-1707,S29,2025-07-25,2025-08-04,On Treatment,68,65+,Female,Asian,Not Hispanic or Latino,Overweight,Stage IV,3,Placebo,
SUB-1708,S29,2026-05-07,2026-05-12,On Treatment,62,56-65,Female,White,Not Hispanic or Latino,Overweight,Stage IV,1,Dose Low,
SUB-1709,S29,2025-11-03,,Screen Failure,29,18-40,Female,White,Not Hispanic or Latino,Overweight,Stage II,0,,
SUB-1710,S29,2025-02-13,2025-02-26,On Treatment,36,18-40,Male,White,Not Hispanic or Latino,Normal,Stage III,0,Dose Low,
SUB-1711,S29,2025-12-19,,Screened,23,18-40,Male,White,Not Hispanic or Latino,Overweight,Stage II,3,,
SUB-1712,S29,2025-12-22,,Screened,68,65+,Female,White,Hispanic or Latino,Normal,Stage III,0,,
SUB-1713,S29,2025-03-07,2025-03-11,Withdrawn,32,18-40,Female,White,Not Hispanic or Latino,Overweight,Stage IV,1,Placebo,Lost to Follow-up
SUB-1714,S29,2026-04-23,,Screen Failure,72,65+,Male,White,Not Hispanic or Latino,Overweight,Stage II,3,,
SUB-1715,S29,2026-07-04,2026-07-07,On Treatment,69,65+,Female,Other,Not Hispanic or Latino,Overweight,Stage II,0,Placebo,
SUB-1716,S29,2026-06-04,2026-06-07,On Treatment,37,18-40,Female,Black or African American,Hispanic or Latino,Normal,Stage IV,1,Dose High,
SUB-1717,S29,2026-01-24,,Screen Failure,57,56-65,Male,White,Not Reported,Obese,Stage II,0,,
SUB-1718,S29,2025-05-09,,Screen Failure,76,65+,Female,White,Not Hispanic or Latino,Overweight,Stage II,2,,
SUB-1719,S29,2025-03-04,2025-03-22,Randomized,43,41-55,Male,White,Not Hispanic or Latino,Normal,Stage IV,1,Dose High,
SUB-1720,S29,2026-03-02,2026-03-08,Completed,23,18-40,Female,White,Not Hispanic or Latino,Obese,Stage IV,1,Dose Low,
SUB-1721,S29,2025-05-30,2025-06-20,Completed,37,18-40,Male,White,Not Hispanic or Latino,Normal,Stage III,1,Dose High,
SUB-1722,S29,2026-03-23,2026-04-02,Completed,44,41-55,Female,Asian,Not Hispanic or Latino,Normal,Stage IV,0,Placebo,
SUB-1723,S29,2026-06-23,2026-06-26,Completed,19,18-40,Female,Not Reported,Not Hispanic or Latino,Overweight,Stage IV,0,Dose High,
SUB-1724,S29,2026-06-03,2026-06-24,On Treatment,75,65+,Female,Black or African American,Not Hispanic or Latino,Obese,Stage IV,1,Dose High,
SUB-1725,S29,2025-02-27,,Screen Failure,22,18-40,Female,White,Hispanic or Latino,Normal,Stage III,0,,
SUB-1726,S29,2025-08-25,,Screen Failure,71,65+,Male,White,Not Hispanic or Latino,Normal,Stage III,3,,
SUB-1727,S29,2026-01-22,2026-01-28,On Treatment,20,18-40,Female,White,Not Hispanic or Latino,Normal,Stage III,1,Dose High,
SUB-1728,S29,2025-12-14,2026-01-03,On Treatment,21,18-40,Female,Black or African American,Not Hispanic or Latino,Overweight,Stage II,0,Placebo,
SUB-1729,S29,2026-05-03,2026-05-11,Randomized,30,18-40,Male,Black or African American,Not Hispanic or Latino,Obese,Stage IV,0,Dose Low,
SUB-1730,S29,2026-06-30,2026-07-09,On Treatment,63,56-65,Female,White,Hispanic or Latino,Normal,Stage III,1,Dose High,
SUB-1731,S29,2025-03-23,,Screen Failure,38,18-40,Male,White,Not Hispanic or Latino,Normal,Stage IV,0,,
SUB-1732,S29,2025-11-28,2025-12-05,On Treatment,57,56-65,Female,Black or African American,Not Hispanic or Latino,Normal,Stage II,0,Placebo,
SUB-1733,S29,2025-03-17,,Screen Failure,77,65+,Male,White,Not Hispanic or Latino,Overweight,Stage III,0,,
SUB-1734,S29,2025-08-28,2025-09-09,Completed,80,65+,Female,Asian,Not Hispanic or Latino,Obese,Stage IV,0,Dose Low,
SUB-1735,S29,2026-02-25,2026-03-15,On Treatment,82,65+,Female,Black or African American,Not Hispanic or Latino,Normal,Stage IV,0,Dose High,
SUB-1736,S29,2025-03-25,2025-03-29,On Treatment,45,41-55,Female,Not Reported,Not Hispanic or Latino,Obese,Stage II,3,Dose High,
SUB-1737,S30,2026-06-29,2026-07-08,On Treatment,42,41-55,Female,Asian,Not Hispanic or Latino,Normal,Stage III,3,Placebo,
SUB-1738,S30,2026-07-11,2026-07-31,On Treatment,44,41-55,Male,White,Not Hispanic or Latino,Overweight,Stage III,0,Dose High,
SUB-1739,S30,2026-07-10,2026-07-27,On Treatment,60,56-65,Male,Not Reported,Not Hispanic or Latino,Underweight,Stage III,1,Dose High,
SUB-1740,S30,2026-03-09,,Screen Failure,58,56-65,Male,White,Hispanic or Latino,Obese,Stage IV,1,,
SUB-1741,S30,2026-04-21,2026-04-29,On Treatment,75,65+,Female,White,Not Hispanic or Latino,Overweight,Stage II,1,Dose High,
SUB-1742,S30,2026-04-14,2026-05-03,On Treatment,22,18-40,Male,White,Not Hispanic or Latino,Normal,Stage IV,0,Dose High,
SUB-1743,S30,2025-10-26,,Screened,20,18-40,Male,White,Not Hispanic or Latino,Normal,Stage II,1,,
SUB-1744,S30,2026-01-25,2026-02-15,Completed,74,65+,Female,White,Hispanic or Latino,Overweight,Stage II,1,Dose Low,
SUB-1745,S30,2025-11-02,,Screen Failure,76,65+,Male,White,Not Hispanic or Latino,Normal,Stage II,0,,
SUB-1746,S30,2026-08-17,,Screen Failure,56,56-65,Male,White,Not Hispanic or Latino,Overweight,Stage II,0,,
SUB-1747,S30,2026-09-28,,Screen Failure,81,65+,Female,Other,Not Hispanic or Latino,Normal,Stage IV,0,,
SUB-1748,S30,2025-10-28,2025-11-08,Randomized,71,65+,Male,Black or African American,Hispanic or Latino,Normal,Stage II,0,Placebo,
SUB-1749,S30,2026-07-28,2026-08-02,On Treatment,69,65+,Male,White,Not Hispanic or Latino,Normal,Stage IV,1,Dose High,
SUB-1750,S30,2025-05-22,2025-06-11,Completed,45,41-55,Female,White,Not Hispanic or Latino,Normal,Stage IV,2,Dose High,
SUB-1751,S30,2025-09-03,2025-09-11,On Treatment,20,18-40,Male,White,Not Hispanic or Latino,Overweight,Stage IV,1,Dose Low,
SUB-1752,S30,2026-06-07,,Screened,38,18-40,Female,White,Not Reported,Obese,Stage III,2,,
SUB-1753,S30,2025-07-12,,Screen Failure,36,18-40,Female,White,Not Hispanic or Latino,Normal,Stage III,2,,
SUB-1754,S30,2026-05-31,2026-06-18,On Treatment,22,18-40,Female,White,Not Reported,Normal,Stage IV,0,Dose Low,
SUB-1755,S30,2026-03-10,,Screen Failure,42,41-55,Female,White,Not Hispanic or Latino,Obese,Stage III,1,,
SUB-1756,S30,2026-07-25,2026-08-09,On Treatment,41,41-55,Female,Asian,Not Hispanic or Latino,Obese,Stage IV,1,Placebo,
SUB-1757,S30,2026-04-27,,Screen Failure,76,65+,Male,White,Not Hispanic or Latino,Normal,Stage IV,2,,
SUB-1758,S30,2025-10-26,2025-11-07,Randomized,28,18-40,Female,Asian,Not Hispanic or Latino,Normal,Stage IV,1,Dose High,
SUB-1759,S30,2025-10-01,2025-10-12,On Treatment,35,18-40,Female,Asian,Not Hispanic or Latino,Normal,Stage IV,0,Placebo,
SUB-1760,S30,2026-05-21,2026-06-01,On Treatment,25,18-40,Female,White,Not Hispanic or Latino,Normal,Stage IV,1,Placebo,
SUB-1761,S30,2026-02-11,,Screen Failure,30,18-40,Female,Black or African American,Not Hispanic or Latino,Normal,Stage II,0,,
SUB-1762,S30,2025-10-21,,Screen Failure,48,41-55,Male,Asian,Not Hispanic or Latino,Overweight,Stage III,2,,
SUB-1763,S30,2026-07-27,2026-08-05,Completed,18,18-40,Female,White,Not Hispanic or Latino,Normal,Stage III,2,Placebo,
SUB-1764,S30,2025-11-10,2025-11-23,Withdrawn,23,18-40,Male,White,Not Hispanic or Latino,Obese,Stage III,1,Dose High,Protocol Violation
SUB-1765,S30,2026-06-10,2026-06-14,On Treatment,51,41-55,Male,Asian,Hispanic or Latino,Obese,Stage III,3,Dose High,
SUB-1766,S30,2026-01-12,2026-01-16,Withdrawn,68,65+,Male,White,Hispanic or Latino,Overweight,Stage III,2,Placebo,Consent Withdrawn
SUB-1767,S30,2026-04-08,,Screen Failure,21,18-40,Female,Black or African American,Not Hispanic or Latino,Overweight,Stage IV,2,,
SUB-1768,S30,2025-05-04,2025-05-14,On Treatment,51,41-55,Male,White,Not Hispanic or Latino,Overweight,Stage II,1,Placebo,
SUB-1769,S30,2026-02-08,2026-02-16,Completed,61,56-65,Male,White,Not Hispanic or Latino,Overweight,Stage III,2,Placebo,
SUB-1770,S30,2026-04-11,2026-04-30,Withdrawn,54,41-55,Male,White,Not Hispanic or Latino,Normal,Stage II,0,Dose Low,Protocol Violation
SUB-1771,S30,2025-05-24,2025-06-02,On Treatment,52,41-55,Female,Black or African American,Not Hispanic or Latino,Overweight,Stage III,2,Placebo,
SUB-1772,S30,2026-09-14,2026-09-22,Withdrawn,66,65+,Female,White,Not Hispanic or Latino,Normal,Stage IV,0,Placebo,Protocol Violation
SUB-1773,S30,2025-09-13,2025-09-24,On Treatment,66,65+,Female,White,Not Hispanic or Latino,Overweight,Stage IV,0,Placebo,
SUB-1774,S30,2025-05-17,2025-05-28,Randomized,68,65+,Female,Other,Not Hispanic or Latino,Normal,Stage IV,0,Dose Low,
SUB-1775,S30,2026-07-13,2026-07-17,Randomized,60,56-65,Female,White,Not Hispanic or Latino,Normal,Stage II,0,Dose Low,
SUB-1776,S30,2025-10-25,2025-11-15,On Treatment,75,65+,Female,Asian,Not Hispanic or Latino,Overweight,Stage II,3,Dose High,
SUB-1777,S30,2025-09-21,2025-10-02,Completed,58,56-65,Male,Black or African American,Hispanic or Latino,Overweight,Stage III,0,Dose High,
SUB-1778,S30,2025-12-05,2025-12-25,Completed,29,18-40,Female,White,Hispanic or Latino,Overweight,Stage II,2,Placebo,
SUB-1779,S30,2026-08-13,2026-08-28,On Treatment,74,65+,Male,Asian,Not Hispanic or Latino,Normal,Stage III,3,Dose Low,
SUB-1780,S30,2026-02-27,2026-03-20,Randomized,44,41-55,Male,Not Reported,Hispanic or Latino,Obese,Stage II,1,Placebo,
SUB-1781,S30,2026-08-13,2026-08-29,On Treatment,53,41-55,Male,Black or African American,Not Hispanic or Latino,Overweight,Stage III,0,Placebo,
SUB-1782,S30,2026-04-10,2026-04-18,On Treatment,78,65+,Female,White,Not Hispanic or Latino,Obese,Stage III,1,Dose Low,
SUB-1783,S30,2025-09-28,2025-10-09,Completed,61,56-65,Male,White,Hispanic or Latino,Overweight,Stage II,1,Dose High,
SUB-1784,S30,2026-04-14,,Screen Failure,42,41-55,Female,Black or African American,Not Hispanic or Latino,Normal,Stage IV,0,,
SUB-1785,S30,2025-08-18,2025-09-04,On Treatment,30,18-40,Male,White,Hispanic or Latino,Overweight,Stage III,0,Dose Low,
SUB-1786,S30,2026-05-21,,Screen Failure,80,65+,Female,Other,Not Hispanic or Latino,Overweight,Stage IV,1,,
SUB-1787,S30,2026-03-26,2026-04-13,Withdrawn,44,41-55,Male,Other,Not Hispanic or Latino,Obese,Stage III,1,Dose Low,Lost to Follow-up
SUB-1788,S30,2025-09-15,,Screen Failure,74,65+,Male,Black or African American,Not Hispanic or Latino,Obese,Stage IV,1,,
SUB-1789,S30,2025-11-19,,Screened,69,65+,Male,White,Hispanic or Latino,Normal,Stage III,0,,
SUB-1790,S30,2025-07-28,2025-07-31,On Treatment,42,41-55,Female,Not Reported,Not Hispanic or Latino,Obese,Stage IV,0,Placebo,
SUB-1791,S30,2026-06-23,2026-07-01,Withdrawn,24,18-40,Male,White,Not Hispanic or Latino,Obese,Stage III,1,Placebo,Adverse Event
SUB-1792,S30,2025-05-25,,Screen Failure,53,41-55,Male,Other,Hispanic or Latino,Overweight,Stage II,0,,
SUB-1793,S30,2026-08-18,2026-08-21,Completed,35,18-40,Male,Other,Not Hispanic or Latino,Overweight,Stage II,1,Placebo,
SUB-1794,S30,2025-10-16,,Screen Failure,46,41-55,Male,White,Hispanic or Latino,Obese,Stage III,1,,
SUB-1795,S30,2025-08-04,2025-08-17,On Treatment,43,41-55,Male,Not Reported,Hispanic or Latino,Obese,Stage III,2,Dose High,
SUB-1796,S30,2026-04-16,2026-04-21,Completed,40,18-40,Male,White,Hispanic or Latino,Overweight,Stage II,1,Dose High,
SUB-1797,S30,2026-04-24,2026-05-01,Randomized,65,56-65,Male,Black or African American,Not Hispanic or Latino,Normal,Stage IV,0,Dose High,
SUB-1798,S30,2026-01-04,2026-01-11,Completed,52,41-55,Male,White,Not Hispanic or Latino,Normal,Stage III,1,Placebo,
SUB-1799,S30,2025-07-12,2025-07-30,Randomized,26,18-40,Male,Asian,Not Hispanic or Latino,Normal,Stage II,1,Placebo,
SUB-1800,S30,2026-05-03,2026-05-10,On Treatment,26,18-40,Female,Other,Not Hispanic or Latino,Normal,Stage II,1,Dose High,
SUB-1801,S31,2025-09-14,,Screen Failure,44,41-55,Male,Black or African American,Not Hispanic or Latino,Normal,Stage IV,1,,
SUB-1802,S31,2025-08-14,,Screen Failure,59,56-65,Female,White,Not Hispanic or Latino,Obese,Stage III,0,,
SUB-1803,S31,2026-05-05,2026-05-19,Randomized,18,18-40,Female,Not Reported,Hispanic or Latino,Overweight,Stage IV,1,Dose High,
SUB-1804,S31,2026-06-05,2026-06-20,On Treatment,82,65+,Male,Black or African American,Not Hispanic or Latino,Normal,Stage III,1,Placebo,
SUB-1805,S31,2026-08-03,2026-08-15,On Treatment,62,56-65,Male,White,Not Hispanic or Latino,Obese,Stage II,1,Dose High,
SUB-1806,S31,2025-09-17,2025-09-21,Completed,32,18-40,Male,Black or African American,Hispanic or Latino,Obese,Stage III,0,Dose Low,
SUB-1807,S31,2026-04-04,2026-04-24,Completed,59,56-65,Female,Asian,Not Hispanic or Latino,Obese,Stage IV,3,Dose Low,
SUB-1808,S31,2025-10-08,2025-10-22,On Treatment,22,18-40,Female,White,Hispanic or Latino,Normal,Stage IV,0,Dose Low,
SUB-1809,S31,2026-08-25,2026-09-11,On Treatment,66,65+,Male,Asian,Hispanic or Latino,Underweight,Stage IV,3,Placebo,
SUB-1810,S31,2026-08-10,2026-08-31,Randomized,63,56-65,Male,Black or African American,Not Hispanic or Latino,Overweight,Stage II,0,Placebo,
SUB-1811,S31,2026-06-28,2026-07-19,On Treatment,73,65+,Male,Other,Not Hispanic or Latino,Underweight,Stage II,2,Dose High,
SUB-1812,S31,2025-11-08,2025-11-28,On Treatment,77,65+,Female,White,Hispanic or Latino,Normal,Stage IV,0,Dose High,
SUB-1813,S31,2025-09-08,2025-09-26,Completed,39,18-40,Male,White,Not Reported,Overweight,Stage IV,1,Dose Low,
SUB-1814,S31,2026-02-03,,Screen Failure,36,18-40,Male,White,Not Hispanic or Latino,Overweight,Stage III,3,,
SUB-1815,S31,2026-04-21,,Screen Failure,46,41-55,Male,White,Not Hispanic or Latino,Overweight,Stage II,0,,
SUB-1816,S31,2026-05-27,,Screen Failure,52,41-55,Male,White,Not Hispanic or Latino,Overweight,Stage III,2,,
SUB-1817,S31,2026-09-08,2026-09-18,Randomized,52,41-55,Male,Other,Not Hispanic or Latino,Normal,Stage IV,2,Placebo,
SUB-1818,S31,2026-05-24,2026-05-29,On Treatment,64,56-65,Female,White,Not Hispanic or Latino,Obese,Stage III,0,Dose Low,
SUB-1819,S31,2026-08-30,,Screen Failure,79,65+,Female,White,Not Hispanic or Latino,Obese,Stage III,0,,
SUB-1820,S31,2026-05-04,2026-05-12,On Treatment,71,65+,Female,White,Not Hispanic or Latino,Overweight,Stage III,1,Dose High,
SUB-1821,S31,2026-06-03,2026-06-09,On Treatment,64,56-65,Male,White,Not Hispanic or Latino,Normal,Stage IV,0,Placebo,
SUB-1822,S31,2025-07-05,2025-07-18,On Treatment,18,18-40,Male,White,Hispanic or Latino,Obese,Stage II,2,Dose High,
SUB-1823,S31,2025-12-05,2025-12-25,Completed,18,18-40,Male,White,Hispanic or Latino,Normal,Stage IV,0,Dose High,
SUB-1824,S31,2026-08-01,2026-08-05,On Treatment,22,18-40,Female,Black or African American,Not Hispanic or Latino,Underweight,Stage III,2,Placebo,
SUB-1825,S31,2026-01-16,2026-01-22,Completed,21,18-40,Male,White,Not Reported,Overweight,Stage II,2,Dose Low,
SUB-1826,S31,2025-10-10,2025-10-31,On Treatment,78,65+,Female,White,Not Hispanic or Latino,Normal,Stage II,2,Dose High,
SUB-1827,S31,2026-06-17,2026-06-29,On Treatment,79,65+,Female,Other,Not Hispanic or Latino,Overweight,Stage IV,1,Placebo,
SUB-1828,S31,2026-04-22,2026-05-03,Randomized,40,18-40,Female,White,Not Hispanic or Latino,Normal,Stage II,2,Placebo,
SUB-1829,S31,2025-10-12,2025-11-01,Withdrawn,73,65+,Male,White,Not Hispanic or Latino,Overweight,Stage IV,2,Placebo,Consent Withdrawn
SUB-1830,S31,2026-09-27,,Screen Failure,47,41-55,Male,White,Not Hispanic or Latino,Overweight,Stage II,2,,
SUB-1831,S31,2026-09-25,,Screen Failure,22,18-40,Female,White,Not Hispanic or Latino,Overweight,Stage III,0,,
SUB-1832,S31,2025-07-18,2025-07-23,On Treatment,21,18-40,Male,Other,Not Hispanic or Latino,Obese,Stage IV,0,Dose High,
SUB-1833,S31,2026-08-19,2026-09-08,On Treatment,50,41-55,Female,White,Hispanic or Latino,Normal,Stage IV,0,Placebo,
SUB-1834,S31,2025-07-03,2025-07-15,On Treatment,80,65+,Female,Asian,Not Hispanic or Latino,Overweight,Stage II,0,Dose High,
SUB-1835,S31,2025-11-16,,Screen Failure,38,18-40,Female,White,Not Hispanic or Latino,Overweight,Stage IV,0,,
SUB-1836,S31,2026-07-11,,Screen Failure,76,65+,Female,White,Not Hispanic or Latino,Overweight,Stage II,1,,
SUB-1837,S31,2026-09-24,2026-09-26,Randomized,35,18-40,Female,White,Hispanic or Latino,Obese,Stage III,2,Placebo,
SUB-1838,S31,2026-07-10,2026-07-27,On Treatment,37,18-40,Male,White,Not Hispanic or Latino,Normal,Stage III,0,Dose Low,
SUB-1839,S31,2026-04-11,2026-04-14,On Treatment,36,18-40,Female,White,Not Hispanic or Latino,Normal,Stage III,2,Dose High,
SUB-1840,S31,2025-12-13,2025-12-19,Completed,20,18-40,Female,Other,Not Hispanic or Latino,Obese,Stage IV,0,Dose High,
SUB-1841,S31,2026-09-26,2026-09-24,On Treatment,31,18-40,Male,White,Hispanic or Latino,Normal,Stage III,1,Dose High,
SUB-1842,S31,2025-07-20,2025-08-08,On Treatment,40,18-40,Female,Asian,Not Hispanic or Latino,Obese,Stage III,0,Dose High,
SUB-1843,S31,2025-07-31,2025-08-04,On Treatment,63,56-65,Male,White,Not Hispanic or Latino,Normal,Stage IV,0,Placebo,
SUB-1844,S31,2025-07-30,2025-08-11,Randomized,41,41-55,Male,White,Not Hispanic or Latino,Normal,Stage IV,0,Dose Low,
SUB-1845,S31,2026-05-31,2026-06-13,Completed,23,18-40,Female,White,Not Hispanic or Latino,Normal,Stage IV,1,Dose Low,
SUB-1846,S31,2025-12-10,,Screen Failure,53,41-55,Male,White,Not Hispanic or Latino,Obese,Stage III,0,,
SUB-1847,S31,2025-09-23,2025-10-11,On Treatment,66,65+,Female,White,Hispanic or Latino,Obese,Stage III,0,Placebo,
SUB-1848,S31,2026-04-27,2026-05-10,On Treatment,54,41-55,Female,Not Reported,Not Hispanic or Latino,Normal,Stage II,3,Placebo,
SUB-1849,S31,2025-08-19,,Screen Failure,73,65+,Female,Black or African American,Not Hispanic or Latino,Normal,Stage IV,0,,
SUB-1850,S31,2025-06-23,2025-07-06,On Treatment,34,18-40,Male,White,Hispanic or Latino,Overweight,Stage II,1,Dose High,
SUB-1851,S31,2026-07-29,2026-08-03,Randomized,78,65+,Female,White,Not Hispanic or Latino,Normal,Stage II,0,Dose Low,
SUB-1852,S31,2025-11-02,2025-11-13,On Treatment,24,18-40,Male,White,Not Hispanic or Latino,Obese,Stage IV,1,Dose Low,
SUB-1853,S31,2026-03-03,2026-03-24,On Treatment,20,18-40,Female,White,Hispanic or Latino,Overweight,Stage II,0,Dose High,
SUB-1854,S31,2025-07-09,2025-07-17,On Treatment,35,18-40,Male,White,Not Hispanic or Latino,Normal,Stage II,2,Dose High,
SUB-1855,S31,2026-06-03,2026-06-20,On Treatment,61,56-65,Male,White,Not Hispanic or Latino,Normal,Stage IV,0,Placebo,
SUB-1856,S31,2026-03-16,2026-04-05,On Treatment,32,18-40,Female,White,Not Hispanic or Latino,Normal,Stage II,1,Dose High,
SUB-1857,S31,2026-09-16,,Screen Failure,75,65+,Male,White,Not Hispanic or Latino,Normal,Stage II,1,,
SUB-1858,S32,2026-06-05,2026-06-09,Randomized,56,56-65,Male,White,Not Reported,Overweight,Stage II,0,Dose High,
SUB-1859,S32,2026-03-10,2026-03-20,On Treatment,76,65+,Female,White,Not Hispanic or Latino,Overweight,Stage II,1,Dose High,
SUB-1860,S32,2026-07-02,2026-07-21,On Treatment,51,41-55,Female,White,Not Hispanic or Latino,Overweight,Stage II,2,Dose High,
SUB-1861,S32,2026-01-22,,Screen Failure,37,18-40,Male,White,Hispanic or Latino,Overweight,Stage III,0,,
SUB-1862,S32,2025-03-27,2025-04-04,Randomized,23,18-40,Female,White,Not Hispanic or Latino,Obese,Stage III,2,Dose High,
SUB-1863,S32,2025-11-19,2025-12-07,Completed,77,65+,Female,White,Not Hispanic or Latino,Overweight,Stage III,1,Placebo,
SUB-1864,S32,2026-02-07,,Screen Failure,48,41-55,Male,Asian,Hispanic or Latino,Obese,Stage II,0,,
SUB-1865,S32,2025-10-05,,Screened,81,65+,Female,Black or African American,Not Hispanic or Latino,Normal,Stage II,2,,
SUB-1866,S32,2026-06-15,2026-06-22,On Treatment,74,65+,Female,White,Not Hispanic or Latino,Obese,Stage II,0,Dose High,
SUB-1867,S32,2025-04-23,2025-05-14,On Treatment,68,65+,Female,White,Not Hispanic or Latino,Overweight,Stage II,0,Dose High,
SUB-1868,S32,2025-12-17,2026-01-04,On Treatment,67,65+,Female,Not Reported,Not Hispanic or Latino,Normal,Stage II,0,Dose High,
SUB-1869,S32,2025-06-18,2025-07-07,On Treatment,42,41-55,Female,Other,Not Hispanic or Latino,Obese,Stage III,0,Dose Low,
SUB-1870,S32,2026-07-05,,Screened,70,65+,Female,White,Not Hispanic or Latino,Obese,Stage III,0,,
SUB-1871,S32,2025-10-16,2025-10-20,On Treatment,55,41-55,Female,White,Not Hispanic or Latino,Normal,Stage IV,1,Dose High,
SUB-1872,S32,2025-09-24,,Screened,69,65+,Male,Black or African American,Not Reported,Overweight,Stage IV,0,,
SUB-1873,S32,2025-11-05,,Screen Failure,52,41-55,Male,Not Reported,Not Hispanic or Latino,Normal,Stage II,0,,
SUB-1874,S32,2025-06-17,,Screen Failure,77,65+,Female,White,Hispanic or Latino,Normal,Stage III,0,,
SUB-1875,S32,2026-07-07,2026-07-19,On Treatment,45,41-55,Male,Asian,Not Hispanic or Latino,Overweight,Stage II,1,Dose High,
SUB-1876,S32,2025-05-10,,Screen Failure,48,41-55,Female,White,Not Hispanic or Latino,Overweight,Stage IV,0,,
SUB-1877,S32,2026-08-21,,Screen Failure,71,65+,Female,White,Not Hispanic or Latino,Overweight,Stage IV,0,,
SUB-1878,S32,2026-06-13,2026-06-30,Randomized,70,65+,Female,Black or African American,Not Hispanic or Latino,Obese,Stage IV,0,Dose High,
SUB-1879,S32,2026-08-28,2026-09-08,On Treatment,57,56-65,Male,White,Not Hispanic or Latino,Obese,Stage III,0,Dose High,
SUB-1880,S32,2025-05-20,2025-06-03,On Treatment,41,41-55,Male,Black or African American,Not Hispanic or Latino,Underweight,Stage II,1,Dose Low,
SUB-1881,S32,2025-08-13,2025-08-27,Completed,61,56-65,Male,Not Reported,Not Hispanic or Latino,Overweight,Stage II,1,Placebo,
SUB-1882,S32,2025-04-19,2025-04-30,On Treatment,34,18-40,Female,White,Not Hispanic or Latino,Overweight,Stage IV,1,Dose High,
SUB-1883,S32,2025-10-14,,Screen Failure,67,65+,Male,White,Not Hispanic or Latino,Normal,Stage II,1,,
SUB-1884,S32,2025-09-23,,Screen Failure,25,18-40,Male,Not Reported,Not Hispanic or Latino,Overweight,Stage III,3,,
SUB-1885,S32,2026-05-18,2026-06-04,Completed,18,18-40,Female,White,Hispanic or Latino,Normal,Stage III,1,Dose High,
SUB-1886,S32,2025-12-31,2026-01-12,On Treatment,39,18-40,Male,White,Hispanic or Latino,Obese,Stage II,0,Dose Low,
SUB-1887,S32,2026-07-03,2026-07-24,Withdrawn,61,56-65,Male,White,Not Hispanic or Latino,Normal,Stage III,1,Dose High,Lost to Follow-up
SUB-1888,S32,2026-01-11,2026-01-21,On Treatment,67,65+,Male,Black or African American,Not Hispanic or Latino,Obese,Stage IV,0,Placebo,
SUB-1889,S32,2025-04-15,2025-05-03,On Treatment,39,18-40,Female,Black or African American,Not Hispanic or Latino,Normal,Stage IV,1,Dose Low,
SUB-1890,S32,2025-12-26,2026-01-09,Randomized,38,18-40,Male,Black or African American,Not Hispanic or Latino,Overweight,Stage II,0,Placebo,
SUB-1891,S32,2025-08-01,,Screen Failure,60,56-65,Male,Other,Not Hispanic or Latino,Obese,Stage II,3,,
SUB-1892,S32,2026-01-20,2026-02-07,Randomized,62,56-65,Female,Other,Not Hispanic or Latino,Overweight,Stage III,0,Placebo,
SUB-1893,S32,2026-06-23,2026-06-29,Completed,45,41-55,Female,White,Hispanic or Latino,Normal,Stage III,2,Dose High,
SUB-1894,S32,2026-05-16,2026-05-22,Randomized,39,18-40,Female,White,Not Hispanic or Latino,Overweight,Stage IV,2,Placebo,
SUB-1895,S32,2025-12-04,2025-12-18,Completed,80,65+,Female,Asian,Not Hispanic or Latino,Overweight,Stage II,0,Dose High,
SUB-1896,S32,2025-03-24,2025-04-02,Completed,34,18-40,Male,Asian,Not Hispanic or Latino,Overweight,Stage III,1,Placebo,
SUB-1897,S32,2025-08-06,,Screened,39,18-40,Male,White,Not Hispanic or Latino,Overweight,Stage II,2,,
SUB-1898,S32,2026-06-14,2026-06-17,On Treatment,18,18-40,Female,White,Not Hispanic or Latino,Obese,Stage IV,0,Dose Low,
SUB-1899,S32,2026-04-23,2026-04-28,On Treatment,53,41-55,Male,Asian,Not Hispanic or Latino,Normal,Stage IV,0,Dose Low,
SUB-1900,S32,2026-06-13,,Screen Failure,47,41-55,Male,White,Not Hispanic or Latino,Overweight,Stage III,0,,
SUB-1901,S32,2025-10-23,2025-11-08,On Treatment,47,41-55,Male,Other,Not Hispanic or Latino,Overweight,Stage IV,0,Dose High,
SUB-1902,S32,2025-11-16,2025-11-21,On Treatment,64,56-65,Male,White,Not Hispanic or Latino,Obese,Stage III,0,Dose High,
SUB-1903,S32,2026-04-05,2026-04-22,Randomized,30,18-40,Male,White,Not Hispanic or Latino,Obese,Stage IV,0,Dose Low,
SUB-1904,S32,2025-07-02,2025-07-17,On Treatment,60,56-65,Male,White,Not Hispanic or Latino,Normal,Stage IV,2,Dose Low,
SUB-1905,S32,2025-04-17,2025-04-29,Completed,82,65+,Female,White,Not Hispanic or Latino,Overweight,Stage III,1,Dose Low,
SUB-1906,S32,2025-12-13,2025-12-16,On Treatment,43,41-55,Male,Not Reported,Not Hispanic or Latino,Normal,Stage III,1,Dose High,
SUB-1907,S32,2026-07-30,2026-08-03,On Treatment,47,41-55,Female,White,Not Hispanic or Latino,Normal,Stage II,1,Dose Low,
SUB-1908,S32,2025-08-27,,Screen Failure,31,18-40,Male,Other,Not Reported,Normal,Stage III,0,,
SUB-1909,S32,2026-02-13,,Screen Failure,55,41-55,Male,White,Not Hispanic or Latino,Obese,Stage IV,2,,
SUB-1910,S32,2026-05-25,2026-06-10,Randomized,20,18-40,Female,White,Hispanic or Latino,Normal,Stage IV,0,Dose Low,
SUB-1911,S32,2026-03-12,2026-03-26,On Treatment,72,65+,Female,White,Not Hispanic or Latino,Obese,Stage II,0,Dose Low,
SUB-1912,S32,2026-05-14,2026-05-30,On Treatment,46,41-55,Female,Not Reported,Not Hispanic or Latino,Normal,Stage II,2,Dose High,
SUB-1913,S32,2026-05-23,2026-06-08,On Treatment,32,18-40,Male,Asian,Hispanic or Latino,Overweight,Stage IV,1,Dose High,
SUB-1914,S32,2026-08-02,2026-08-05,On Treatment,50,41-55,Female,White,Hispanic or Latino,Overweight,Stage II,0,Dose High,
SUB-1915,S32,2025-06-23,2025-07-08,On Treatment,20,18-40,Male,White,Not Hispanic or Latino,Overweight,Stage III,1,Dose Low,
SUB-1916,S32,2025-11-15,2025-12-04,Randomized,60,56-65,Male,White,Not Hispanic or Latino,Overweight,Stage II,1,Placebo,
SUB-1917,S32,2025-05-17,2025-06-02,Completed,40,18-40,Male,White,Not Hispanic or Latino,Normal,Stage II,0,Dose High,
SUB-1918,S32,2025-03-16,2025-04-03,Completed,20,18-40,Male,White,Not Hispanic or Latino,Overweight,Stage II,1,Placebo,
SUB-1919,S32,2026-03-07,,Screen Failure,25,18-40,Male,White,Not Hispanic or Latino,Obese,Stage III,1,,
SUB-1920,S32,2026-01-19,,Screen Failure,32,18-40,Male,Asian,Not Hispanic or Latino,Normal,Stage II,1,,
SUB-1921,S32,2025-08-06,2025-08-16,On Treatment,79,65+,Male,White,Not Hispanic or Latino,Normal,Stage IV,2,Dose High,
SUB-1922,S32,2025-05-19,2025-05-30,Completed,67,65+,Female,White,Not Hispanic or Latino,Overweight,Stage II,0,Placebo,
SUB-1923,S33,2026-02-17,2026-03-03,On Treatment,31,18-40,Male,White,Not Hispanic or Latino,Normal,Stage II,0,Dose Low,
SUB-1924,S33,2026-04-20,2026-05-04,Completed,73,65+,Female,Asian,Not Hispanic or Latino,Overweight,Stage II,3,Dose Low,
SUB-1925,S33,2026-07-28,2026-08-13,Randomized,22,18-40,Female,White,Hispanic or Latino,Underweight,Stage IV,0,Dose Low,
SUB-1926,S33,2026-05-17,2026-06-06,Withdrawn,44,41-55,Female,Black or African American,Not Hispanic or Latino,Overweight,Stage IV,2,Dose High,Physician Decision
SUB-1927,S33,2025-09-27,2025-10-03,On Treatment,80,65+,Male,Not Reported,Not Hispanic or Latino,Obese,Stage II,1,Dose High,
SUB-1928,S33,2026-08-18,2026-09-05,Completed,29,18-40,Male,White,Hispanic or Latino,Obese,Stage IV,0,Dose High,
SUB-1929,S33,2026-08-25,2026-09-02,On Treatment,66,65+,Female,White,Hispanic or Latino,Normal,Stage III,0,Placebo,
SUB-1930,S33,2026-04-21,2026-04-26,Completed,36,18-40,Female,Asian,Not Hispanic or Latino,Overweight,Stage II,2,Dose High,
SUB-1931,S33,2026-03-14,2026-03-31,Completed,53,41-55,Female,Not Reported,Hispanic or Latino,Obese,Stage III,1,Dose Low,
SUB-1932,S33,2026-09-04,2026-09-08,Completed,34,18-40,Male,White,Not Hispanic or Latino,Obese,Stage IV,1,Placebo,
SUB-1933,S33,2026-09-25,2026-09-27,On Treatment,57,56-65,Male,White,Not Reported,Overweight,Stage II,0,Placebo,
SUB-1934,S33,2026-09-10,2026-09-30,On Treatment,59,56-65,Male,Black or African American,Not Hispanic or Latino,Normal,Stage IV,1,Dose High,
SUB-1935,S33,2026-08-21,2026-08-28,On Treatment,27,18-40,Male,Other,Not Reported,Normal,Stage IV,0,Dose High,
SUB-1936,S33,2025-10-30,2025-11-19,On Treatment,68,65+,Female,Other,Not Hispanic or Latino,Normal,Stage IV,0,Placebo,
SUB-1937,S33,2026-09-14,2026-09-28,On Treatment,22,18-40,Female,White,Not Hispanic or Latino,Overweight,Stage III,2,Placebo,
SUB-1938,S33,2025-11-18,2025-12-07,Withdrawn,25,18-40,Female,Black or African American,Hispanic or Latino,Normal,Stage III,2,Dose High,Lost to Follow-up
SUB-1939,S33,2025-08-25,,Screen Failure,39,18-40,Male,Black or African American,Not Hispanic or Latino,Normal,Stage II,0,,
SUB-1940,S33,2026-07-15,2026-07-22,Withdrawn,69,65+,Male,Black or African American,Hispanic or Latino,Obese,Stage III,2,Placebo,Physician Decision
SUB-1941,S33,2026-02-07,2026-02-11,Completed,44,41-55,Male,Black or African American,Hispanic or Latino,Overweight,Stage II,1,Placebo,
SUB-1942,S33,2025-12-22,2026-01-11,On Treatment,27,18-40,Male,Asian,Not Hispanic or Latino,Normal,Stage II,1,Dose Low,
SUB-1943,S33,2026-08-27,2026-09-10,Withdrawn,57,56-65,Female,White,Not Hispanic or Latino,Obese,Stage III,0,Dose High,Adverse Event
SUB-1944,S33,2026-01-04,2026-01-25,Withdrawn,65,56-65,Male,White,Not Hispanic or Latino,Overweight,Stage II,1,Dose High,Adverse Event
SUB-1945,S33,2026-08-28,2026-09-18,On Treatment,82,65+,Female,Black or African American,Not Hispanic or Latino,Overweight,Stage II,2,Dose High,
SUB-1946,S33,2026-09-23,2026-09-23,On Treatment,62,56-65,Male,White,Not Hispanic or Latino,Normal,Stage II,0,Dose High,
SUB-1947,S33,2026-06-19,2026-07-08,Completed,82,65+,Male,Black or African American,Not Reported,Underweight,Stage II,0,Placebo,
SUB-1948,S33,2026-04-24,,Screen Failure,34,18-40,Male,Black or African American,Hispanic or Latino,Obese,Stage IV,1,,
SUB-1949,S33,2026-08-17,2026-08-28,Completed,75,65+,Male,White,Hispanic or Latino,Normal,Stage II,2,Dose High,
SUB-1950,S33,2026-04-04,2026-04-21,On Treatment,77,65+,Female,Not Reported,Not Hispanic or Latino,Normal,Stage II,2,Placebo,
SUB-1951,S33,2026-09-11,2026-09-25,On Treatment,66,65+,Male,Asian,Not Hispanic or Latino,Normal,Stage II,1,Dose High,
SUB-1952,S33,2026-07-28,2026-08-07,On Treatment,81,65+,Female,Asian,Not Hispanic or Latino,Overweight,Stage II,1,Dose High,
SUB-1953,S33,2026-01-20,2026-01-25,On Treatment,78,65+,Female,Asian,Not Hispanic or Latino,Overweight,Stage II,2,Dose High,
SUB-1954,S33,2026-07-13,2026-07-23,Completed,82,65+,Male,White,Not Hispanic or Latino,Overweight,Stage II,1,Dose Low,
SUB-1955,S33,2026-03-04,,Screen Failure,70,65+,Male,White,Not Hispanic or Latino,Overweight,Stage III,1,,
SUB-1956,S33,2026-08-16,2026-08-28,Completed,37,18-40,Male,Black or African American,Not Hispanic or Latino,Obese,Stage II,0,Dose High,
SUB-1957,S33,2026-08-16,2026-08-24,On Treatment,56,56-65,Female,Black or African American,Not Hispanic or Latino,Obese,Stage IV,0,Dose High,
SUB-1958,S33,2026-08-30,2026-09-18,On Treatment,81,65+,Male,Black or African American,Not Reported,Obese,Stage IV,0,Dose Low,
SUB-1959,S33,2026-09-22,2026-09-25,Withdrawn,36,18-40,Female,White,Not Hispanic or Latino,Normal,Stage III,1,Dose Low,Consent Withdrawn
SUB-1960,S33,2026-09-02,2026-09-23,On Treatment,35,18-40,Female,White,Not Hispanic or Latino,Overweight,Stage IV,0,Dose High,
SUB-1961,S33,2026-05-20,2026-06-09,Completed,48,41-55,Female,White,Not Hispanic or Latino,Overweight,Stage IV,2,Dose Low,
SUB-1962,S33,2026-06-23,2026-06-26,On Treatment,59,56-65,Male,Not Reported,Not Hispanic or Latino,Obese,Stage IV,1,Placebo,
SUB-1963,S33,2026-08-28,,Screened,76,65+,Female,White,Not Hispanic or Latino,Normal,Stage IV,1,,
SUB-1964,S33,2026-03-24,,Screen Failure,68,65+,Female,Black or African American,Not Hispanic or Latino,Obese,Stage II,1,,
SUB-1965,S33,2026-09-17,,Screen Failure,41,41-55,Female,White,Not Hispanic or Latino,Obese,Stage IV,1,,
SUB-1966,S33,2026-09-26,,Screen Failure,50,41-55,Male,Other,Not Hispanic or Latino,Normal,Stage III,0,,
SUB-1967,S33,2026-09-05,,Screen Failure,65,56-65,Female,Black or African American,Not Hispanic or Latino,Obese,Stage III,0,,
SUB-1968,S33,2026-09-11,2026-09-15,On Treatment,55,41-55,Male,White,Not Hispanic or Latino,Obese,Stage III,2,Placebo,
SUB-1969,S33,2026-08-21,2026-09-10,On Treatment,62,56-65,Female,Black or African American,Not Hispanic or Latino,Obese,Stage III,0,Dose Low,
SUB-1970,S33,2026-09-13,2026-09-24,On Treatment,22,18-40,Female,White,Not Hispanic or Latino,Overweight,Stage III,0,Dose Low,
SUB-1971,S33,2026-09-22,2026-09-29,On Treatment,54,41-55,Female,White,Not Hispanic or Latino,Underweight,Stage II,2,Dose High,
SUB-1972,S33,2026-06-04,2026-06-16,On Treatment,64,56-65,Female,White,Not Hispanic or Latino,Normal,Stage II,1,Dose High,
SUB-1973,S33,2026-08-17,2026-08-20,On Treatment,22,18-40,Female,White,Not Reported,Underweight,Stage IV,0,Dose Low,
SUB-1974,S33,2026-09-08,2026-09-27,Randomized,32,18-40,Female,White,Not Reported,Normal,Stage II,1,Dose Low,
SUB-1975,S33,2026-01-27,2026-02-13,Randomized,61,56-65,Male,White,Not Hispanic or Latino,Overweight,Stage IV,1,Dose High,
SUB-1976,S33,2026-07-14,2026-07-29,Completed,20,18-40,Male,White,Not Hispanic or Latino,Overweight,Stage II,2,Dose Low,
SUB-1977,S33,2026-03-02,2026-03-17,On Treatment,75,65+,Female,White,Not Hispanic or Latino,Normal,Stage IV,0,Dose High,
SUB-1978,S33,2026-04-09,2026-04-23,Randomized,25,18-40,Female,White,Not Hispanic or Latino,Underweight,Stage II,0,Dose High,
SUB-1979,S33,2025-11-27,,Screen Failure,71,65+,Male,Not Reported,Not Hispanic or Latino,Normal,Stage II,1,,
SUB-1980,S33,2026-01-16,2026-02-03,Randomized,27,18-40,Female,White,Hispanic or Latino,Obese,Stage III,3,Dose Low,
SUB-1981,S33,2025-09-05,2025-09-22,Completed,52,41-55,Male,White,Not Hispanic or Latino,Normal,Stage IV,0,Dose Low,
SUB-1982,S33,2026-01-18,2026-02-03,On Treatment,38,18-40,Female,White,Not Hispanic or Latino,Overweight,Stage IV,2,Placebo,
SUB-1983,S33,2026-09-06,2026-09-09,On Treatment,18,18-40,Male,Asian,Not Hispanic or Latino,Overweight,Stage II,0,Dose High,
SUB-1984,S34,2026-09-10,2026-09-23,On Treatment,39,18-40,Female,White,Hispanic or Latino,Overweight,Stage II,0,Dose Low,
SUB-1985,S34,2026-09-02,2026-09-11,On Treatment,63,56-65,Female,White,Not Reported,Normal,Stage IV,1,Dose Low,
SUB-1986,S34,2026-04-05,2026-04-08,Withdrawn,34,18-40,Male,White,Not Hispanic or Latino,Overweight,Stage IV,3,Dose High,Physician Decision
SUB-1987,S34,2026-08-04,2026-08-08,On Treatment,63,56-65,Male,White,Not Hispanic or Latino,Obese,Stage IV,1,Dose Low,
SUB-1988,S34,2026-04-18,2026-04-27,Completed,38,18-40,Male,Asian,Not Hispanic or Latino,Overweight,Stage II,1,Placebo,
SUB-1989,S34,2026-09-17,2026-09-25,Randomized,51,41-55,Male,White,Not Reported,Normal,Stage II,2,Dose Low,
SUB-1990,S34,2026-09-08,,Screen Failure,66,65+,Male,Other,Not Hispanic or Latino,Overweight,Stage IV,1,,
SUB-1991,S34,2026-09-12,2026-09-28,On Treatment,64,56-65,Female,White,Not Hispanic or Latino,Overweight,Stage IV,1,Placebo,
SUB-1992,S34,2026-04-06,2026-04-14,On Treatment,57,56-65,Male,White,Hispanic or Latino,Normal,Stage IV,0,Dose High,
SUB-1993,S34,2026-05-28,2026-06-04,On Treatment,46,41-55,Male,Asian,Not Hispanic or Latino,Normal,Stage IV,0,Dose Low,
SUB-1994,S34,2025-11-24,,Screened,38,18-40,Male,White,Not Hispanic or Latino,Underweight,Stage II,1,,
SUB-1995,S34,2025-11-22,2025-12-08,Withdrawn,53,41-55,Male,White,Not Hispanic or Latino,Normal,Stage III,0,Dose High,Lost to Follow-up
SUB-1996,S34,2026-05-04,2026-05-17,On Treatment,26,18-40,Female,Other,Not Hispanic or Latino,Overweight,Stage IV,3,Dose Low,
SUB-1997,S34,2026-08-25,2026-09-08,On Treatment,77,65+,Male,White,Not Hispanic or Latino,Obese,Stage IV,1,Dose High,
SUB-1998,S34,2026-09-19,,Screened,31,18-40,Male,White,Hispanic or Latino,Obese,Stage IV,2,,
SUB-1999,S34,2026-09-28,2026-09-20,Completed,36,18-40,Female,White,Not Hispanic or Latino,Overweight,Stage II,0,Dose Low,
SUB-2000,S34,2025-12-25,2025-12-30,On Treatment,21,18-40,Female,Black or African American,Not Reported,Obese,Stage II,2,Dose Low,
SUB-2001,S34,2026-08-26,2026-09-08,Completed,63,56-65,Female,Black or African American,Not Hispanic or Latino,Normal,Stage II,1,Dose High,
SUB-2002,S34,2026-01-05,2026-01-18,On Treatment,25,18-40,Male,Black or African American,Not Hispanic or Latino,Overweight,Stage II,1,Placebo,
SUB-2003,S34,2026-08-17,2026-09-01,On Treatment,26,18-40,Female,White,Not Hispanic or Latino,Obese,Stage IV,2,Placebo,
SUB-2004,S34,2025-10-17,2025-10-20,Withdrawn,18,18-40,Female,Other,Not Hispanic or Latino,Normal,Stage IV,0,Placebo,Protocol Violation
SUB-2005,S34,2026-08-16,2026-08-21,Randomized,28,18-40,Female,White,Not Hispanic or Latino,Normal,Stage III,1,Placebo,
SUB-2006,S34,2026-06-12,2026-06-21,Withdrawn,72,65+,Male,Asian,Not Hispanic or Latino,Overweight,Stage III,0,Dose High,Physician Decision
SUB-2007,S34,2026-09-15,2026-09-23,On Treatment,20,18-40,Male,White,Not Hispanic or Latino,Overweight,Stage II,1,Placebo,
SUB-2008,S34,2026-01-11,,Screen Failure,25,18-40,Male,White,Not Hispanic or Latino,Overweight,Stage III,0,,
SUB-2009,S34,2026-04-28,2026-05-05,Randomized,38,18-40,Female,White,Not Hispanic or Latino,Normal,Stage II,1,Dose High,
SUB-2010,S34,2026-06-10,2026-06-13,Randomized,26,18-40,Male,Asian,Not Hispanic or Latino,Overweight,Stage III,0,Placebo,
SUB-2011,S34,2026-08-15,2026-08-18,Completed,77,65+,Male,Black or African American,Not Hispanic or Latino,Obese,Stage III,2,Dose Low,
SUB-2012,S34,2026-09-17,,Screen Failure,34,18-40,Female,White,Hispanic or Latino,Obese,Stage III,1,,
SUB-2013,S34,2026-09-24,2026-09-23,Completed,76,65+,Male,White,Not Reported,Normal,Stage II,0,Placebo,
SUB-2014,S34,2026-04-11,2026-04-19,On Treatment,54,41-55,Female,Black or African American,Not Hispanic or Latino,Normal,Stage II,1,Dose Low,
SUB-2015,S34,2026-08-16,2026-08-20,On Treatment,32,18-40,Male,White,Hispanic or Latino,Overweight,Stage III,1,Placebo,
SUB-2016,S34,2026-06-11,2026-06-19,Randomized,23,18-40,Male,Asian,Hispanic or Latino,Normal,Stage II,0,Placebo,
SUB-2017,S34,2026-09-20,2026-09-24,Withdrawn,27,18-40,Female,Asian,Not Hispanic or Latino,Overweight,Stage II,2,Dose High,Physician Decision
SUB-2018,S34,2025-12-16,2025-12-28,Randomized,62,56-65,Male,White,Not Hispanic or Latino,Overweight,Stage IV,0,Dose High,
SUB-2019,S34,2025-09-24,2025-10-02,On Treatment,20,18-40,Male,White,Not Hispanic or Latino,Overweight,Stage II,1,Dose High,
SUB-2020,S34,2026-09-16,2026-09-24,Randomized,20,18-40,Female,Asian,Not Hispanic or Latino,Normal,Stage III,0,Dose High,
SUB-2021,S34,2026-08-21,2026-09-07,Withdrawn,82,65+,Male,White,Not Hispanic or Latino,Normal,Stage IV,1,Placebo,Consent Withdrawn
SUB-2022,S34,2025-11-21,2025-11-26,Randomized,52,41-55,Male,Other,Not Hispanic or Latino,Obese,Stage II,0,Placebo,
SUB-2023,S34,2026-03-12,2026-03-21,On Treatment,75,65+,Female,White,Not Hispanic or Latino,Obese,Stage II,1,Dose Low,
SUB-2024,S34,2025-09-15,2025-09-20,On Treatment,47,41-55,Female,Black or African American,Not Hispanic or Latino,Underweight,Stage IV,1,Dose Low,
SUB-2025,S34,2025-10-08,2025-10-11,On Treatment,57,56-65,Female,White,Not Hispanic or Latino,Overweight,Stage IV,0,Dose High,
SUB-2026,S34,2025-10-11,2025-10-31,On Treatment,37,18-40,Female,White,Not Hispanic or Latino,Normal,Stage IV,1,Dose High,
SUB-2027,S34,2026-04-03,2026-04-09,On Treatment,69,65+,Male,Black or African American,Not Hispanic or Latino,Normal,Stage IV,3,Dose High,
SUB-2028,S34,2026-09-06,2026-09-09,On Treatment,27,18-40,Male,White,Not Hispanic or Latino,Underweight,Stage III,0,Dose High,
SUB-2029,S34,2026-08-23,,Screen Failure,29,18-40,Female,White,Hispanic or Latino,Normal,Stage IV,0,,
SUB-2030,S34,2026-08-18,2026-09-07,Randomized,20,18-40,Male,White,Not Reported,Overweight,Stage II,2,Placebo,
SUB-2031,S34,2026-08-23,2026-09-12,Completed,37,18-40,Male,Not Reported,Hispanic or Latino,Normal,Stage IV,2,Placebo,
SUB-2032,S34,2026-03-25,2026-04-10,Withdrawn,47,41-55,Female,Black or African American,Not Hispanic or Latino,Normal,Stage III,0,Placebo,Adverse Event
SUB-2033,S34,2026-09-04,2026-09-10,Withdrawn,31,18-40,Female,White,Not Reported,Normal,Stage II,1,Dose High,Protocol Violation
SUB-2034,S34,2026-08-29,,Screen Failure,53,41-55,Female,White,Not Hispanic or Latino,Normal,Stage II,0,,
SUB-2035,S34,2026-01-08,2026-01-12,Completed,20,18-40,Male,Black or African American,Not Hispanic or Latino,Normal,Stage III,1,Dose Low,
SUB-2036,S34,2025-12-23,2026-01-04,On Treatment,59,56-65,Male,Asian,Not Hispanic or Latino,Normal,Stage II,1,Dose Low,
SUB-2037,S35,2026-05-17,,Screened,61,56-65,Male,Asian,Hispanic or Latino,Normal,Stage III,0,,
SUB-2038,S35,2026-09-17,2026-09-22,On Treatment,66,65+,Male,Black or African American,Hispanic or Latino,Normal,Stage II,0,Dose High,
SUB-2039,S35,2026-02-03,,Screen Failure,39,18-40,Female,White,Not Hispanic or Latino,Obese,Stage IV,1,,
SUB-2040,S35,2025-09-15,2025-09-27,Randomized,50,41-55,Female,Black or African American,Hispanic or Latino,Overweight,Stage II,0,Dose Low,
SUB-2041,S35,2026-06-22,2026-07-03,Completed,52,41-55,Female,White,Not Hispanic or Latino,Overweight,Stage IV,2,Placebo,
SUB-2042,S35,2026-01-26,2026-02-14,Randomized,63,56-65,Male,White,Not Hispanic or Latino,Normal,Stage II,2,Placebo,
SUB-2043,S35,2025-06-15,,Screen Failure,72,65+,Female,White,Not Hispanic or Latino,Overweight,Stage II,1,,
SUB-2044,S35,2025-07-03,2025-07-14,On Treatment,62,56-65,Female,White,Not Hispanic or Latino,Normal,Stage II,0,Dose Low,
SUB-2045,S35,2026-08-25,2026-09-12,On Treatment,50,41-55,Female,White,Not Hispanic or Latino,Overweight,Stage IV,3,Dose Low,
SUB-2046,S35,2025-07-28,2025-08-14,Completed,19,18-40,Male,White,Not Hispanic or Latino,Normal,Stage IV,0,Dose Low,
SUB-2047,S35,2025-10-02,2025-10-21,Randomized,74,65+,Male,White,Not Hispanic or Latino,Obese,Stage II,2,Dose High,
SUB-2048,S35,2025-10-26,2025-11-13,Randomized,27,18-40,Female,White,Not Hispanic or Latino,Overweight,Stage IV,0,Dose Low,
SUB-2049,S35,2026-08-21,,Screen Failure,69,65+,Female,White,Not Hispanic or Latino,Overweight,Stage III,0,,
SUB-2050,S35,2025-11-19,,Screen Failure,45,41-55,Male,Asian,Hispanic or Latino,Normal,Stage II,2,,
SUB-2051,S35,2026-02-24,2026-03-14,Completed,20,18-40,Female,White,Not Hispanic or Latino,Obese,Stage II,0,Dose High,
SUB-2052,S35,2026-02-19,2026-02-26,On Treatment,48,41-55,Male,White,Not Hispanic or Latino,Normal,Stage IV,1,Placebo,
SUB-2053,S35,2025-12-13,,Screen Failure,31,18-40,Female,Black or African American,Not Hispanic or Latino,Obese,Stage III,3,,
SUB-2054,S35,2025-12-14,2025-12-25,On Treatment,36,18-40,Male,Asian,Not Hispanic or Latino,Overweight,Stage IV,2,Dose High,
SUB-2055,S35,2025-10-04,2025-10-07,Completed,18,18-40,Female,White,Not Hispanic or Latino,Obese,Stage III,2,Dose High,
SUB-2056,S35,2026-07-15,,Screen Failure,29,18-40,Female,Black or African American,Hispanic or Latino,Overweight,Stage II,1,,
SUB-2057,S35,2026-02-20,2026-03-11,On Treatment,26,18-40,Male,White,Not Hispanic or Latino,Normal,Stage III,3,Dose Low,
SUB-2058,S35,2026-09-21,2026-09-26,On Treatment,67,65+,Female,Not Reported,Not Hispanic or Latino,Obese,Stage II,0,Dose Low,
SUB-2059,S35,2025-06-22,,Screen Failure,64,56-65,Male,White,Not Hispanic or Latino,Normal,Stage II,3,,
SUB-2060,S35,2025-12-13,2025-12-23,Randomized,39,18-40,Male,Not Reported,Not Hispanic or Latino,Overweight,Stage IV,3,Dose High,
SUB-2061,S35,2026-03-19,2026-03-30,Completed,43,41-55,Female,White,Not Hispanic or Latino,Normal,Stage II,1,Dose High,
SUB-2062,S35,2025-07-10,2025-07-20,Randomized,30,18-40,Male,White,Not Hispanic or Latino,Normal,Stage II,1,Dose Low,
SUB-2063,S35,2025-11-17,,Screen Failure,58,56-65,Female,Asian,Not Hispanic or Latino,Obese,Stage III,1,,
SUB-2064,S35,2025-05-10,2025-05-31,On Treatment,52,41-55,Male,Not Reported,Not Hispanic or Latino,Normal,Stage IV,0,Dose Low,
SUB-2065,S35,2026-07-11,2026-07-25,On Treatment,21,18-40,Female,White,Not Hispanic or Latino,Underweight,Stage III,0,Placebo,
SUB-2066,S35,2026-09-06,2026-09-23,Withdrawn,33,18-40,Male,White,Not Hispanic or Latino,Normal,Stage IV,1,Placebo,Lost to Follow-up
SUB-2067,S35,2026-05-10,2026-05-31,Completed,75,65+,Female,White,Not Hispanic or Latino,Overweight,Stage II,0,Dose High,
SUB-2068,S35,2026-05-03,2026-05-18,On Treatment,65,56-65,Male,White,Hispanic or Latino,Overweight,Stage III,0,Dose High,
SUB-2069,S35,2026-07-12,,Screen Failure,28,18-40,Male,Not Reported,Hispanic or Latino,Normal,Stage III,0,,
SUB-2070,S35,2026-01-04,2026-01-08,On Treatment,29,18-40,Female,Asian,Hispanic or Latino,Overweight,Stage IV,2,Dose Low,
SUB-2071,S35,2025-09-06,,Screen Failure,38,18-40,Female,Other,Not Hispanic or Latino,Overweight,Stage III,0,,
SUB-2072,S35,2026-08-16,2026-08-30,On Treatment,28,18-40,Male,Asian,Hispanic or Latino,Normal,Stage IV,0,Dose High,
SUB-2073,S35,2026-09-21,2026-09-23,Randomized,32,18-40,Female,White,Not Hispanic or Latino,Normal,Stage III,3,Placebo,
SUB-2074,S35,2026-02-23,2026-03-15,Completed,72,65+,Female,Black or African American,Not Hispanic or Latino,Normal,Stage II,0,Dose Low,
SUB-2075,S35,2025-05-16,2025-05-28,Withdrawn,22,18-40,Male,Other,Hispanic or Latino,Normal,Stage III,1,Dose High,Physician Decision
SUB-2076,S35,2026-06-09,2026-06-18,Withdrawn,27,18-40,Male,Black or African American,Not Hispanic or Latino,Normal,Stage III,2,Placebo,Physician Decision
SUB-2077,S35,2026-08-10,2026-08-18,On Treatment,35,18-40,Female,White,Not Hispanic or Latino,Obese,Stage II,0,Placebo,
SUB-2078,S35,2026-06-06,2026-06-18,Completed,29,18-40,Male,White,Hispanic or Latino,Obese,Stage II,0,Dose Low,
SUB-2079,S35,2025-12-25,2026-01-07,On Treatment,22,18-40,Male,Asian,Not Hispanic or Latino,Normal,Stage II,0,Dose Low,
SUB-2080,S35,2026-02-26,2026-03-15,Randomized,34,18-40,Female,White,Not Hispanic or Latino,Overweight,Stage II,0,Placebo,
SUB-2081,S35,2025-06-15,,Screen Failure,18,18-40,Male,Other,Not Hispanic or Latino,Normal,Stage IV,2,,
SUB-2082,S35,2026-02-26,,Screen Failure,81,65+,Male,White,Hispanic or Latino,Normal,Stage II,2,,
SUB-2083,S35,2025-07-11,2025-07-22,On Treatment,59,56-65,Male,Asian,Hispanic or Latino,Obese,Stage IV,3,Dose High,
SUB-2084,S35,2026-09-20,2026-09-30,On Treatment,36,18-40,Female,Other,Not Hispanic or Latino,Overweight,Stage IV,3,Placebo,
SUB-2085,S35,2026-02-17,,Screen Failure,65,56-65,Female,White,Not Reported,Overweight,Stage IV,0,,
SUB-2086,S35,2026-01-02,2026-01-13,Randomized,68,65+,Male,Black or African American,Not Hispanic or Latino,Normal,Stage III,0,Placebo,
SUB-2087,S35,2025-06-20,2025-07-04,On Treatment,30,18-40,Female,White,Not Hispanic or Latino,Obese,Stage III,0,Dose High,
SUB-2088,S35,2025-06-04,2025-06-24,On Treatment,26,18-40,Male,Black or African American,Not Hispanic or Latino,Obese,Stage IV,3,Dose Low,
SUB-2089,S35,2026-09-27,,Screen Failure,63,56-65,Male,White,Hispanic or Latino,Normal,Stage IV,2,,
SUB-2090,S35,2025-09-18,2025-09-29,Randomized,29,18-40,Female,White,Not Hispanic or Latino,Normal,Stage IV,3,Dose High,
SUB-2091,S35,2025-11-12,2025-11-16,Completed,44,41-55,Female,Not Reported,Hispanic or Latino,Overweight,Stage IV,2,Placebo,
SUB-2092,S35,2025-09-13,,Screen Failure,79,65+,Male,Asian,Not Hispanic or Latino,Obese,Stage II,2,,
SUB-2093,S35,2026-03-01,2026-03-09,On Treatment,38,18-40,Female,White,Not Hispanic or Latino,Obese,Stage II,2,Dose High,
SUB-2094,S35,2026-04-06,2026-04-25,Withdrawn,28,18-40,Female,Black or African American,Not Hispanic or Latino,Obese,Stage III,0,Dose Low,Lost to Follow-up
SUB-2095,S35,2025-08-10,2025-08-18,Completed,61,56-65,Female,White,Not Hispanic or Latino,Overweight,Stage II,0,Dose Low,
SUB-2096,S35,2026-05-05,2026-05-23,On Treatment,22,18-40,Male,Black or African American,Hispanic or Latino,Normal,Stage II,2,Dose Low,
SUB-2097,S35,2025-09-30,,Screen Failure,18,18-40,Female,White,Hispanic or Latino,Normal,Stage III,2,,
SUB-2098,S35,2025-10-17,2025-10-31,On Treatment,53,41-55,Male,White,Not Hispanic or Latino,Obese,Stage II,1,Dose High,
SUB-2099,S35,2026-01-29,2026-02-19,Randomized,80,65+,Male,White,Not Hispanic or Latino,Normal,Stage IV,2,Dose Low,
SUB-2100,S35,2025-11-04,2025-11-13,Randomized,80,65+,Male,Asian,Not Reported,Overweight,Stage III,0,Placebo,
SUB-2101,S35,2025-04-30,2025-05-19,Completed,52,41-55,Female,Black or African American,Not Hispanic or Latino,Overweight,Stage IV,2,Dose Low,
SUB-2102,S35,2025-06-18,2025-07-02,On Treatment,41,41-55,Male,Asian,Not Hispanic or Latino,Normal,Stage III,1,Dose Low,
SUB-2103,S35,2026-08-16,2026-08-30,Withdrawn,79,65+,Male,White,Not Hispanic or Latino,Obese,Stage IV,1,Placebo,Adverse Event
SUB-2104,S36,2026-01-21,,Screened,33,18-40,Male,White,Not Hispanic or Latino,Obese,Stage II,0,,
SUB-2105,S36,2026-08-05,,Screen Failure,80,65+,Female,White,Hispanic or Latino,Overweight,Stage II,2,,
SUB-2106,S36,2026-03-11,2026-03-17,On Treatment,45,41-55,Female,Black or African American,Not Hispanic or Latino,Normal,Stage II,0,Dose Low,
SUB-2107,S36,2026-01-28,2026-02-07,On Treatment,22,18-40,Female,Black or African American,Not Hispanic or Latino,Overweight,Stage II,2,Placebo,
SUB-2108,S36,2026-06-18,2026-07-03,Completed,24,18-40,Male,White,Not Reported,Normal,Stage II,1,Placebo,
SUB-2109,S36,2025-05-16,2025-05-30,On Treatment,42,41-55,Female,White,Not Hispanic or Latino,Normal,Stage III,0,Dose High,
SUB-2110,S36,2026-01-06,2026-01-09,On Treatment,75,65+,Male,Asian,Hispanic or Latino,Obese,Stage IV,1,Dose Low,
SUB-2111,S36,2026-01-08,2026-01-11,Randomized,81,65+,Female,White,Not Hispanic or Latino,Overweight,Stage IV,2,Dose High,
SUB-2112,S36,2026-03-19,2026-03-25,Completed,59,56-65,Male,White,Not Hispanic or Latino,Overweight,Stage IV,2,Dose High,
SUB-2113,S36,2026-03-05,2026-03-14,On Treatment,57,56-65,Female,White,Hispanic or Latino,Obese,Stage IV,0,Placebo,
SUB-2114,S36,2026-06-06,2026-06-11,Completed,54,41-55,Male,White,Not Hispanic or Latino,Overweight,Stage II,0,Dose Low,
SUB-2115,S36,2026-06-30,,Screen Failure,72,65+,Female,White,Not Hispanic or Latino,Obese,Stage IV,0,,
SUB-2116,S36,2026-01-20,,Screen Failure,44,41-55,Male,Black or African American,Not Hispanic or Latino,Overweight,Stage II,0,,
SUB-2117,S36,2026-04-23,,Screen Failure,29,18-40,Female,Black or African American,Hispanic or Latino,Overweight,Stage II,1,,
SUB-2118,S36,2025-08-18,,Screened,26,18-40,Male,White,Not Hispanic or Latino,Overweight,Stage IV,0,,
SUB-2119,S36,2025-08-02,,Screen Failure,58,56-65,Female,Asian,Not Hispanic or Latino,Normal,Stage II,0,,
SUB-2120,S36,2026-07-10,2026-07-25,Completed,56,56-65,Female,Other,Not Hispanic or Latino,Normal,Stage IV,1,Dose Low,
SUB-2121,S36,2025-05-13,,Screen Failure,63,56-65,Female,Not Reported,Not Hispanic or Latino,Normal,Stage II,0,,
SUB-2122,S36,2026-08-10,2026-08-23,Completed,32,18-40,Female,White,Not Hispanic or Latino,Normal,Stage III,0,Placebo,
SUB-2123,S36,2026-03-15,2026-03-19,Randomized,48,41-55,Female,Asian,Not Hispanic or Latino,Overweight,Stage III,0,Dose High,
SUB-2124,S36,2025-12-27,2026-01-09,Completed,27,18-40,Female,White,Not Hispanic or Latino,Obese,Stage IV,1,Dose High,
SUB-2125,S36,2025-05-13,,Screened,60,56-65,Female,White,Not Hispanic or Latino,Obese,Stage IV,0,,
SUB-2126,S36,2025-06-05,2025-06-25,On Treatment,62,56-65,Male,White,Not Hispanic or Latino,Normal,Stage II,0,Dose Low,
SUB-2127,S36,2025-05-31,2025-06-21,On Treatment,78,65+,Male,White,Hispanic or Latino,Normal,Stage III,0,Placebo,
SUB-2128,S36,2026-03-16,2026-04-02,On Treatment,81,65+,Male,White,Not Hispanic or Latino,Overweight,Stage III,2,Placebo,
SUB-2129,S36,2025-05-19,2025-05-25,Completed,56,56-65,Male,Asian,Not Hispanic or Latino,Overweight,Stage IV,0,Dose High,
SUB-2130,S36,2025-10-22,2025-11-03,Withdrawn,81,65+,Female,White,Not Hispanic or Latino,Normal,Stage II,0,Dose High,Lost to Follow-up
SUB-2131,S36,2026-05-18,2026-06-08,On Treatment,79,65+,Male,White,Not Hispanic or Latino,Normal,Stage III,1,Dose High,
SUB-2132,S36,2025-07-19,,Screen Failure,27,18-40,Male,White,Hispanic or Latino,Obese,Stage IV,0,,
SUB-2133,S36,2025-09-27,2025-10-03,Completed,58,56-65,Male,White,Not Hispanic or Latino,Normal,Stage II,0,Dose High,
SUB-2134,S36,2025-09-19,2025-09-23,Randomized,21,18-40,Female,Other,Not Hispanic or Latino,Overweight,Stage II,2,Placebo,
SUB-2135,S36,2025-10-19,2025-11-03,Randomized,76,65+,Female,White,Hispanic or Latino,Overweight,Stage II,1,Dose Low,
SUB-2136,S36,2026-09-06,2026-09-19,Completed,50,41-55,Female,White,Hispanic or Latino,Obese,Stage III,0,Dose High,
SUB-2137,S36,2026-08-02,2026-08-17,On Treatment,47,41-55,Female,White,Not Hispanic or Latino,Obese,Stage II,1,Dose High,
SUB-2138,S36,2025-11-02,2025-11-19,On Treatment,65,56-65,Male,Asian,Not Hispanic or Latino,Overweight,Stage II,0,Dose High,
SUB-2139,S36,2026-02-10,2026-02-28,On Treatment,21,18-40,Female,Other,Not Hispanic or Latino,Normal,Stage IV,1,Placebo,
SUB-2140,S36,2025-08-22,,Screen Failure,25,18-40,Male,Not Reported,Not Hispanic or Latino,Obese,Stage II,1,,
SUB-2141,S36,2026-05-10,2026-05-25,On Treatment,35,18-40,Male,White,Not Hispanic or Latino,Normal,Stage IV,0,Placebo,
SUB-2142,S36,2025-04-20,2025-04-30,On Treatment,66,65+,Female,White,Not Hispanic or Latino,Overweight,Stage IV,0,Dose High,
SUB-2143,S36,2025-06-01,2025-06-13,Completed,49,41-55,Female,White,Not Hispanic or Latino,Normal,Stage II,0,Placebo,
SUB-2144,S36,2025-06-29,2025-07-20,Withdrawn,46,41-55,Male,White,Not Hispanic or Latino,Normal,Stage II,1,Dose High,Physician Decision
SUB-2145,S36,2026-04-05,2026-04-20,Completed,49,41-55,Male,White,Not Hispanic or Latino,Normal,Stage III,0,Placebo,
SUB-2146,S36,2025-06-22,2025-07-07,On Treatment,80,65+,Male,White,Not Hispanic or Latino,Normal,Stage II,1,Dose High,
SUB-2147,S36,2026-04-21,2026-04-27,On Treatment,54,41-55,Female,White,Not Hispanic or Latino,Obese,Stage IV,2,Placebo,
SUB-2148,S36,2025-04-19,2025-04-25,On Treatment,71,65+,Female,White,Not Hispanic or Latino,Overweight,Stage II,1,Dose High,
SUB-2149,S36,2025-11-04,2025-11-07,On Treatment,31,18-40,Male,Asian,Not Hispanic or Latino,Overweight,Stage IV,0,Dose Low,
SUB-2150,S36,2026-06-20,2026-07-06,On Treatment,64,56-65,Female,Black or African American,Not Hispanic or Latino,Normal,Stage II,0,Dose Low,
SUB-2151,S36,2025-08-13,,Screened,52,41-55,Male,Other,Not Reported,Overweight,Stage II,1,,
SUB-2152,S36,2026-04-15,2026-04-28,Withdrawn,37,18-40,Female,White,Not Hispanic or Latino,Overweight,Stage II,0,Placebo,Protocol Violation
SUB-2153,S36,2026-08-30,2026-09-20,Completed,82,65+,Male,Other,Not Reported,Normal,Stage IV,2,Dose Low,
SUB-2154,S36,2025-05-08,2025-05-28,On Treatment,26,18-40,Male,Not Reported,Not Hispanic or Latino,Normal,Stage III,0,Dose High,
SUB-2155,S36,2026-09-24,2026-09-27,On Treatment,76,65+,Female,White,Not Hispanic or Latino,Overweight,Stage II,2,Placebo,
SUB-2156,S36,2026-07-02,2026-07-06,On Treatment,20,18-40,Female,White,Not Hispanic or Latino,Normal,Stage III,1,Dose Low,
SUB-2157,S36,2025-06-19,2025-07-06,Completed,31,18-40,Female,Asian,Not Hispanic or Latino,Overweight,Stage II,1,Dose Low,
SUB-2158,S36,2025-05-03,2025-05-23,On Treatment,72,65+,Female,White,Hispanic or Latino,Normal,Stage II,2,Dose Low,
SUB-2159,S36,2026-08-22,2026-09-09,Withdrawn,78,65+,Female,White,Not Hispanic or Latino,Normal,Stage III,0,Placebo,Lost to Follow-up
SUB-2160,S36,2025-07-20,,Screen Failure,82,65+,Male,White,Not Hispanic or Latino,Overweight,Stage III,1,,
SUB-2161,S36,2026-08-24,2026-09-11,Withdrawn,27,18-40,Male,Asian,Not Hispanic or Latino,Normal,Stage IV,1,Dose Low,Lost to Follow-up
SUB-2162,S37,2026-05-17,2026-05-25,Withdrawn,49,41-55,Female,Black or African American,Not Hispanic or Latino,Overweight,Stage III,0,Dose High,Physician Decision
SUB-2163,S37,2025-09-22,2025-10-09,Withdrawn,45,41-55,Female,White,Not Hispanic or Latino,Normal,Stage III,1,Placebo,Consent Withdrawn
SUB-2164,S37,2025-03-04,,Screen Failure,54,41-55,Male,White,Not Reported,Obese,Stage IV,1,,
SUB-2165,S37,2025-02-16,2025-03-08,Withdrawn,60,56-65,Female,Asian,Hispanic or Latino,Overweight,Stage II,1,Dose Low,Consent Withdrawn
SUB-2166,S37,2025-12-18,2025-12-22,On Treatment,18,18-40,Female,Not Reported,Not Hispanic or Latino,Obese,Stage II,2,Dose Low,
SUB-2167,S37,2026-01-05,,Screen Failure,42,41-55,Female,White,Not Hispanic or Latino,Normal,Stage III,0,,
SUB-2168,S37,2026-06-02,,Screened,29,18-40,Male,White,Not Hispanic or Latino,Obese,Stage IV,1,,
SUB-2169,S37,2026-07-20,2026-08-04,On Treatment,38,18-40,Female,Black or African American,Hispanic or Latino,Overweight,Stage IV,2,Dose Low,
SUB-2170,S37,2026-07-24,2026-08-03,On Treatment,60,56-65,Male,Asian,Not Hispanic or Latino,Obese,Stage IV,1,Dose High,
SUB-2171,S37,2026-03-22,2026-03-29,Randomized,73,65+,Male,Other,Not Reported,Obese,Stage III,0,Dose High,
SUB-2172,S37,2025-06-04,2025-06-09,On Treatment,60,56-65,Male,White,Not Hispanic or Latino,Underweight,Stage III,1,Dose Low,
SUB-2173,S37,2025-06-27,2025-06-30,On Treatment,31,18-40,Female,Asian,Not Hispanic or Latino,Normal,Stage III,2,Placebo,
SUB-2174,S37,2025-04-09,2025-04-13,On Treatment,67,65+,Female,Black or African American,Not Reported,Normal,Stage III,0,Dose Low,
SUB-2175,S37,2025-07-03,2025-07-15,Completed,54,41-55,Male,White,Not Hispanic or Latino,Normal,Stage III,1,Placebo,
SUB-2176,S37,2025-12-24,2026-01-03,On Treatment,67,65+,Male,Not Reported,Not Hispanic or Latino,Obese,Stage III,1,Placebo,
SUB-2177,S37,2025-11-03,,Screen Failure,40,18-40,Male,Asian,Not Hispanic or Latino,Normal,Stage III,1,,
SUB-2178,S37,2026-07-15,2026-07-19,Randomized,26,18-40,Male,Not Reported,Not Hispanic or Latino,Overweight,Stage III,0,Placebo,
SUB-2179,S37,2025-12-13,,Screen Failure,36,18-40,Female,Asian,Not Hispanic or Latino,Normal,Stage IV,0,,
SUB-2180,S37,2026-06-18,2026-06-25,Randomized,55,41-55,Female,White,Not Hispanic or Latino,Obese,Stage IV,1,Placebo,
SUB-2181,S37,2025-12-16,2026-01-02,Withdrawn,48,41-55,Female,White,Not Hispanic or Latino,Normal,Stage III,2,Placebo,Adverse Event
SUB-2182,S37,2025-05-22,2025-05-25,Completed,65,56-65,Male,Black or African American,Not Hispanic or Latino,Normal,Stage II,2,Placebo,
SUB-2183,S37,2025-04-23,2025-05-01,Completed,59,56-65,Male,White,Not Hispanic or Latino,Obese,Stage IV,0,Dose Low,
SUB-2184,S37,2026-03-20,2026-03-23,On Treatment,43,41-55,Male,White,Not Hispanic or Latino,Overweight,Stage II,0,Dose High,
SUB-2185,S37,2026-05-12,2026-05-30,Completed,59,56-65,Female,White,Hispanic or Latino,Overweight,Stage IV,1,Dose Low,
SUB-2186,S37,2026-08-01,,Screen Failure,34,18-40,Male,Asian,Not Hispanic or Latino,Normal,Stage IV,1,,
SUB-2187,S37,2025-07-18,,Screen Failure,60,56-65,Male,White,Not Hispanic or Latino,Obese,Stage IV,1,,
SUB-2188,S37,2025-07-02,,Screen Failure,50,41-55,Male,White,Not Hispanic or Latino,Obese,Stage II,0,,
SUB-2189,S37,2025-06-07,2025-06-14,On Treatment,51,41-55,Male,White,Not Hispanic or Latino,Overweight,Stage III,0,Dose Low,
SUB-2190,S37,2025-09-28,2025-10-19,Completed,74,65+,Male,White,Not Hispanic or Latino,Normal,Stage IV,0,Dose Low,
SUB-2191,S37,2025-02-14,2025-02-21,Withdrawn,55,41-55,Female,Black or African American,Not Reported,Overweight,Stage IV,0,Dose High,Physician Decision
SUB-2192,S37,2025-08-13,2025-08-16,On Treatment,78,65+,Male,White,Not Hispanic or Latino,Obese,Stage III,1,Placebo,
SUB-2193,S37,2026-01-19,2026-02-05,On Treatment,58,56-65,Female,Asian,Not Hispanic or Latino,Obese,Stage IV,1,Placebo,
SUB-2194,S37,2026-06-21,2026-07-08,Completed,25,18-40,Female,White,Not Hispanic or Latino,Overweight,Stage IV,1,Dose High,
SUB-2195,S37,2025-09-23,2025-10-11,On Treatment,54,41-55,Male,Not Reported,Not Hispanic or Latino,Normal,Stage III,1,Dose High,
SUB-2196,S37,2026-04-11,2026-04-20,On Treatment,35,18-40,Female,Asian,Not Hispanic or Latino,Obese,Stage IV,1,Dose High,
SUB-2197,S37,2026-06-01,2026-06-22,On Treatment,56,56-65,Female,White,Not Hispanic or Latino,Obese,Stage III,0,Placebo,
SUB-2198,S37,2025-10-24,2025-10-29,Withdrawn,79,65+,Female,White,Not Hispanic or Latino,Overweight,Stage III,3,Placebo,Adverse Event
SUB-2199,S37,2026-07-31,,Screen Failure,40,18-40,Male,Black or African American,Not Hispanic or Latino,Normal,Stage III,0,,
SUB-2200,S37,2026-07-30,2026-08-02,On Treatment,25,18-40,Male,Other,Not Hispanic or Latino,Obese,Stage II,0,Dose High,
SUB-2201,S37,2025-06-30,2025-07-15,On Treatment,38,18-40,Female,Not Reported,Not Hispanic or Latino,Overweight,Stage IV,1,Dose Low,
SUB-2202,S37,2025-11-27,2025-12-16,On Treatment,34,18-40,Female,White,Hispanic or Latino,Overweight,Stage II,0,Dose High,
SUB-2203,S37,2026-04-25,2026-05-16,On Treatment,54,41-55,Female,White,Not Hispanic or Latino,Obese,Stage IV,0,Dose Low,
SUB-2204,S37,2026-04-25,2026-05-16,On Treatment,45,41-55,Male,White,Not Reported,Overweight,Stage III,0,Placebo,
SUB-2205,S37,2026-03-16,,Screen Failure,74,65+,Female,Black or African American,Not Hispanic or Latino,Normal,Stage III,1,,
SUB-2206,S37,2025-08-13,2025-08-20,Completed,81,65+,Male,White,Not Hispanic or Latino,Normal,Stage III,0,Dose High,
SUB-2207,S37,2025-06-02,2025-06-08,Randomized,73,65+,Male,White,Not Hispanic or Latino,Obese,Stage II,0,Dose Low,
SUB-2208,S37,2025-06-25,,Screen Failure,36,18-40,Male,White,Not Hispanic or Latino,Obese,Stage II,0,,
SUB-2209,S37,2026-01-17,2026-02-05,On Treatment,67,65+,Female,White,Not Hispanic or Latino,Normal,Stage II,0,Placebo,
SUB-2210,S37,2026-02-06,2026-02-17,On Treatment,53,41-55,Male,Black or African American,Not Hispanic or Latino,Normal,Stage IV,3,Dose Low,
SUB-2211,S37,2025-10-21,2025-10-30,Completed,77,65+,Female,White,Not Hispanic or Latino,Overweight,Stage III,1,Dose Low,
SUB-2212,S37,2026-03-04,2026-03-20,Randomized,25,18-40,Female,White,Not Hispanic or Latino,Overweight,Stage IV,1,Placebo,
SUB-2213,S37,2025-05-01,2025-05-06,Randomized,81,65+,Female,Asian,Hispanic or Latino,Obese,Stage II,1,Placebo,
SUB-2214,S37,2025-07-14,2025-07-25,Randomized,25,18-40,Female,White,Not Reported,Obese,Stage IV,2,Placebo,
SUB-2215,S37,2026-05-06,2026-05-11,On Treatment,54,41-55,Male,White,Not Hispanic or Latino,Overweight,Stage II,1,Dose High,
SUB-2216,S37,2025-03-15,2025-03-21,On Treatment,46,41-55,Female,White,Not Hispanic or Latino,Normal,Stage II,1,Dose Low,
SUB-2217,S37,2025-10-03,,Screen Failure,30,18-40,Male,White,Not Hispanic or Latino,Normal,Stage III,0,,
SUB-2218,S37,2026-04-19,2026-04-22,On Treatment,38,18-40,Female,Other,Not Hispanic or Latino,Normal,Stage II,0,Dose Low,
SUB-2219,S37,2025-04-05,,Screen Failure,58,56-65,Male,Black or African American,Hispanic or Latino,Obese,Stage II,1,,
SUB-2220,S37,2025-06-23,2025-07-03,On Treatment,42,41-55,Female,Black or African American,Hispanic or Latino,Overweight,Stage IV,0,Dose High,
SUB-2221,S37,2026-04-26,2026-05-03,Completed,26,18-40,Male,White,Not Hispanic or Latino,Overweight,Stage IV,1,Placebo,
SUB-2222,S38,2025-10-08,2025-10-24,Randomized,43,41-55,Female,Asian,Not Hispanic or Latino,Overweight,Stage IV,0,Dose High,
SUB-2223,S38,2026-04-18,2026-04-26,On Treatment,78,65+,Male,White,Hispanic or Latino,Normal,Stage II,3,Placebo,
SUB-2224,S38,2026-03-18,2026-03-25,On Treatment,19,18-40,Female,White,Not Hispanic or Latino,Overweight,Stage IV,0,Placebo,
SUB-2225,S38,2025-07-06,2025-07-13,Withdrawn,22,18-40,Female,White,Not Hispanic or Latino,Obese,Stage III,3,Dose Low,Lost to Follow-up
SUB-2226,S38,2026-02-09,2026-02-13,On Treatment,77,65+,Female,White,Hispanic or Latino,Overweight,Stage III,0,Dose High,
SUB-2227,S38,2026-07-11,2026-07-26,On Treatment,27,18-40,Male,Asian,Not Hispanic or Latino,Normal,Stage II,1,Dose Low,
SUB-2228,S38,2026-06-13,2026-06-30,Completed,69,65+,Female,White,Not Hispanic or Latino,Normal,Stage IV,1,Dose High,
SUB-2229,S38,2025-08-20,,Screen Failure,71,65+,Male,White,Not Hispanic or Latino,Overweight,Stage III,0,,
SUB-2230,S38,2025-09-12,,Screen Failure,29,18-40,Male,Other,Not Hispanic or Latino,Normal,Stage IV,1,,
SUB-2231,S38,2025-11-01,2025-11-08,Withdrawn,38,18-40,Female,Asian,Not Hispanic or Latino,Overweight,Stage III,0,Dose High,Lost to Follow-up
SUB-2232,S38,2026-04-26,2026-05-13,Withdrawn,46,41-55,Female,White,Not Hispanic or Latino,Overweight,Stage II,1,Dose High,Adverse Event
SUB-2233,S38,2025-06-06,,Screen Failure,58,56-65,Female,Asian,Hispanic or Latino,Normal,Stage III,0,,
SUB-2234,S38,2025-09-05,2025-09-09,On Treatment,18,18-40,Female,White,Not Hispanic or Latino,Normal,Stage III,0,Placebo,
SUB-2235,S38,2025-06-06,2025-06-20,Withdrawn,50,41-55,Male,White,Not Reported,Normal,Stage IV,1,Dose High,Lost to Follow-up
SUB-2236,S38,2025-09-16,2025-09-23,On Treatment,52,41-55,Female,Other,Not Hispanic or Latino,Obese,Stage III,1,Dose Low,
SUB-2237,S38,2026-05-02,2026-05-22,On Treatment,34,18-40,Male,White,Not Hispanic or Latino,Normal,Stage IV,1,Dose High,
SUB-2238,S38,2026-05-26,,Screen Failure,21,18-40,Female,White,Not Hispanic or Latino,Overweight,Stage IV,0,,
SUB-2239,S38,2025-08-30,,Screen Failure,66,65+,Female,White,Not Hispanic or Latino,Normal,Stage IV,2,,
SUB-2240,S38,2026-01-18,2026-02-07,On Treatment,57,56-65,Male,Asian,Not Hispanic or Latino,Normal,Stage IV,2,Placebo,
SUB-2241,S38,2025-12-11,,Screen Failure,22,18-40,Female,Black or African American,Not Hispanic or Latino,Underweight,Stage III,0,,
SUB-2242,S38,2026-05-12,2026-05-30,Completed,53,41-55,Female,White,Not Hispanic or Latino,Normal,Stage III,1,Dose Low,
SUB-2243,S38,2025-01-19,2025-02-09,On Treatment,77,65+,Female,White,Not Hispanic or Latino,Underweight,Stage II,0,Dose High,
SUB-2244,S38,2025-07-05,,Screen Failure,21,18-40,Female,Black or African American,Not Reported,Overweight,Stage IV,0,,
SUB-2245,S38,2025-02-11,,Screen Failure,79,65+,Female,Not Reported,Not Hispanic or Latino,Normal,Stage III,1,,
SUB-2246,S38,2025-10-10,2025-10-31,Completed,45,41-55,Male,White,Not Hispanic or Latino,Normal,Stage II,1,Dose Low,
SUB-2247,S38,2026-04-07,2026-04-22,Completed,37,18-40,Female,Other,Not Hispanic or Latino,Overweight,Stage IV,3,Dose Low,
SUB-2248,S38,2026-05-09,2026-05-12,Completed,36,18-40,Female,Other,Hispanic or Latino,Obese,Stage III,0,Placebo,
SUB-2249,S38,2025-10-08,2025-10-19,Completed,49,41-55,Male,White,Not Hispanic or Latino,Normal,Stage III,0,Dose Low,
SUB-2250,S38,2025-12-28,,Screen Failure,66,65+,Female,White,Not Hispanic or Latino,Overweight,Stage II,2,,
SUB-2251,S38,2025-02-14,2025-03-01,On Treatment,77,65+,Male,White,Not Hispanic or Latino,Overweight,Stage IV,1,Dose Low,
SUB-2252,S38,2026-03-10,2026-03-22,On Treatment,60,56-65,Male,White,Hispanic or Latino,Obese,Stage II,1,Dose Low,
SUB-2253,S38,2025-12-10,2025-12-15,Completed,18,18-40,Male,Asian,Not Hispanic or Latino,Normal,Stage III,0,Dose Low,
SUB-2254,S38,2025-05-16,,Screen Failure,46,41-55,Female,Asian,Not Hispanic or Latino,Overweight,Stage II,1,,
SUB-2255,S38,2025-04-11,2025-04-27,Withdrawn,32,18-40,Male,White,Not Hispanic or Latino,Normal,Stage III,3,Dose Low,Adverse Event
SUB-2256,S38,2025-05-28,2025-06-08,Completed,27,18-40,Female,Asian,Not Hispanic or Latino,Normal,Stage IV,0,Placebo,
SUB-2257,S38,2025-09-17,2025-09-22,Completed,63,56-65,Female,Asian,Not Hispanic or Latino,Normal,Stage II,2,Dose Low,
SUB-2258,S38,2025-04-26,2025-05-04,On Treatment,20,18-40,Female,White,Not Reported,Overweight,Stage II,2,Placebo,
SUB-2259,S38,2025-04-24,2025-05-12,On Treatment,56,56-65,Male,Other,Not Hispanic or Latino,Obese,Stage IV,2,Dose Low,
SUB-2260,S38,2025-08-22,2025-08-26,Withdrawn,40,18-40,Female,Black or African American,Not Hispanic or Latino,Obese,Stage II,1,Dose High,Consent Withdrawn
SUB-2261,S38,2026-05-11,2026-05-23,On Treatment,35,18-40,Male,White,Not Hispanic or Latino,Normal,Stage III,0,Dose High,
SUB-2262,S38,2025-07-14,2025-08-04,Completed,24,18-40,Female,Black or African American,Not Hispanic or Latino,Overweight,Stage II,0,Placebo,
SUB-2263,S38,2026-02-09,2026-02-13,On Treatment,26,18-40,Female,Asian,Not Hispanic or Latino,Normal,Stage IV,3,Dose High,
SUB-2264,S38,2025-03-01,2025-03-09,On Treatment,29,18-40,Female,White,Not Hispanic or Latino,Obese,Stage II,1,Placebo,
SUB-2265,S38,2025-12-07,2025-12-15,On Treatment,73,65+,Female,White,Not Hispanic or Latino,Obese,Stage IV,0,Dose Low,
SUB-2266,S38,2025-09-15,2025-09-22,Completed,60,56-65,Female,White,Not Hispanic or Latino,Obese,Stage III,0,Dose Low,
SUB-2267,S38,2025-11-17,,Screen Failure,49,41-55,Female,Black or African American,Not Reported,Normal,Stage IV,0,,
SUB-2268,S38,2026-01-12,2026-01-21,On Treatment,65,56-65,Female,White,Not Hispanic or Latino,Obese,Stage III,1,Placebo,
SUB-2269,S38,2025-01-20,2025-02-06,On Treatment,40,18-40,Female,White,Not Hispanic or Latino,Normal,Stage II,2,Placebo,
SUB-2270,S38,2026-07-17,2026-07-26,On Treatment,62,56-65,Female,Asian,Not Reported,Obese,Stage IV,2,Dose High,
SUB-2271,S38,2025-08-30,2025-09-09,Withdrawn,39,18-40,Male,White,Not Hispanic or Latino,Normal,Stage III,2,Placebo,Adverse Event
SUB-2272,S38,2025-05-03,2025-05-07,Withdrawn,43,41-55,Male,Black or African American,Not Hispanic or Latino,Normal,Stage IV,3,Dose High,Lost to Follow-up
SUB-2273,S38,2025-12-12,,Screen Failure,48,41-55,Female,White,Not Hispanic or Latino,Overweight,Stage II,0,,
SUB-2274,S39,2026-08-01,2026-08-19,Withdrawn,20,18-40,Female,White,Not Hispanic or Latino,Overweight,Stage II,3,Dose Low,Lost to Follow-up
SUB-2275,S39,2026-02-08,,Screen Failure,82,65+,Female,Not Reported,Hispanic or Latino,Overweight,Stage III,3,,
SUB-2276,S39,2025-06-06,2025-06-25,On Treatment,49,41-55,Female,White,Not Hispanic or Latino,Overweight,Stage II,1,Placebo,
SUB-2277,S39,2025-12-02,2025-12-08,On Treatment,20,18-40,Male,White,Not Hispanic or Latino,Normal,Stage IV,0,Placebo,
SUB-2278,S39,2025-06-16,2025-06-27,On Treatment,66,65+,Female,White,Not Hispanic or Latino,Overweight,Stage IV,2,Dose Low,
SUB-2279,S39,2026-01-21,2026-02-05,Randomized,44,41-55,Female,Black or African American,Not Hispanic or Latino,Normal,Stage II,1,Dose Low,
SUB-2280,S39,2025-07-29,,Screen Failure,45,41-55,Male,Other,Not Hispanic or Latino,Normal,Stage III,0,,
SUB-2281,S39,2025-07-12,,Screen Failure,76,65+,Female,White,Not Hispanic or Latino,Obese,Stage IV,0,,
SUB-2282,S39,2025-06-29,2025-07-14,On Treatment,59,56-65,Male,Asian,Not Hispanic or Latino,Underweight,Stage II,0,Dose Low,
SUB-2283,S39,2026-09-06,,Screen Failure,56,56-65,Female,White,Hispanic or Latino,Obese,Stage III,1,,
SUB-2284,S39,2025-12-24,,Screen Failure,30,18-40,Female,White,Not Hispanic or Latino,Underweight,Stage III,1,,
SUB-2285,S39,2025-10-20,2025-10-27,On Treatment,52,41-55,Female,White,Not Hispanic or Latino,Normal,Stage III,3,Dose Low,
SUB-2286,S39,2025-09-30,,Screen Failure,34,18-40,Female,White,Hispanic or Latino,Normal,Stage IV,0,,
SUB-2287,S39,2025-06-19,,Screen Failure,49,41-55,Female,Asian,Not Hispanic or Latino,Obese,Stage III,2,,
SUB-2288,S39,2025-04-19,,Screen Failure,27,18-40,Male,White,Hispanic or Latino,Normal,Stage II,1,,
SUB-2289,S39,2026-02-18,2026-03-02,On Treatment,62,56-65,Male,Black or African American,Hispanic or Latino,Normal,Stage IV,0,Dose High,
SUB-2290,S39,2025-10-17,2025-10-30,On Treatment,20,18-40,Female,White,Hispanic or Latino,Normal,Stage IV,0,Dose Low,
SUB-2291,S39,2026-02-06,2026-02-10,On Treatment,24,18-40,Female,White,Not Hispanic or Latino,Normal,Stage IV,0,Dose Low,
SUB-2292,S39,2025-10-04,2025-10-13,Randomized,32,18-40,Female,White,Not Hispanic or Latino,Obese,Stage IV,1,Dose High,
SUB-2293,S39,2026-04-25,2026-05-05,Withdrawn,77,65+,Male,White,Not Hispanic or Latino,Normal,Stage IV,0,Dose Low,Protocol Violation
SUB-2294,S39,2026-08-25,2026-09-07,On Treatment,52,41-55,Male,White,Not Hispanic or Latino,Normal,Stage II,0,Placebo,
SUB-2295,S39,2026-06-11,,Screen Failure,77,65+,Male,White,Not Hispanic or Latino,Normal,Stage II,1,,
SUB-2296,S39,2026-05-21,2026-05-24,Completed,46,41-55,Male,White,Not Hispanic or Latino,Normal,Stage II,3,Dose Low,
SUB-2297,S39,2026-09-15,2026-09-21,On Treatment,57,56-65,Male,White,Not Hispanic or Latino,Normal,Stage III,0,Dose High,
SUB-2298,S39,2026-06-20,,Screen Failure,35,18-40,Male,White,Not Hispanic or Latino,Obese,Stage II,2,,
SUB-2299,S39,2026-02-26,2026-03-18,On Treatment,69,65+,Male,Asian,Hispanic or Latino,Overweight,Stage IV,1,Placebo,
SUB-2300,S39,2026-08-19,2026-08-27,Randomized,46,41-55,Female,Other,Not Hispanic or Latino,Normal,Stage IV,0,Placebo,
SUB-2301,S39,2026-02-13,2026-02-23,On Treatment,68,65+,Male,White,Not Hispanic or Latino,Obese,Stage III,1,Dose Low,
SUB-2302,S39,2026-01-27,2026-02-03,On Treatment,31,18-40,Male,Asian,Not Hispanic or Latino,Obese,Stage III,0,Dose Low,
SUB-2303,S39,2025-12-03,,Screen Failure,75,65+,Female,Other,Hispanic or Latino,Normal,Stage III,1,,
SUB-2304,S39,2026-03-23,2026-04-07,On Treatment,54,41-55,Female,Black or African American,Not Hispanic or Latino,Normal,Stage IV,2,Dose High,
SUB-2305,S39,2026-06-04,2026-06-25,Withdrawn,69,65+,Female,Asian,Not Hispanic or Latino,Overweight,Stage III,0,Dose High,Physician Decision
SUB-2306,S39,2026-07-17,,Screen Failure,47,41-55,Female,Black or African American,Not Hispanic or Latino,Obese,Stage III,1,,
SUB-2307,S39,2026-09-03,2026-09-24,On Treatment,22,18-40,Male,White,Not Hispanic or Latino,Normal,Stage II,0,Placebo,
SUB-2308,S39,2025-12-15,2025-12-20,On Treatment,32,18-40,Male,White,Not Hispanic or Latino,Obese,Stage II,0,Placebo,
SUB-2309,S39,2025-10-16,2025-10-23,Completed,78,65+,Female,White,Not Hispanic or Latino,Overweight,Stage III,0,Placebo,
SUB-2310,S39,2025-07-19,2025-07-22,Completed,75,65+,Male,White,Not Hispanic or Latino,Obese,Stage II,1,Placebo,
SUB-2311,S39,2026-02-06,2026-02-18,On Treatment,22,18-40,Male,Asian,Not Hispanic or Latino,Normal,Stage IV,1,Placebo,
SUB-2312,S39,2025-09-26,,Screen Failure,78,65+,Female,White,Not Hispanic or Latino,Normal,Stage II,1,,
SUB-2313,S39,2026-04-28,2026-05-07,On Treatment,72,65+,Male,White,Not Hispanic or Latino,Overweight,Stage IV,0,Dose Low,
SUB-2314,S39,2025-12-06,2025-12-19,On Treatment,20,18-40,Female,White,Not Hispanic or Latino,Normal,Stage III,0,Placebo,
SUB-2315,S39,2026-03-29,2026-04-07,On Treatment,80,65+,Male,White,Not Hispanic or Latino,Normal,Stage III,3,Placebo,
SUB-2316,S39,2025-08-04,2025-08-23,On Treatment,55,41-55,Male,Black or African American,Not Hispanic or Latino,Normal,Stage III,2,Dose High,
SUB-2317,S39,2025-05-19,,Screened,50,41-55,Male,Not Reported,Not Hispanic or Latino,Normal,Stage III,2,,
SUB-2318,S39,2026-03-11,2026-03-24,On Treatment,55,41-55,Male,Black or African American,Not Hispanic or Latino,Overweight,Stage II,0,Placebo,
SUB-2319,S39,2025-06-17,2025-07-05,On Treatment,74,65+,Female,Asian,Not Hispanic or Latino,Overweight,Stage III,1,Dose Low,
SUB-2320,S39,2025-11-07,2025-11-22,Withdrawn,82,65+,Male,White,Not Hispanic or Latino,Obese,Stage II,1,Dose Low,Consent Withdrawn
SUB-2321,S39,2025-06-24,2025-07-07,On Treatment,46,41-55,Male,White,Not Hispanic or Latino,Normal,Stage IV,1,Dose High,
SUB-2322,S39,2025-06-23,2025-07-02,On Treatment,39,18-40,Female,White,Not Hispanic or Latino,Overweight,Stage II,1,Dose High,
SUB-2323,S39,2025-08-18,2025-08-28,Completed,37,18-40,Male,White,Not Hispanic or Latino,Normal,Stage II,2,Dose Low,
SUB-2324,S39,2025-10-17,,Screen Failure,19,18-40,Female,Black or African American,Not Hispanic or Latino,Obese,Stage III,0,,
SUB-2325,S39,2026-07-17,,Screen Failure,48,41-55,Male,White,Not Hispanic or Latino,Normal,Stage III,0,,
SUB-2326,S39,2026-06-18,,Screen Failure,68,65+,Female,Asian,Not Hispanic or Latino,Obese,Stage III,2,,
SUB-2327,S40,2026-09-05,,Screen Failure,63,56-65,Male,White,Not Reported,Normal,Stage III,0,,
SUB-2328,S40,2026-01-31,,Screen Failure,28,18-40,Female,White,Not Hispanic or Latino,Obese,Stage II,1,,
SUB-2329,S40,2026-08-10,2026-08-15,On Treatment,34,18-40,Male,White,Not Hispanic or Latino,Normal,Stage IV,1,Placebo,
SUB-2330,S40,2025-08-09,2025-08-22,On Treatment,64,56-65,Female,Asian,Not Hispanic or Latino,Obese,Stage III,0,Dose High,
SUB-2331,S40,2026-05-19,2026-06-09,Completed,67,65+,Male,Asian,Not Hispanic or Latino,Overweight,Stage II,1,Placebo,
SUB-2332,S40,2025-07-20,2025-08-09,Randomized,50,41-55,Male,Asian,Not Hispanic or Latino,Overweight,Stage II,0,Dose High,
SUB-2333,S40,2026-02-21,,Screen Failure,40,18-40,Male,White,Not Hispanic or Latino,Overweight,Stage III,0,,
SUB-2334,S40,2026-09-20,2026-09-24,Withdrawn,31,18-40,Female,Black or African American,Not Hispanic or Latino,Obese,Stage III,2,Dose Low,Protocol Violation
SUB-2335,S40,2026-09-15,2026-09-29,Completed,19,18-40,Female,White,Not Hispanic or Latino,Normal,Stage II,2,Dose Low,
SUB-2336,S40,2026-02-19,,Screen Failure,42,41-55,Female,Asian,Not Hispanic or Latino,Overweight,Stage II,3,,
SUB-2337,S40,2025-08-09,2025-08-25,Randomized,65,56-65,Male,Not Reported,Not Hispanic or Latino,Obese,Stage IV,1,Placebo,
SUB-2338,S40,2026-06-06,2026-06-17,Randomized,77,65+,Male,White,Not Hispanic or Latino,Overweight,Stage IV,0,Dose High,
SUB-2339,S40,2026-06-26,2026-07-03,On Treatment,72,65+,Female,White,Not Hispanic or Latino,Normal,Stage III,0,Dose High,
SUB-2340,S40,2026-08-23,2026-09-01,On Treatment,50,41-55,Female,Black or African American,Hispanic or Latino,Normal,Stage III,0,Dose High,
SUB-2341,S40,2025-09-21,2025-10-12,Completed,56,56-65,Male,White,Not Hispanic or Latino,Overweight,Stage II,0,Dose Low,
SUB-2342,S40,2026-02-24,2026-03-08,On Treatment,21,18-40,Male,Not Reported,Not Hispanic or Latino,Normal,Stage III,1,Dose Low,
SUB-2343,S40,2026-05-03,,Screen Failure,60,56-65,Female,White,Not Hispanic or Latino,Normal,Stage III,1,,
SUB-2344,S40,2026-01-16,2026-01-25,On Treatment,38,18-40,Male,White,Not Hispanic or Latino,Overweight,Stage II,2,Placebo,
SUB-2345,S40,2025-11-11,2025-12-01,On Treatment,42,41-55,Female,Asian,Not Hispanic or Latino,Overweight,Stage IV,0,Dose High,
SUB-2346,S40,2026-01-10,2026-01-21,Completed,31,18-40,Female,White,Not Hispanic or Latino,Obese,Stage IV,0,Dose Low,
SUB-2347,S40,2026-05-31,,Screen Failure,29,18-40,Male,Other,Hispanic or Latino,Overweight,Stage III,0,,
SUB-2348,S40,2025-12-06,2025-12-21,Completed,55,41-55,Male,White,Not Hispanic or Latino,Obese,Stage IV,0,Dose High,
SUB-2349,S40,2026-01-25,2026-02-09,Withdrawn,69,65+,Female,White,Hispanic or Latino,Overweight,Stage II,0,Placebo,Physician Decision
SUB-2350,S40,2026-04-01,2026-04-08,On Treatment,66,65+,Female,Other,Not Hispanic or Latino,Overweight,Stage III,1,Dose Low,
SUB-2351,S40,2026-01-10,2026-01-13,Withdrawn,76,65+,Male,White,Not Hispanic or Latino,Obese,Stage III,2,Placebo,Physician Decision
SUB-2352,S40,2026-04-10,2026-04-22,On Treatment,33,18-40,Female,White,Not Hispanic or Latino,Normal,Stage IV,2,Dose Low,
SUB-2353,S40,2026-05-17,2026-05-31,On Treatment,67,65+,Female,White,Not Hispanic or Latino,Overweight,Stage II,1,Placebo,
SUB-2354,S40,2026-08-27,2026-09-10,On Treatment,71,65+,Female,Black or African American,Not Hispanic or Latino,Obese,Stage II,3,Dose Low,
SUB-2355,S40,2025-07-26,2025-08-16,On Treatment,68,65+,Male,White,Not Hispanic or Latino,Normal,Stage III,2,Placebo,
SUB-2356,S40,2026-08-16,2026-08-19,On Treatment,53,41-55,Female,White,Not Hispanic or Latino,Normal,Stage IV,1,Dose Low,
SUB-2357,S40,2026-07-20,2026-08-04,On Treatment,49,41-55,Male,White,Not Hispanic or Latino,Underweight,Stage IV,0,Dose Low,
SUB-2358,S40,2025-06-24,2025-06-28,Randomized,55,41-55,Male,Not Reported,Not Reported,Overweight,Stage III,0,Placebo,
SUB-2359,S40,2026-09-13,2026-09-27,On Treatment,32,18-40,Male,White,Not Hispanic or Latino,Overweight,Stage IV,0,Dose Low,
SUB-2360,S40,2026-01-08,2026-01-29,On Treatment,28,18-40,Male,White,Not Hispanic or Latino,Normal,Stage IV,2,Dose Low,
SUB-2361,S40,2026-08-31,,Screen Failure,18,18-40,Male,White,Not Hispanic or Latino,Normal,Stage IV,3,,
SUB-2362,S40,2025-09-14,2025-10-03,Withdrawn,29,18-40,Male,Other,Not Hispanic or Latino,Obese,Stage II,1,Dose High,Physician Decision
SUB-2363,S40,2026-02-08,2026-02-13,On Treatment,79,65+,Female,White,Not Hispanic or Latino,Normal,Stage II,2,Dose High,
SUB-2364,S40,2026-05-27,2026-06-12,Randomized,69,65+,Male,White,Not Hispanic or Latino,Obese,Stage IV,1,Dose Low,
SUB-2365,S40,2025-12-23,,Screened,59,56-65,Female,White,Hispanic or Latino,Overweight,Stage II,0,,
SUB-2366,S40,2025-07-29,2025-08-15,Randomized,19,18-40,Male,White,Not Hispanic or Latino,Obese,Stage II,1,Dose High,
SUB-2367,S40,2026-09-07,2026-09-10,Completed,43,41-55,Male,White,Not Hispanic or Latino,Underweight,Stage IV,3,Dose Low,
SUB-2368,S40,2025-11-14,2025-11-26,Withdrawn,33,18-40,Female,Not Reported,Not Reported,Obese,Stage IV,3,Dose High,Physician Decision
SUB-2369,S40,2026-08-13,2026-08-28,On Treatment,76,65+,Male,White,Not Hispanic or Latino,Normal,Stage III,0,Dose High,
SUB-2370,S40,2025-09-27,2025-10-04,On Treatment,39,18-40,Male,White,Hispanic or Latino,Normal,Stage IV,0,Dose High,
SUB-2371,S40,2025-09-22,2025-09-28,Randomized,81,65+,Male,Black or African American,Hispanic or Latino,Overweight,Stage III,0,Dose Low,
SUB-2372,S40,2025-10-05,2025-10-24,Withdrawn,25,18-40,Male,White,Not Hispanic or Latino,Obese,Stage III,3,Dose Low,Adverse Event
SUB-2373,S40,2025-12-20,2025-12-27,Withdrawn,33,18-40,Male,White,Not Hispanic or Latino,Obese,Stage III,3,Dose High,Physician Decision
SUB-2374,S40,2026-01-27,,Screen Failure,26,18-40,Female,White,Not Hispanic or Latino,Obese,Stage II,0,,
SUB-2375,S40,2026-09-15,2026-09-21,On Treatment,66,65+,Female,White,Not Reported,Obese,Stage II,1,Dose Low,
SUB-2376,S40,2025-10-28,2025-11-16,Completed,63,56-65,Female,White,Not Hispanic or Latino,Overweight,Stage IV,0,Placebo,
SUB-2377,S40,2025-12-25,2026-01-04,On Treatment,27,18-40,Male,Other,Hispanic or Latino,Overweight,Stage II,1,Placebo,
SUB-2378,S40,2026-04-16,2026-05-03,Withdrawn,41,41-55,Male,White,Not Hispanic or Latino,Normal,Stage II,0,Dose High,Adverse Event
SUB-2379,S40,2026-08-07,2026-08-13,Completed,78,65+,Female,White,Not Hispanic or Latino,Normal,Stage III,1,Dose High,
SUB-2380,S40,2026-08-19,2026-08-28,On Treatment,78,65+,Female,White,Not Reported,Obese,Stage IV,3,Dose High,
SUB-2381,S40,2026-08-12,,Screen Failure,43,41-55,Female,Asian,Not Hispanic or Latino,Underweight,Stage II,0,,
SUB-2382,S40,2026-08-25,2026-09-07,Completed,78,65+,Female,Asian,Not Hispanic or Latino,Normal,Stage II,3,Dose High,
SUB-2383,S40,2026-06-03,2026-06-07,On Treatment,51,41-55,Female,White,Not Hispanic or Latino,Overweight,Stage II,0,Dose Low,
SUB-2384,S40,2025-08-07,2025-08-24,Withdrawn,30,18-40,Male,White,Not Hispanic or Latino,Normal,Stage III,0,Placebo,Physician Decision
SUB-2385,S40,2026-07-25,2026-08-01,On Treatment,29,18-40,Male,Other,Not Hispanic or Latino,Overweight,Stage II,1,Dose Low,
SUB-2386,S40,2025-07-29,2025-08-12,Withdrawn,30,18-40,Female,White,Not Hispanic or Latino,Obese,Stage IV,0,Dose Low,Protocol Violation
SUB-2387,S40,2026-08-24,2026-09-11,On Treatment,20,18-40,Male,White,Not Reported,Overweight,Stage II,1,Dose Low,
SUB-2388,S40,2026-04-01,2026-04-21,On Treatment,75,65+,Female,White,Not Hispanic or Latino,Overweight,Stage IV,1,Placebo,
SUB-2389,S40,2026-08-22,2026-09-03,On Treatment,74,65+,Female,White,Not Reported,Normal,Stage II,0,Dose Low,
SUB-2390,S40,2026-04-01,2026-04-20,On Treatment,76,65+,Male,White,Not Hispanic or Latino,Obese,Stage III,2,Dose High,
